<?xml version="1.0" encoding="UTF-8"?>
<gpx creator="StravaGPX" version="1.1" xmlns="http://www.topografix.com/GPX/1/1" xmlns:xsi="http://www.w3.org/2001/XMLSchema-instance" xsi:schemaLocation="http://www.topografix.com/GPX/1/1 http://www.topografix.com/GPX/1/1/gpx.xsd">
 <metadata>
  <name>Hincapie Loop from Pals</name>
  <author>
   <name>Carl Gort</name>
   <link href="https://www.strava.com/athletes/22107721"/>
  </author>
  <copyright author="OpenStreetMap contributors">
   <year>2020</year>
   <license>https://www.openstreetmap.org/copyright</license>
  </copyright>
  <link href="https://www.strava.com/routes/3520451359917411698"/>
 </metadata>
 <trk>
  <name>Hincapie Loop from Pals</name>
  <link href="https://www.strava.com/routes/3520451359917411698"/>
  <type>cycling</type>
  <trkseg>
   <trkpt lat="41.969860000000004" lon="3.1715000000000004">
    <ele>83.32000000000001</ele>
   </trkpt>
   <trkpt lat="41.96983" lon="3.17097">
    <ele>84.64</ele>
   </trkpt>
   <trkpt lat="41.96988" lon="3.1706900000000005">
    <ele>85.38000000000001</ele>
   </trkpt>
   <trkpt lat="41.970000000000006" lon="3.1702600000000003">
    <ele>86.59</ele>
   </trkpt>
   <trkpt lat="41.97001" lon="3.1701400000000004">
    <ele>86.36</ele>
   </trkpt>
   <trkpt lat="41.969480000000004" lon="3.1699900000000003">
    <ele>82.85000000000001</ele>
   </trkpt>
   <trkpt lat="41.969370000000005" lon="3.1699300000000004">
    <ele>82.07000000000001</ele>
   </trkpt>
   <trkpt lat="41.969080000000005" lon="3.1696400000000002">
    <ele>79.03</ele>
   </trkpt>
   <trkpt lat="41.96857000000001" lon="3.16949">
    <ele>76.01</ele>
   </trkpt>
   <trkpt lat="41.968430000000005" lon="3.16941">
    <ele>73.82000000000001</ele>
   </trkpt>
   <trkpt lat="41.96837" lon="3.16934">
    <ele>73.82000000000001</ele>
   </trkpt>
   <trkpt lat="41.968320000000006" lon="3.1692500000000003">
    <ele>71.97</ele>
   </trkpt>
   <trkpt lat="41.968270000000004" lon="3.1690300000000002">
    <ele>71.97</ele>
   </trkpt>
   <trkpt lat="41.968120000000006" lon="3.1688400000000003">
    <ele>66.73</ele>
   </trkpt>
   <trkpt lat="41.96786" lon="3.1684400000000004">
    <ele>62.88</ele>
   </trkpt>
   <trkpt lat="41.967850000000006" lon="3.16834">
    <ele>62.88</ele>
   </trkpt>
   <trkpt lat="41.968" lon="3.16799">
    <ele>59.81</ele>
   </trkpt>
   <trkpt lat="41.96828" lon="3.1676300000000004">
    <ele>58.45</ele>
   </trkpt>
   <trkpt lat="41.968360000000004" lon="3.1675600000000004">
    <ele>58.64</ele>
   </trkpt>
   <trkpt lat="41.968500000000006" lon="3.1675700000000004">
    <ele>59.940000000000005</ele>
   </trkpt>
   <trkpt lat="41.968610000000005" lon="3.1676100000000003">
    <ele>60.83</ele>
   </trkpt>
   <trkpt lat="41.968680000000006" lon="3.16758">
    <ele>61.68000000000001</ele>
   </trkpt>
   <trkpt lat="41.968700000000005" lon="3.1675000000000004">
    <ele>61.4</ele>
   </trkpt>
   <trkpt lat="41.96869" lon="3.16718">
    <ele>60.79</ele>
   </trkpt>
   <trkpt lat="41.968740000000004" lon="3.16685">
    <ele>59.27</ele>
   </trkpt>
   <trkpt lat="41.96885" lon="3.16658">
    <ele>58.760000000000005</ele>
   </trkpt>
   <trkpt lat="41.968810000000005" lon="3.1663400000000004">
    <ele>59.0</ele>
   </trkpt>
   <trkpt lat="41.968810000000005" lon="3.16604">
    <ele>59.71000000000001</ele>
   </trkpt>
   <trkpt lat="41.96878" lon="3.1656700000000004">
    <ele>59.49000000000001</ele>
   </trkpt>
   <trkpt lat="41.96884" lon="3.1652700000000005">
    <ele>58.370000000000005</ele>
   </trkpt>
   <trkpt lat="41.968900000000005" lon="3.1650400000000003">
    <ele>57.77</ele>
   </trkpt>
   <trkpt lat="41.968970000000006" lon="3.1648500000000004">
    <ele>57.230000000000004</ele>
   </trkpt>
   <trkpt lat="41.96916" lon="3.1645700000000003">
    <ele>57.040000000000006</ele>
   </trkpt>
   <trkpt lat="41.96932" lon="3.16467">
    <ele>57.42</ele>
   </trkpt>
   <trkpt lat="41.96945" lon="3.1646400000000003">
    <ele>57.53</ele>
   </trkpt>
   <trkpt lat="41.96954" lon="3.16448">
    <ele>57.28</ele>
   </trkpt>
   <trkpt lat="41.969590000000004" lon="3.16433">
    <ele>56.910000000000004</ele>
   </trkpt>
   <trkpt lat="41.96945" lon="3.1634">
    <ele>52.730000000000004</ele>
   </trkpt>
   <trkpt lat="41.968969999918556" lon="3.1635050008194554">
    <ele>49.74</ele>
   </trkpt>
   <trkpt lat="41.96849" lon="3.1636100000000003">
    <ele>48.6</ele>
   </trkpt>
   <trkpt lat="41.96824" lon="3.1635700000000004">
    <ele>48.160000000000004</ele>
   </trkpt>
   <trkpt lat="41.967980000000004" lon="3.1635000000000004">
    <ele>50.650000000000006</ele>
   </trkpt>
   <trkpt lat="41.96779" lon="3.1634">
    <ele>53.39000000000001</ele>
   </trkpt>
   <trkpt lat="41.967690000000005" lon="3.16332">
    <ele>54.19</ele>
   </trkpt>
   <trkpt lat="41.967650000000006" lon="3.1632100000000003">
    <ele>54.39000000000001</ele>
   </trkpt>
   <trkpt lat="41.967600000000004" lon="3.16297">
    <ele>54.580000000000005</ele>
   </trkpt>
   <trkpt lat="41.967600000000004" lon="3.1625400000000004">
    <ele>53.32000000000001</ele>
   </trkpt>
   <trkpt lat="41.9676600067693" lon="3.1616566683571037">
    <ele>50.85000000000001</ele>
   </trkpt>
   <trkpt lat="41.967720006767514" lon="3.160773335050213">
    <ele>47.68000000000001</ele>
   </trkpt>
   <trkpt lat="41.967780000000005" lon="3.1598900000000003">
    <ele>43.29</ele>
   </trkpt>
   <trkpt lat="41.968000001553314" lon="3.159290002095778">
    <ele>39.940000000000005</ele>
   </trkpt>
   <trkpt lat="41.96822" lon="3.1586900000000004">
    <ele>38.52</ele>
   </trkpt>
   <trkpt lat="41.968410000000006" lon="3.1584700000000003">
    <ele>38.21</ele>
   </trkpt>
   <trkpt lat="41.96871" lon="3.1579900000000003">
    <ele>37.88</ele>
   </trkpt>
   <trkpt lat="41.968830000000004" lon="3.1577">
    <ele>37.81</ele>
   </trkpt>
   <trkpt lat="41.968900000000005" lon="3.15757">
    <ele>37.790000000000006</ele>
   </trkpt>
   <trkpt lat="41.968990000000005" lon="3.1573">
    <ele>37.92</ele>
   </trkpt>
   <trkpt lat="41.96923" lon="3.1568500000000004">
    <ele>37.58</ele>
   </trkpt>
   <trkpt lat="41.96965" lon="3.1566">
    <ele>36.86000000000001</ele>
   </trkpt>
   <trkpt lat="41.969840000000005" lon="3.1564">
    <ele>36.86000000000001</ele>
   </trkpt>
   <trkpt lat="41.970040000000004" lon="3.15614">
    <ele>36.25000000000001</ele>
   </trkpt>
   <trkpt lat="41.970150000000004" lon="3.15593">
    <ele>36.1</ele>
   </trkpt>
   <trkpt lat="41.970220000000005" lon="3.1556200000000003">
    <ele>35.51</ele>
   </trkpt>
   <trkpt lat="41.970240000000004" lon="3.15524">
    <ele>33.620000000000005</ele>
   </trkpt>
   <trkpt lat="41.97021" lon="3.15499">
    <ele>33.190000000000005</ele>
   </trkpt>
   <trkpt lat="41.969950000000004" lon="3.1542100000000004">
    <ele>30.42</ele>
   </trkpt>
   <trkpt lat="41.96993500241221" lon="3.153465000022897">
    <ele>27.64</ele>
   </trkpt>
   <trkpt lat="41.96992" lon="3.1527200000000004">
    <ele>26.64</ele>
   </trkpt>
   <trkpt lat="41.97057" lon="3.1527600000000002">
    <ele>28.84</ele>
   </trkpt>
   <trkpt lat="41.971180000000004" lon="3.15274">
    <ele>28.200000000000003</ele>
   </trkpt>
   <trkpt lat="41.97186000000001" lon="3.15268">
    <ele>26.92</ele>
   </trkpt>
   <trkpt lat="41.971940000000004" lon="3.1526300000000003">
    <ele>26.820000000000004</ele>
   </trkpt>
   <trkpt lat="41.97196" lon="3.15254">
    <ele>26.820000000000004</ele>
   </trkpt>
   <trkpt lat="41.971940000000004" lon="3.1519000000000004">
    <ele>25.830000000000002</ele>
   </trkpt>
   <trkpt lat="41.9718" lon="3.1513400000000003">
    <ele>24.6</ele>
   </trkpt>
   <trkpt lat="41.971720000000005" lon="3.1508800000000003">
    <ele>23.58</ele>
   </trkpt>
   <trkpt lat="41.97177000203432" lon="3.1501950005601773">
    <ele>21.79</ele>
   </trkpt>
   <trkpt lat="41.97182" lon="3.1495100000000003">
    <ele>18.63</ele>
   </trkpt>
   <trkpt lat="41.971880000000006" lon="3.1494700000000004">
    <ele>18.7</ele>
   </trkpt>
   <trkpt lat="41.97187" lon="3.14942">
    <ele>18.6</ele>
   </trkpt>
   <trkpt lat="41.97184" lon="3.1493900000000004">
    <ele>18.400000000000002</ele>
   </trkpt>
   <trkpt lat="41.971880000000006" lon="3.1489800000000003">
    <ele>17.54</ele>
   </trkpt>
   <trkpt lat="41.97167" lon="3.14895">
    <ele>17.6</ele>
   </trkpt>
   <trkpt lat="41.97169" lon="3.14806">
    <ele>17.910000000000004</ele>
   </trkpt>
   <trkpt lat="41.971740000000004" lon="3.1476100000000002">
    <ele>19.520000000000003</ele>
   </trkpt>
   <trkpt lat="41.97186000000001" lon="3.14711">
    <ele>21.92</ele>
   </trkpt>
   <trkpt lat="41.972210000000004" lon="3.1460600000000003">
    <ele>24.67</ele>
   </trkpt>
   <trkpt lat="41.972240000000006" lon="3.1460000000000004">
    <ele>24.67</ele>
   </trkpt>
   <trkpt lat="41.97236" lon="3.1460000000000004">
    <ele>24.790000000000003</ele>
   </trkpt>
   <trkpt lat="41.972950000000004" lon="3.1452400000000003">
    <ele>25.730000000000004</ele>
   </trkpt>
   <trkpt lat="41.97303" lon="3.14516">
    <ele>25.730000000000004</ele>
   </trkpt>
   <trkpt lat="41.973470000000006" lon="3.14481">
    <ele>24.85</ele>
   </trkpt>
   <trkpt lat="41.973780000000005" lon="3.1445200000000004">
    <ele>23.930000000000003</ele>
   </trkpt>
   <trkpt lat="41.973850000000006" lon="3.14448">
    <ele>23.930000000000003</ele>
   </trkpt>
   <trkpt lat="41.97392000000001" lon="3.1444600000000005">
    <ele>21.990000000000002</ele>
   </trkpt>
   <trkpt lat="41.974090000000004" lon="3.1444500000000004">
    <ele>21.990000000000002</ele>
   </trkpt>
   <trkpt lat="41.97485" lon="3.14455">
    <ele>13.330000000000002</ele>
   </trkpt>
   <trkpt lat="41.97502" lon="3.14461">
    <ele>11.83</ele>
   </trkpt>
   <trkpt lat="41.97542000000001" lon="3.1446400000000003">
    <ele>10.020000000000001</ele>
   </trkpt>
   <trkpt lat="41.97581" lon="3.14455">
    <ele>9.340000000000002</ele>
   </trkpt>
   <trkpt lat="41.97592" lon="3.14434">
    <ele>8.81</ele>
   </trkpt>
   <trkpt lat="41.97608" lon="3.14413">
    <ele>8.049999999999999</ele>
   </trkpt>
   <trkpt lat="41.97628" lon="3.1439800000000004">
    <ele>7.750000000000001</ele>
   </trkpt>
   <trkpt lat="41.97684" lon="3.1438">
    <ele>7.5200000000000005</ele>
   </trkpt>
   <trkpt lat="41.977250000000005" lon="3.1434800000000003">
    <ele>7.680000000000001</ele>
   </trkpt>
   <trkpt lat="41.97729" lon="3.14345">
    <ele>7.680000000000001</ele>
   </trkpt>
   <trkpt lat="41.97733" lon="3.1431600000000004">
    <ele>7.4</ele>
   </trkpt>
   <trkpt lat="41.977340000000005" lon="3.1426700000000003">
    <ele>7.320000000000001</ele>
   </trkpt>
   <trkpt lat="41.977560006071435" lon="3.1418333391266904">
    <ele>7.16</ele>
   </trkpt>
   <trkpt lat="41.97778000606815" lon="3.140996672472655">
    <ele>7.220000000000001</ele>
   </trkpt>
   <trkpt lat="41.978" lon="3.1401600000000003">
    <ele>7.090000000000001</ele>
   </trkpt>
   <trkpt lat="41.97809" lon="3.14">
    <ele>7.090000000000001</ele>
   </trkpt>
   <trkpt lat="41.97824000000001" lon="3.1399100000000004">
    <ele>7.12</ele>
   </trkpt>
   <trkpt lat="41.97907" lon="3.13987">
    <ele>7.430000000000001</ele>
   </trkpt>
   <trkpt lat="41.97974000000001" lon="3.13972">
    <ele>8.690000000000001</ele>
   </trkpt>
   <trkpt lat="41.979910000000004" lon="3.13931">
    <ele>8.14</ele>
   </trkpt>
   <trkpt lat="41.979980000000005" lon="3.13832">
    <ele>8.56</ele>
   </trkpt>
   <trkpt lat="41.97986" lon="3.13816">
    <ele>8.56</ele>
   </trkpt>
   <trkpt lat="41.979780000000005" lon="3.1381">
    <ele>8.910000000000002</ele>
   </trkpt>
   <trkpt lat="41.979710000000004" lon="3.1379400000000004">
    <ele>9.57</ele>
   </trkpt>
   <trkpt lat="41.97961501546464" lon="3.1368499951076805">
    <ele>10.75</ele>
   </trkpt>
   <trkpt lat="41.97952002061866" lon="3.1357599934672695">
    <ele>10.530000000000001</ele>
   </trkpt>
   <trkpt lat="41.979425015462105" lon="3.1346699950790997">
    <ele>9.38</ele>
   </trkpt>
   <trkpt lat="41.979330000000004" lon="3.1335800000000003">
    <ele>8.71</ele>
   </trkpt>
   <trkpt lat="41.97961" lon="3.1331">
    <ele>8.290000000000001</ele>
   </trkpt>
   <trkpt lat="41.979890000000005" lon="3.13241">
    <ele>7.090000000000001</ele>
   </trkpt>
   <trkpt lat="41.9802" lon="3.13146">
    <ele>6.0</ele>
   </trkpt>
   <trkpt lat="41.980250000000005" lon="3.13098">
    <ele>6.23</ele>
   </trkpt>
   <trkpt lat="41.980470000000004" lon="3.1302600000000003">
    <ele>7.320000000000001</ele>
   </trkpt>
   <trkpt lat="41.980540000000005" lon="3.12949">
    <ele>7.090000000000001</ele>
   </trkpt>
   <trkpt lat="41.98053" lon="3.12929">
    <ele>7.090000000000001</ele>
   </trkpt>
   <trkpt lat="41.98051" lon="3.12868">
    <ele>6.710000000000001</ele>
   </trkpt>
   <trkpt lat="41.980440001732525" lon="3.128044999146704">
    <ele>6.44</ele>
   </trkpt>
   <trkpt lat="41.98037" lon="3.1274100000000002">
    <ele>6.34</ele>
   </trkpt>
   <trkpt lat="41.980410000000006" lon="3.1270100000000003">
    <ele>6.140000000000001</ele>
   </trkpt>
   <trkpt lat="41.98057" lon="3.1262600000000003">
    <ele>6.17</ele>
   </trkpt>
   <trkpt lat="41.98058" lon="3.1257200000000003">
    <ele>6.2</ele>
   </trkpt>
   <trkpt lat="41.98048000168699" lon="3.125089998788863">
    <ele>6.540000000000001</ele>
   </trkpt>
   <trkpt lat="41.980380000000004" lon="3.1244600000000005">
    <ele>7.55</ele>
   </trkpt>
   <trkpt lat="41.980340000000005" lon="3.1241000000000003">
    <ele>8.25</ele>
   </trkpt>
   <trkpt lat="41.980380000000004" lon="3.1236900000000003">
    <ele>8.9</ele>
   </trkpt>
   <trkpt lat="41.98063000285371" lon="3.1228800031580426">
    <ele>12.31</ele>
   </trkpt>
   <trkpt lat="41.980880000000006" lon="3.1220700000000003">
    <ele>17.67</ele>
   </trkpt>
   <trkpt lat="41.98162000000001" lon="3.1218800000000004">
    <ele>19.970000000000002</ele>
   </trkpt>
   <trkpt lat="41.98237" lon="3.1214600000000003">
    <ele>22.46</ele>
   </trkpt>
   <trkpt lat="41.98311" lon="3.1214700000000004">
    <ele>23.39</ele>
   </trkpt>
   <trkpt lat="41.98319" lon="3.1214500000000003">
    <ele>23.44</ele>
   </trkpt>
   <trkpt lat="41.983250000000005" lon="3.1214100000000005">
    <ele>23.44</ele>
   </trkpt>
   <trkpt lat="41.98337" lon="3.12122">
    <ele>23.55</ele>
   </trkpt>
   <trkpt lat="41.98353" lon="3.12109">
    <ele>23.75</ele>
   </trkpt>
   <trkpt lat="41.983940000000004" lon="3.12101">
    <ele>23.89</ele>
   </trkpt>
   <trkpt lat="41.984170000000006" lon="3.1210700000000005">
    <ele>23.930000000000003</ele>
   </trkpt>
   <trkpt lat="41.984230000000004" lon="3.1211100000000003">
    <ele>23.930000000000003</ele>
   </trkpt>
   <trkpt lat="41.98429" lon="3.1211100000000003">
    <ele>23.91</ele>
   </trkpt>
   <trkpt lat="41.984350000000006" lon="3.1210600000000004">
    <ele>23.98</ele>
   </trkpt>
   <trkpt lat="41.98438" lon="3.1209900000000004">
    <ele>23.950000000000003</ele>
   </trkpt>
   <trkpt lat="41.98436" lon="3.1208500000000003">
    <ele>23.950000000000003</ele>
   </trkpt>
   <trkpt lat="41.984280000000005" lon="3.1207800000000003">
    <ele>23.790000000000003</ele>
   </trkpt>
   <trkpt lat="41.984210000000004" lon="3.1205600000000002">
    <ele>23.790000000000003</ele>
   </trkpt>
   <trkpt lat="41.9840766974767" lon="3.119368320858999">
    <ele>22.92</ele>
   </trkpt>
   <trkpt lat="41.983943382629356" lon="3.1181766467082097">
    <ele>22.19</ele>
   </trkpt>
   <trkpt lat="41.98381005545807" lon="3.1169849775480483">
    <ele>21.59</ele>
   </trkpt>
   <trkpt lat="41.98367671596297" lon="3.115793313378933">
    <ele>19.720000000000002</ele>
   </trkpt>
   <trkpt lat="41.983543364144154" lon="3.11460165420128">
    <ele>19.64</ele>
   </trkpt>
   <trkpt lat="41.983410000000006" lon="3.1134100000000005">
    <ele>22.770000000000003</ele>
   </trkpt>
   <trkpt lat="41.98330000000001" lon="3.1127300000000004">
    <ele>24.560000000000002</ele>
   </trkpt>
   <trkpt lat="41.98315" lon="3.1119800000000004">
    <ele>25.85</ele>
   </trkpt>
   <trkpt lat="41.982892533646265" lon="3.110927470200776">
    <ele>27.12</ele>
   </trkpt>
   <trkpt lat="41.98263505767862" lon="3.1098749489138187">
    <ele>28.19</ele>
   </trkpt>
   <trkpt lat="41.98237757209724" lon="3.1088224361393006">
    <ele>29.1</ele>
   </trkpt>
   <trkpt lat="41.98212007690229" lon="3.107769931877394">
    <ele>29.240000000000002</ele>
   </trkpt>
   <trkpt lat="41.981862572093924" lon="3.1067174361282706">
    <ele>28.51</ele>
   </trkpt>
   <trkpt lat="41.98160505767232" lon="3.105664948892103">
    <ele>27.500000000000004</ele>
   </trkpt>
   <trkpt lat="41.98134753363765" lon="3.104612470169063">
    <ele>27.580000000000002</ele>
   </trkpt>
   <trkpt lat="41.98109" lon="3.1035600000000003">
    <ele>28.130000000000003</ele>
   </trkpt>
   <trkpt lat="41.98083204256357" lon="3.1025159619262364">
    <ele>28.68</ele>
   </trkpt>
   <trkpt lat="41.9805740756678" lon="3.1014719323115543">
    <ele>29.26</ele>
   </trkpt>
   <trkpt lat="41.980316099312866" lon="3.1004279111561193">
    <ele>29.48</ele>
   </trkpt>
   <trkpt lat="41.980058113498934" lon="3.0993838984600948">
    <ele>29.580000000000002</ele>
   </trkpt>
   <trkpt lat="41.97980011822616" lon="3.0983398942236473">
    <ele>30.150000000000002</ele>
   </trkpt>
   <trkpt lat="41.979542113494716" lon="3.0972958984469408">
    <ele>30.250000000000004</ele>
   </trkpt>
   <trkpt lat="41.97928409930474" lon="3.0962519111301408">
    <ele>30.310000000000002</ele>
   </trkpt>
   <trkpt lat="41.979026075656414" lon="3.0952079322734116">
    <ele>30.140000000000004</ele>
   </trkpt>
   <trkpt lat="41.9787680425499" lon="3.09416396187692">
    <ele>30.300000000000004</ele>
   </trkpt>
   <trkpt lat="41.97851" lon="3.0931200000000003">
    <ele>31.39</ele>
   </trkpt>
   <trkpt lat="41.97845" lon="3.0927100000000003">
    <ele>32.32</ele>
   </trkpt>
   <trkpt lat="41.97847" lon="3.0924600000000004">
    <ele>32.550000000000004</ele>
   </trkpt>
   <trkpt lat="41.97868501008237" lon="3.091580008905687">
    <ele>34.24</ele>
   </trkpt>
   <trkpt lat="41.97890001344445" lon="3.0907000118691133">
    <ele>37.94</ele>
   </trkpt>
   <trkpt lat="41.979115010086176" lon="3.08982000889038">
    <ele>43.22</ele>
   </trkpt>
   <trkpt lat="41.979330000000004" lon="3.0889400000000005">
    <ele>44.14000000000001</ele>
   </trkpt>
   <trkpt lat="41.979400000000005" lon="3.08874">
    <ele>43.86</ele>
   </trkpt>
   <trkpt lat="41.97975667116781" lon="3.0880200080607163">
    <ele>40.85</ele>
   </trkpt>
   <trkpt lat="41.98011333783691" lon="3.0873000080559283">
    <ele>39.71</ele>
   </trkpt>
   <trkpt lat="41.980470000000004" lon="3.08658">
    <ele>40.760000000000005</ele>
   </trkpt>
   <trkpt lat="41.98057" lon="3.08632">
    <ele>41.470000000000006</ele>
   </trkpt>
   <trkpt lat="41.980630000000005" lon="3.0860100000000004">
    <ele>42.120000000000005</ele>
   </trkpt>
   <trkpt lat="41.98079000578904" lon="3.0848550028981205">
    <ele>43.29</ele>
   </trkpt>
   <trkpt lat="41.98095" lon="3.0837000000000003">
    <ele>46.11000000000001</ele>
   </trkpt>
   <trkpt lat="41.980970000000006" lon="3.0833700000000004">
    <ele>46.74</ele>
   </trkpt>
   <trkpt lat="41.98095" lon="3.0830900000000003">
    <ele>47.120000000000005</ele>
   </trkpt>
   <trkpt lat="41.98068335732973" lon="3.0820383113161687">
    <ele>45.42</ele>
   </trkpt>
   <trkpt lat="41.98041670506098" lon="3.0809866314402536">
    <ele>42.75</ele>
   </trkpt>
   <trkpt lat="41.98015004319395" lon="3.079934960372416">
    <ele>39.53</ele>
   </trkpt>
   <trkpt lat="41.97988337172879" lon="3.0788832981128165">
    <ele>39.63</ele>
   </trkpt>
   <trkpt lat="41.979616690665694" lon="3.0778316446616163">
    <ele>42.57</ele>
   </trkpt>
   <trkpt lat="41.979350000000004" lon="3.0767800000000003">
    <ele>44.6</ele>
   </trkpt>
   <trkpt lat="41.97916" lon="3.07634">
    <ele>45.51</ele>
   </trkpt>
   <trkpt lat="41.97864000364612" lon="3.075424992551863">
    <ele>46.95</ele>
   </trkpt>
   <trkpt lat="41.978120000000004" lon="3.07451">
    <ele>43.74</ele>
   </trkpt>
   <trkpt lat="41.97770500792548" lon="3.0737299847620485">
    <ele>43.2</ele>
   </trkpt>
   <trkpt lat="41.97729001057104" lon="3.072949979690042">
    <ele>41.79</ele>
   </trkpt>
   <trkpt lat="41.97687500793683" lon="3.0721699847838293">
    <ele>40.77</ele>
   </trkpt>
   <trkpt lat="41.97646" lon="3.07139">
    <ele>40.050000000000004</ele>
   </trkpt>
   <trkpt lat="41.97636000000001" lon="3.0709000000000004">
    <ele>40.370000000000005</ele>
   </trkpt>
   <trkpt lat="41.976380000000006" lon="3.07072">
    <ele>40.32</ele>
   </trkpt>
   <trkpt lat="41.97639" lon="3.0705500000000003">
    <ele>40.160000000000004</ele>
   </trkpt>
   <trkpt lat="41.97632" lon="3.0704300000000004">
    <ele>40.330000000000005</ele>
   </trkpt>
   <trkpt lat="41.976240000000004" lon="3.07039">
    <ele>40.470000000000006</ele>
   </trkpt>
   <trkpt lat="41.97614" lon="3.0704100000000003">
    <ele>40.67</ele>
   </trkpt>
   <trkpt lat="41.97596" lon="3.0704300000000004">
    <ele>41.0</ele>
   </trkpt>
   <trkpt lat="41.97585" lon="3.07039">
    <ele>41.56</ele>
   </trkpt>
   <trkpt lat="41.975820000000006" lon="3.0704000000000002">
    <ele>41.56</ele>
   </trkpt>
   <trkpt lat="41.975730000000006" lon="3.0703400000000003">
    <ele>41.7</ele>
   </trkpt>
   <trkpt lat="41.97497503089763" lon="3.0697575823361967">
    <ele>43.95</ele>
   </trkpt>
   <trkpt lat="41.97422005885164" lon="3.0691751784801378">
    <ele>43.65</ele>
   </trkpt>
   <trkpt lat="41.97346508386219" lon="3.068592788431183">
    <ele>43.59</ele>
   </trkpt>
   <trkpt lat="41.97271010592942" lon="3.0680104121886944">
    <ele>43.99</ele>
   </trkpt>
   <trkpt lat="41.97195512505349" lon="3.067428049752032">
    <ele>44.17</ele>
   </trkpt>
   <trkpt lat="41.97120014123454" lon="3.066845701120556">
    <ele>44.33</ele>
   </trkpt>
   <trkpt lat="41.9704451544727" lon="3.066263366293628">
    <ele>44.74</ele>
   </trkpt>
   <trkpt lat="41.96969016476813" lon="3.0656810452706074">
    <ele>44.84</ele>
   </trkpt>
   <trkpt lat="41.96893517212102" lon="3.0650987380508568">
    <ele>45.17</ele>
   </trkpt>
   <trkpt lat="41.968180176531455" lon="3.064516444633736">
    <ele>45.470000000000006</ele>
   </trkpt>
   <trkpt lat="41.9674251779996" lon="3.063934165018605">
    <ele>45.74</ele>
   </trkpt>
   <trkpt lat="41.96667017652563" lon="3.063351899204826">
    <ele>46.3</ele>
   </trkpt>
   <trkpt lat="41.965915172109675" lon="3.0627696471917596">
    <ele>46.92</ele>
   </trkpt>
   <trkpt lat="41.965160164751865" lon="3.062187408978766">
    <ele>47.510000000000005</ele>
   </trkpt>
   <trkpt lat="41.96440515445237" lon="3.0616051845652072">
    <ele>48.14</ele>
   </trkpt>
   <trkpt lat="41.96365014121135" lon="3.0610229739504438">
    <ele>48.720000000000006</ele>
   </trkpt>
   <trkpt lat="41.96289512502892" lon="3.060440777133836">
    <ele>47.650000000000006</ele>
   </trkpt>
   <trkpt lat="41.96214010590525" lon="3.059858594114746">
    <ele>46.73</ele>
   </trkpt>
   <trkpt lat="41.96138508384046" lon="3.0592764248925346">
    <ele>47.7</ele>
   </trkpt>
   <trkpt lat="41.960630058834745" lon="3.058694269466562">
    <ele>49.36</ele>
   </trkpt>
   <trkpt lat="41.959875030888206" lon="3.058112127836191">
    <ele>50.0</ele>
   </trkpt>
   <trkpt lat="41.959120000000006" lon="3.0575300000000003">
    <ele>51.42000000000001</ele>
   </trkpt>
   <trkpt lat="41.958540000000006" lon="3.0572700000000004">
    <ele>52.24</ele>
   </trkpt>
   <trkpt lat="41.95837" lon="3.05709">
    <ele>52.18</ele>
   </trkpt>
   <trkpt lat="41.95834000000001" lon="3.0569800000000003">
    <ele>52.27</ele>
   </trkpt>
   <trkpt lat="41.95826" lon="3.0568700000000004">
    <ele>52.43000000000001</ele>
   </trkpt>
   <trkpt lat="41.95817" lon="3.0568400000000002">
    <ele>52.43000000000001</ele>
   </trkpt>
   <trkpt lat="41.958090000000006" lon="3.05662">
    <ele>52.76</ele>
   </trkpt>
   <trkpt lat="41.957980000000006" lon="3.05627">
    <ele>53.32000000000001</ele>
   </trkpt>
   <trkpt lat="41.957950000000004" lon="3.0559700000000003">
    <ele>53.470000000000006</ele>
   </trkpt>
   <trkpt lat="41.95794000524866" lon="3.0548699996927033">
    <ele>54.92</ele>
   </trkpt>
   <trkpt lat="41.957930000000005" lon="3.05377">
    <ele>58.59</ele>
   </trkpt>
   <trkpt lat="41.957910000000005" lon="3.05296">
    <ele>60.89000000000001</ele>
   </trkpt>
   <trkpt lat="41.95781" lon="3.0523800000000003">
    <ele>63.17</ele>
   </trkpt>
   <trkpt lat="41.95767" lon="3.05195">
    <ele>66.30000000000001</ele>
   </trkpt>
   <trkpt lat="41.95756" lon="3.05174">
    <ele>66.77000000000001</ele>
   </trkpt>
   <trkpt lat="41.95721" lon="3.0511600000000003">
    <ele>67.68</ele>
   </trkpt>
   <trkpt lat="41.95713000000001" lon="3.0509800000000005">
    <ele>67.47</ele>
   </trkpt>
   <trkpt lat="41.956920000000004" lon="3.0504300000000004">
    <ele>66.28</ele>
   </trkpt>
   <trkpt lat="41.95685" lon="3.05018">
    <ele>66.28</ele>
   </trkpt>
   <trkpt lat="41.956810000000004" lon="3.0499300000000003">
    <ele>65.74000000000001</ele>
   </trkpt>
   <trkpt lat="41.95678" lon="3.0494800000000004">
    <ele>64.81</ele>
   </trkpt>
   <trkpt lat="41.95682" lon="3.0489400000000004">
    <ele>64.30000000000001</ele>
   </trkpt>
   <trkpt lat="41.95698" lon="3.04829">
    <ele>63.22</ele>
   </trkpt>
   <trkpt lat="41.957240000000006" lon="3.04746">
    <ele>61.27</ele>
   </trkpt>
   <trkpt lat="41.957530000000006" lon="3.0469500000000003">
    <ele>60.53000000000001</ele>
   </trkpt>
   <trkpt lat="41.95754" lon="3.04686">
    <ele>59.27</ele>
   </trkpt>
   <trkpt lat="41.95752" lon="3.04671">
    <ele>59.24000000000001</ele>
   </trkpt>
   <trkpt lat="41.957460000000005" lon="3.0466100000000003">
    <ele>58.300000000000004</ele>
   </trkpt>
   <trkpt lat="41.95740000000001" lon="3.04658">
    <ele>58.300000000000004</ele>
   </trkpt>
   <trkpt lat="41.95727" lon="3.0463500000000003">
    <ele>56.550000000000004</ele>
   </trkpt>
   <trkpt lat="41.957025009671824" lon="3.045487490013888">
    <ele>53.69</ele>
   </trkpt>
   <trkpt lat="41.956780012888316" lon="3.0446249866592003">
    <ele>51.10000000000001</ele>
   </trkpt>
   <trkpt lat="41.95653500964961" lon="3.043762489936003">
    <ele>49.42</ele>
   </trkpt>
   <trkpt lat="41.95629" lon="3.0429000000000004">
    <ele>47.41</ele>
   </trkpt>
   <trkpt lat="41.95622000307437" lon="3.0420599992330217">
    <ele>46.00000000000001</ele>
   </trkpt>
   <trkpt lat="41.95615" lon="3.04122">
    <ele>45.06</ele>
   </trkpt>
   <trkpt lat="41.95620667298981" lon="3.0403666681175463">
    <ele>44.36</ele>
   </trkpt>
   <trkpt lat="41.95626333966091" lon="3.039513334717527">
    <ele>43.54</ele>
   </trkpt>
   <trkpt lat="41.956320000000005" lon="3.03866">
    <ele>43.13</ele>
   </trkpt>
   <trkpt lat="41.956275005781514" lon="3.0375049990187426">
    <ele>42.42000000000001</ele>
   </trkpt>
   <trkpt lat="41.956230000000005" lon="3.03635">
    <ele>41.300000000000004</ele>
   </trkpt>
   <trkpt lat="41.95619000000001" lon="3.03607">
    <ele>41.300000000000004</ele>
   </trkpt>
   <trkpt lat="41.956" lon="3.0352400000000004">
    <ele>41.120000000000005</ele>
   </trkpt>
   <trkpt lat="41.955980000000004" lon="3.03507">
    <ele>40.690000000000005</ele>
   </trkpt>
   <trkpt lat="41.956" lon="3.03478">
    <ele>40.52</ele>
   </trkpt>
   <trkpt lat="41.956070000000004" lon="3.03452">
    <ele>40.52</ele>
   </trkpt>
   <trkpt lat="41.95651500441573" lon="3.0335050072107532">
    <ele>39.21</ele>
   </trkpt>
   <trkpt lat="41.95696" lon="3.03249">
    <ele>38.25000000000001</ele>
   </trkpt>
   <trkpt lat="41.95707" lon="3.0323">
    <ele>38.25000000000001</ele>
   </trkpt>
   <trkpt lat="41.95723" lon="3.03209">
    <ele>37.93000000000001</ele>
   </trkpt>
   <trkpt lat="41.95745" lon="3.03188">
    <ele>37.7</ele>
   </trkpt>
   <trkpt lat="41.957750000000004" lon="3.03167">
    <ele>37.7</ele>
   </trkpt>
   <trkpt lat="41.958090000000006" lon="3.03154">
    <ele>37.32000000000001</ele>
   </trkpt>
   <trkpt lat="41.95821" lon="3.0315200000000004">
    <ele>37.32000000000001</ele>
   </trkpt>
   <trkpt lat="41.9585" lon="3.0315100000000004">
    <ele>37.05</ele>
   </trkpt>
   <trkpt lat="41.95930000031314" lon="3.031664994162383">
    <ele>36.35</ele>
   </trkpt>
   <trkpt lat="41.96010000041782" lon="3.0318199922164295">
    <ele>36.27</ele>
   </trkpt>
   <trkpt lat="41.96090000031402" lon="3.0319749941623453">
    <ele>36.050000000000004</ele>
   </trkpt>
   <trkpt lat="41.9617" lon="3.0321300000000004">
    <ele>35.93</ele>
   </trkpt>
   <trkpt lat="41.9617" lon="3.03221">
    <ele>35.93</ele>
   </trkpt>
   <trkpt lat="41.96172000000001" lon="3.03229">
    <ele>35.93</ele>
   </trkpt>
   <trkpt lat="41.96177" lon="3.03234">
    <ele>35.93</ele>
   </trkpt>
   <trkpt lat="41.96182" lon="3.03236">
    <ele>35.9</ele>
   </trkpt>
   <trkpt lat="41.961890000000004" lon="3.03235">
    <ele>35.9</ele>
   </trkpt>
   <trkpt lat="41.96195" lon="3.0322700000000005">
    <ele>35.9</ele>
   </trkpt>
   <trkpt lat="41.96197" lon="3.03215">
    <ele>35.94</ele>
   </trkpt>
   <trkpt lat="41.96193" lon="3.0320400000000003">
    <ele>35.94</ele>
   </trkpt>
   <trkpt lat="41.96188" lon="3.032">
    <ele>35.76</ele>
   </trkpt>
   <trkpt lat="41.961830000000006" lon="3.0319900000000004">
    <ele>35.76</ele>
   </trkpt>
   <trkpt lat="41.961830000000006" lon="3.03187">
    <ele>35.61</ele>
   </trkpt>
   <trkpt lat="41.96175" lon="3.03169">
    <ele>35.54</ele>
   </trkpt>
   <trkpt lat="41.96163000000001" lon="3.0315000000000003">
    <ele>35.52</ele>
   </trkpt>
   <trkpt lat="41.96154000000001" lon="3.0313100000000004">
    <ele>35.52</ele>
   </trkpt>
   <trkpt lat="41.9611625141501" lon="3.0302674814820714">
    <ele>36.160000000000004</ele>
   </trkpt>
   <trkpt lat="41.96078501886909" lon="3.0292249753162213">
    <ele>37.18000000000001</ele>
   </trkpt>
   <trkpt lat="41.960407514157225" lon="3.0281824815024483">
    <ele>38.44</ele>
   </trkpt>
   <trkpt lat="41.96003" lon="3.02714">
    <ele>40.620000000000005</ele>
   </trkpt>
   <trkpt lat="41.95971334043205" lon="3.0262366577392528">
    <ele>42.260000000000005</ele>
   </trkpt>
   <trkpt lat="41.95939667378306" lon="3.025333324456479">
    <ele>43.2</ele>
   </trkpt>
   <trkpt lat="41.95908" lon="3.02443">
    <ele>44.51</ele>
   </trkpt>
   <trkpt lat="41.95870000974101" lon="3.0233699873330546">
    <ele>45.81</ele>
   </trkpt>
   <trkpt lat="41.95832000973184" lon="3.0223099873076977">
    <ele>47.839999999999996</ele>
   </trkpt>
   <trkpt lat="41.95794" lon="3.02125">
    <ele>49.32</ele>
   </trkpt>
   <trkpt lat="41.957660000000004" lon="3.02043">
    <ele>50.31000000000001</ele>
   </trkpt>
   <trkpt lat="41.95729431325241" lon="3.0194013931471666">
    <ele>51.74</ele>
   </trkpt>
   <trkpt lat="41.95692861732386" lon="3.0183727980990445">
    <ele>52.910000000000004</ele>
   </trkpt>
   <trkpt lat="41.95656291221461" lon="3.0173442148556426">
    <ele>55.46</ele>
   </trkpt>
   <trkpt lat="41.95619719792486" lon="3.0163156434169704">
    <ele>57.36</ele>
   </trkpt>
   <trkpt lat="41.95583147445484" lon="3.0152870837830386">
    <ele>58.64</ele>
   </trkpt>
   <trkpt lat="41.95546574180478" lon="3.0142585359538545">
    <ele>60.510000000000005</ele>
   </trkpt>
   <trkpt lat="41.9551" lon="3.01323">
    <ele>62.89</ele>
   </trkpt>
   <trkpt lat="41.95480500287556" lon="3.0124249964485603">
    <ele>63.74</ele>
   </trkpt>
   <trkpt lat="41.954510000000006" lon="3.01162">
    <ele>64.03</ele>
   </trkpt>
   <trkpt lat="41.95449000000001" lon="3.01141">
    <ele>64.12</ele>
   </trkpt>
   <trkpt lat="41.954510000000006" lon="3.0112400000000004">
    <ele>64.33000000000001</ele>
   </trkpt>
   <trkpt lat="41.95469000000001" lon="3.0109600000000003">
    <ele>65.10000000000001</ele>
   </trkpt>
   <trkpt lat="41.954890000000006" lon="3.0106900000000003">
    <ele>65.42</ele>
   </trkpt>
   <trkpt lat="41.95521" lon="3.01019">
    <ele>66.42</ele>
   </trkpt>
   <trkpt lat="41.95544" lon="3.0099000000000005">
    <ele>66.99000000000001</ele>
   </trkpt>
   <trkpt lat="41.955690000000004" lon="3.0097500000000004">
    <ele>67.22</ele>
   </trkpt>
   <trkpt lat="41.95634666707464" lon="3.009516671498">
    <ele>68.68</ele>
   </trkpt>
   <trkpt lat="41.95700333367684" lon="3.0092833381876436">
    <ele>70.8</ele>
   </trkpt>
   <trkpt lat="41.957660000000004" lon="3.0090500000000002">
    <ele>73.58</ele>
   </trkpt>
   <trkpt lat="41.95844" lon="3.0091400000000004">
    <ele>76.65</ele>
   </trkpt>
   <trkpt lat="41.95859" lon="3.0091200000000002">
    <ele>76.65</ele>
   </trkpt>
   <trkpt lat="41.95893" lon="3.0089300000000003">
    <ele>80.07000000000001</ele>
   </trkpt>
   <trkpt lat="41.95917" lon="3.00875">
    <ele>80.98</ele>
   </trkpt>
   <trkpt lat="41.95929" lon="3.0086000000000004">
    <ele>80.98</ele>
   </trkpt>
   <trkpt lat="41.959320000000005" lon="3.00848">
    <ele>82.76</ele>
   </trkpt>
   <trkpt lat="41.959320000000005" lon="3.00835">
    <ele>82.76</ele>
   </trkpt>
   <trkpt lat="41.958920000000006" lon="3.0074300000000003">
    <ele>86.96000000000001</ele>
   </trkpt>
   <trkpt lat="41.958830000000006" lon="3.0071700000000003">
    <ele>87.71000000000001</ele>
   </trkpt>
   <trkpt lat="41.95881000000001" lon="3.0070500000000004">
    <ele>87.85000000000001</ele>
   </trkpt>
   <trkpt lat="41.95884" lon="3.0069100000000004">
    <ele>88.21000000000001</ele>
   </trkpt>
   <trkpt lat="41.95909" lon="3.00613">
    <ele>88.4</ele>
   </trkpt>
   <trkpt lat="41.95931667146431" lon="3.0053833387774427">
    <ele>88.23</ele>
   </trkpt>
   <trkpt lat="41.95954333809084" lon="3.0046366722430817">
    <ele>88.24000000000001</ele>
   </trkpt>
   <trkpt lat="41.959770000000006" lon="3.00389">
    <ele>89.27</ele>
   </trkpt>
   <trkpt lat="41.959770000000006" lon="3.00381">
    <ele>89.27</ele>
   </trkpt>
   <trkpt lat="41.959740000000004" lon="3.00368">
    <ele>89.93</ele>
   </trkpt>
   <trkpt lat="41.959610000000005" lon="3.00341">
    <ele>90.34</ele>
   </trkpt>
   <trkpt lat="41.959246671298004" lon="3.002679991689839">
    <ele>92.73</ele>
   </trkpt>
   <trkpt lat="41.958883337971685" lon="3.001949991704047">
    <ele>94.67</ele>
   </trkpt>
   <trkpt lat="41.95852" lon="3.0012200000000004">
    <ele>94.13000000000001</ele>
   </trkpt>
   <trkpt lat="41.958450000000006" lon="3.00098">
    <ele>93.7</ele>
   </trkpt>
   <trkpt lat="41.95831500358387" lon="3.0000699980111922">
    <ele>92.49</ele>
   </trkpt>
   <trkpt lat="41.958180000000006" lon="2.9991600000000003">
    <ele>92.14000000000001</ele>
   </trkpt>
   <trkpt lat="41.95801" lon="2.9980800000000003">
    <ele>92.34</ele>
   </trkpt>
   <trkpt lat="41.95803" lon="2.9970200000000005">
    <ele>94.32</ele>
   </trkpt>
   <trkpt lat="41.958040000000004" lon="2.9969400000000004">
    <ele>95.0</ele>
   </trkpt>
   <trkpt lat="41.95808" lon="2.99684">
    <ele>95.72000000000001</ele>
   </trkpt>
   <trkpt lat="41.95821" lon="2.99669">
    <ele>97.72</ele>
   </trkpt>
   <trkpt lat="41.95861000029275" lon="2.996370002129835">
    <ele>103.34000000000002</ele>
   </trkpt>
   <trkpt lat="41.959010000000006" lon="2.9960500000000003">
    <ele>107.59</ele>
   </trkpt>
   <trkpt lat="41.959030000000006" lon="2.99594">
    <ele>109.53</ele>
   </trkpt>
   <trkpt lat="41.95844" lon="2.99581">
    <ele>111.89</ele>
   </trkpt>
   <trkpt lat="41.958330000000004" lon="2.9957300000000004">
    <ele>111.89</ele>
   </trkpt>
   <trkpt lat="41.95824" lon="2.99561">
    <ele>111.81</ele>
   </trkpt>
   <trkpt lat="41.95805500181374" lon="2.9949649981579163">
    <ele>110.80000000000001</ele>
   </trkpt>
   <trkpt lat="41.95787000000001" lon="2.99432">
    <ele>110.68</ele>
   </trkpt>
   <trkpt lat="41.957840000000004" lon="2.99426">
    <ele>110.68</ele>
   </trkpt>
   <trkpt lat="41.95781" lon="2.9942200000000003">
    <ele>110.68</ele>
   </trkpt>
   <trkpt lat="41.95761" lon="2.9942400000000005">
    <ele>110.49000000000001</ele>
   </trkpt>
   <trkpt lat="41.95759" lon="2.99412">
    <ele>110.45</ele>
   </trkpt>
   <trkpt lat="41.957480000000004" lon="2.9938900000000004">
    <ele>110.43</ele>
   </trkpt>
   <trkpt lat="41.956880000000005" lon="2.99337">
    <ele>110.54</ele>
   </trkpt>
   <trkpt lat="41.95675000000001" lon="2.9931500000000004">
    <ele>110.64</ele>
   </trkpt>
   <trkpt lat="41.9564" lon="2.9923100000000002">
    <ele>110.64</ele>
   </trkpt>
   <trkpt lat="41.95633" lon="2.99223">
    <ele>110.64</ele>
   </trkpt>
   <trkpt lat="41.956210000000006" lon="2.9921800000000003">
    <ele>110.64</ele>
   </trkpt>
   <trkpt lat="41.9555849998958" lon="2.9922050002494416">
    <ele>110.55000000000001</ele>
   </trkpt>
   <trkpt lat="41.95496000000001" lon="2.99223">
    <ele>110.64</ele>
   </trkpt>
   <trkpt lat="41.95485" lon="2.9921900000000003">
    <ele>110.78</ele>
   </trkpt>
   <trkpt lat="41.95476" lon="2.9920700000000005">
    <ele>110.78</ele>
   </trkpt>
   <trkpt lat="41.954710000000006" lon="2.99196">
    <ele>110.78</ele>
   </trkpt>
   <trkpt lat="41.954660000000004" lon="2.9917300000000004">
    <ele>110.88000000000001</ele>
   </trkpt>
   <trkpt lat="41.95461" lon="2.9906400000000004">
    <ele>111.30000000000001</ele>
   </trkpt>
   <trkpt lat="41.954560002885486" lon="2.9898249994195587">
    <ele>111.48</ele>
   </trkpt>
   <trkpt lat="41.954510000000006" lon="2.9890100000000004">
    <ele>111.92</ele>
   </trkpt>
   <trkpt lat="41.954530000000005" lon="2.98882">
    <ele>111.93</ele>
   </trkpt>
   <trkpt lat="41.95458" lon="2.9886500000000003">
    <ele>112.08000000000001</ele>
   </trkpt>
   <trkpt lat="41.95468" lon="2.9885200000000003">
    <ele>112.08000000000001</ele>
   </trkpt>
   <trkpt lat="41.954750000000004" lon="2.98849">
    <ele>112.09</ele>
   </trkpt>
   <trkpt lat="41.95488" lon="2.98844">
    <ele>112.09</ele>
   </trkpt>
   <trkpt lat="41.955580000000005" lon="2.9883300000000004">
    <ele>112.60000000000001</ele>
   </trkpt>
   <trkpt lat="41.95573" lon="2.9882500000000003">
    <ele>112.75</ele>
   </trkpt>
   <trkpt lat="41.95586" lon="2.9881300000000004">
    <ele>113.07000000000001</ele>
   </trkpt>
   <trkpt lat="41.95604" lon="2.9878000000000005">
    <ele>113.07000000000001</ele>
   </trkpt>
   <trkpt lat="41.95604" lon="2.9876300000000002">
    <ele>113.27000000000001</ele>
   </trkpt>
   <trkpt lat="41.955960000000005" lon="2.98734">
    <ele>113.27000000000001</ele>
   </trkpt>
   <trkpt lat="41.955690000000004" lon="2.9867000000000004">
    <ele>113.9</ele>
   </trkpt>
   <trkpt lat="41.955690000000004" lon="2.9865100000000004">
    <ele>113.9</ele>
   </trkpt>
   <trkpt lat="41.955760000000005" lon="2.9863700000000004">
    <ele>114.10000000000001</ele>
   </trkpt>
   <trkpt lat="41.955920000000006" lon="2.9862">
    <ele>114.68</ele>
   </trkpt>
   <trkpt lat="41.956030000000005" lon="2.98599">
    <ele>114.99000000000001</ele>
   </trkpt>
   <trkpt lat="41.95618" lon="2.9855300000000002">
    <ele>115.60000000000001</ele>
   </trkpt>
   <trkpt lat="41.9562" lon="2.9853300000000003">
    <ele>115.60000000000001</ele>
   </trkpt>
   <trkpt lat="41.95619000000001" lon="2.98518">
    <ele>115.79</ele>
   </trkpt>
   <trkpt lat="41.956022884454384" lon="2.9841556981641855">
    <ele>117.06</ele>
   </trkpt>
   <trkpt lat="41.95585575980452" lon="2.983131401700295">
    <ele>118.93</ele>
   </trkpt>
   <trkpt lat="41.95568862605049" lon="2.982107110608562">
    <ele>119.25</ele>
   </trkpt>
   <trkpt lat="41.9555214831924" lon="2.981082824889219">
    <ele>120.84</ele>
   </trkpt>
   <trkpt lat="41.955354331230346" lon="2.9800585445424996">
    <ele>120.97</ele>
   </trkpt>
   <trkpt lat="41.95518717016442" lon="2.9790342695686354">
    <ele>120.27000000000001</ele>
   </trkpt>
   <trkpt lat="41.955020000000005" lon="2.9780100000000003">
    <ele>119.28000000000002</ele>
   </trkpt>
   <trkpt lat="41.954950000000004" lon="2.9778700000000002">
    <ele>118.68</ele>
   </trkpt>
   <trkpt lat="41.95483" lon="2.9777400000000003">
    <ele>118.25</ele>
   </trkpt>
   <trkpt lat="41.954750000000004" lon="2.97771">
    <ele>118.25</ele>
   </trkpt>
   <trkpt lat="41.953860000000006" lon="2.97766">
    <ele>112.95</ele>
   </trkpt>
   <trkpt lat="41.95375000000001" lon="2.97764">
    <ele>112.95</ele>
   </trkpt>
   <trkpt lat="41.953660000000006" lon="2.97758">
    <ele>112.95</ele>
   </trkpt>
   <trkpt lat="41.953520000000005" lon="2.9774300000000005">
    <ele>110.09</ele>
   </trkpt>
   <trkpt lat="41.95295" lon="2.9766800000000004">
    <ele>107.21000000000001</ele>
   </trkpt>
   <trkpt lat="41.952830000000006" lon="2.97656">
    <ele>105.36000000000001</ele>
   </trkpt>
   <trkpt lat="41.95252000000001" lon="2.97643">
    <ele>104.17000000000002</ele>
   </trkpt>
   <trkpt lat="41.95174000011996" lon="2.976274998106396">
    <ele>101.11</ele>
   </trkpt>
   <trkpt lat="41.95096" lon="2.9761200000000003">
    <ele>97.54</ele>
   </trkpt>
   <trkpt lat="41.950630000000004" lon="2.97603">
    <ele>95.87</ele>
   </trkpt>
   <trkpt lat="41.950050000000005" lon="2.9757800000000003">
    <ele>92.38</ele>
   </trkpt>
   <trkpt lat="41.949610000275975" lon="2.9756199989555845">
    <ele>89.83</ele>
   </trkpt>
   <trkpt lat="41.94917" lon="2.9754600000000004">
    <ele>87.46000000000001</ele>
   </trkpt>
   <trkpt lat="41.948740000111336" lon="2.9752699986983795">
    <ele>86.18</ele>
   </trkpt>
   <trkpt lat="41.948310000000006" lon="2.97508">
    <ele>84.31</ele>
   </trkpt>
   <trkpt lat="41.94823" lon="2.9749800000000004">
    <ele>83.06</ele>
   </trkpt>
   <trkpt lat="41.9482" lon="2.97459">
    <ele>82.11</ele>
   </trkpt>
   <trkpt lat="41.94827" lon="2.97352">
    <ele>81.67</ele>
   </trkpt>
   <trkpt lat="41.94827" lon="2.97311">
    <ele>81.99000000000001</ele>
   </trkpt>
   <trkpt lat="41.94821" lon="2.9728000000000003">
    <ele>81.99000000000001</ele>
   </trkpt>
   <trkpt lat="41.94789001054605" lon="2.9716966555312143">
    <ele>82.29</ele>
   </trkpt>
   <trkpt lat="41.94757001052888" lon="2.970593322138919">
    <ele>83.14</ele>
   </trkpt>
   <trkpt lat="41.947250000000004" lon="2.9694900000000004">
    <ele>83.92</ele>
   </trkpt>
   <trkpt lat="41.9472" lon="2.9693500000000004">
    <ele>83.99000000000001</ele>
   </trkpt>
   <trkpt lat="41.947120000000005" lon="2.9692100000000003">
    <ele>83.99000000000001</ele>
   </trkpt>
   <trkpt lat="41.946960000000004" lon="2.9690700000000003">
    <ele>83.99000000000001</ele>
   </trkpt>
   <trkpt lat="41.946294003342416" lon="2.968629981602923">
    <ele>84.23000000000002</ele>
   </trkpt>
   <trkpt lat="41.94562800500482" lon="2.968189972399009">
    <ele>84.65</ele>
   </trkpt>
   <trkpt lat="41.94496200498732" lon="2.9677499723878746">
    <ele>85.07000000000001</ele>
   </trkpt>
   <trkpt lat="41.94429600328994" lon="2.967309981569136">
    <ele>86.70000000000002</ele>
   </trkpt>
   <trkpt lat="41.943630000000006" lon="2.96687">
    <ele>88.11</ele>
   </trkpt>
   <trkpt lat="41.943360000000006" lon="2.96672">
    <ele>89.22</ele>
   </trkpt>
   <trkpt lat="41.94315" lon="2.9666300000000003">
    <ele>90.64000000000001</ele>
   </trkpt>
   <trkpt lat="41.942980000000006" lon="2.9666200000000003">
    <ele>90.64000000000001</ele>
   </trkpt>
   <trkpt lat="41.94245" lon="2.96673">
    <ele>91.92</ele>
   </trkpt>
   <trkpt lat="41.942170000000004" lon="2.9668500000000004">
    <ele>92.75000000000001</ele>
   </trkpt>
   <trkpt lat="41.94162" lon="2.9671700000000003">
    <ele>94.16000000000001</ele>
   </trkpt>
   <trkpt lat="41.9414" lon="2.9672600000000005">
    <ele>94.16000000000001</ele>
   </trkpt>
   <trkpt lat="41.94116" lon="2.9673200000000004">
    <ele>94.7</ele>
   </trkpt>
   <trkpt lat="41.9408" lon="2.9673100000000003">
    <ele>95.78</ele>
   </trkpt>
   <trkpt lat="41.939930000000004" lon="2.9671800000000004">
    <ele>97.24000000000001</ele>
   </trkpt>
   <trkpt lat="41.939800000000005" lon="2.96713">
    <ele>97.59</ele>
   </trkpt>
   <trkpt lat="41.93972" lon="2.9670400000000003">
    <ele>97.59</ele>
   </trkpt>
   <trkpt lat="41.93968" lon="2.9669100000000004">
    <ele>97.92</ele>
   </trkpt>
   <trkpt lat="41.93974" lon="2.96633">
    <ele>98.72</ele>
   </trkpt>
   <trkpt lat="41.939910000000005" lon="2.96553">
    <ele>100.38000000000001</ele>
   </trkpt>
   <trkpt lat="41.93992" lon="2.96523">
    <ele>100.38000000000001</ele>
   </trkpt>
   <trkpt lat="41.93985000000001" lon="2.96485">
    <ele>100.71000000000001</ele>
   </trkpt>
   <trkpt lat="41.939280000000004" lon="2.9640700000000004">
    <ele>102.24000000000001</ele>
   </trkpt>
   <trkpt lat="41.93919" lon="2.9639100000000003">
    <ele>102.24000000000001</ele>
   </trkpt>
   <trkpt lat="41.939130000000006" lon="2.9637300000000004">
    <ele>102.72</ele>
   </trkpt>
   <trkpt lat="41.93909" lon="2.9634600000000004">
    <ele>102.72</ele>
   </trkpt>
   <trkpt lat="41.93912" lon="2.9631900000000004">
    <ele>103.62</ele>
   </trkpt>
   <trkpt lat="41.93934" lon="2.9626900000000003">
    <ele>103.89000000000001</ele>
   </trkpt>
   <trkpt lat="41.939400000000006" lon="2.9624900000000003">
    <ele>104.48</ele>
   </trkpt>
   <trkpt lat="41.939400000000006" lon="2.96226">
    <ele>104.87</ele>
   </trkpt>
   <trkpt lat="41.93947" lon="2.9619600000000004">
    <ele>104.87</ele>
   </trkpt>
   <trkpt lat="41.93947" lon="2.9618">
    <ele>105.42000000000002</ele>
   </trkpt>
   <trkpt lat="41.939440000000005" lon="2.9617000000000004">
    <ele>105.42000000000002</ele>
   </trkpt>
   <trkpt lat="41.93901500348559" lon="2.9607999939414373">
    <ele>105.69</ele>
   </trkpt>
   <trkpt lat="41.938590000000005" lon="2.9599">
    <ele>105.68</ele>
   </trkpt>
   <trkpt lat="41.93822" lon="2.9593800000000003">
    <ele>105.87</ele>
   </trkpt>
   <trkpt lat="41.938100000000006" lon="2.9591200000000004">
    <ele>105.89000000000001</ele>
   </trkpt>
   <trkpt lat="41.93807" lon="2.9588300000000003">
    <ele>105.93</ele>
   </trkpt>
   <trkpt lat="41.93822" lon="2.95825">
    <ele>106.12</ele>
   </trkpt>
   <trkpt lat="41.9384" lon="2.9579000000000004">
    <ele>106.54</ele>
   </trkpt>
   <trkpt lat="41.93856" lon="2.9578100000000003">
    <ele>106.65</ele>
   </trkpt>
   <trkpt lat="41.93909" lon="2.9576200000000004">
    <ele>107.28000000000002</ele>
   </trkpt>
   <trkpt lat="41.93920000000001" lon="2.9575500000000003">
    <ele>107.34</ele>
   </trkpt>
   <trkpt lat="41.939260000000004" lon="2.9574300000000004">
    <ele>107.35000000000001</ele>
   </trkpt>
   <trkpt lat="41.93927" lon="2.95726">
    <ele>107.33000000000001</ele>
   </trkpt>
   <trkpt lat="41.93925" lon="2.9570900000000004">
    <ele>107.18</ele>
   </trkpt>
   <trkpt lat="41.939150000000005" lon="2.95692">
    <ele>107.15</ele>
   </trkpt>
   <trkpt lat="41.938950000000006" lon="2.95683">
    <ele>107.17000000000002</ele>
   </trkpt>
   <trkpt lat="41.93878" lon="2.9568100000000004">
    <ele>107.17000000000002</ele>
   </trkpt>
   <trkpt lat="41.93816" lon="2.9568700000000003">
    <ele>107.42000000000002</ele>
   </trkpt>
   <trkpt lat="41.93806" lon="2.95684">
    <ele>107.42000000000002</ele>
   </trkpt>
   <trkpt lat="41.93759" lon="2.95643">
    <ele>107.47000000000001</ele>
   </trkpt>
   <trkpt lat="41.937050000000006" lon="2.9559200000000003">
    <ele>108.44000000000001</ele>
   </trkpt>
   <trkpt lat="41.93659" lon="2.95542">
    <ele>109.57000000000001</ele>
   </trkpt>
   <trkpt lat="41.93634" lon="2.95495">
    <ele>110.18</ele>
   </trkpt>
   <trkpt lat="41.93616" lon="2.9545100000000004">
    <ele>110.63000000000001</ele>
   </trkpt>
   <trkpt lat="41.93614" lon="2.9542800000000002">
    <ele>110.91000000000001</ele>
   </trkpt>
   <trkpt lat="41.93625" lon="2.95318">
    <ele>112.25</ele>
   </trkpt>
   <trkpt lat="41.936310000000006" lon="2.95297">
    <ele>112.96000000000001</ele>
   </trkpt>
   <trkpt lat="41.93676000000001" lon="2.9524500000000002">
    <ele>113.41000000000001</ele>
   </trkpt>
   <trkpt lat="41.9369" lon="2.9523900000000003">
    <ele>113.61</ele>
   </trkpt>
   <trkpt lat="41.937050000000006" lon="2.95242">
    <ele>113.61</ele>
   </trkpt>
   <trkpt lat="41.93714000000001" lon="2.9524000000000004">
    <ele>113.61</ele>
   </trkpt>
   <trkpt lat="41.93741000000001" lon="2.9522500000000003">
    <ele>113.91000000000001</ele>
   </trkpt>
   <trkpt lat="41.937540000000006" lon="2.9521300000000004">
    <ele>113.91000000000001</ele>
   </trkpt>
   <trkpt lat="41.937630000000006" lon="2.9519800000000003">
    <ele>113.95</ele>
   </trkpt>
   <trkpt lat="41.93769" lon="2.95181">
    <ele>113.95</ele>
   </trkpt>
   <trkpt lat="41.937760000000004" lon="2.9513700000000003">
    <ele>113.97000000000001</ele>
   </trkpt>
   <trkpt lat="41.937850000000005" lon="2.9511000000000003">
    <ele>114.16000000000001</ele>
   </trkpt>
   <trkpt lat="41.93809" lon="2.9506300000000003">
    <ele>114.30000000000001</ele>
   </trkpt>
   <trkpt lat="41.93818" lon="2.9500100000000002">
    <ele>114.74000000000001</ele>
   </trkpt>
   <trkpt lat="41.93824" lon="2.94973">
    <ele>114.87</ele>
   </trkpt>
   <trkpt lat="41.93831" lon="2.9496700000000002">
    <ele>114.87</ele>
   </trkpt>
   <trkpt lat="41.93885" lon="2.9493600000000004">
    <ele>115.93</ele>
   </trkpt>
   <trkpt lat="41.93889" lon="2.94931">
    <ele>116.04</ele>
   </trkpt>
   <trkpt lat="41.93894" lon="2.9490800000000004">
    <ele>116.53</ele>
   </trkpt>
   <trkpt lat="41.93889" lon="2.9489900000000002">
    <ele>116.72</ele>
   </trkpt>
   <trkpt lat="41.938770000000005" lon="2.9489500000000004">
    <ele>117.94</ele>
   </trkpt>
   <trkpt lat="41.93858" lon="2.9489400000000003">
    <ele>119.07000000000001</ele>
   </trkpt>
   <trkpt lat="41.938410000000005" lon="2.94905">
    <ele>119.71000000000001</ele>
   </trkpt>
   <trkpt lat="41.93818" lon="2.9491600000000004">
    <ele>123.10000000000001</ele>
   </trkpt>
   <trkpt lat="41.937960000000004" lon="2.9492000000000003">
    <ele>124.22000000000001</ele>
   </trkpt>
   <trkpt lat="41.93764" lon="2.9495400000000003">
    <ele>127.41000000000003</ele>
   </trkpt>
   <trkpt lat="41.937560000000005" lon="2.9495500000000003">
    <ele>127.41000000000003</ele>
   </trkpt>
   <trkpt lat="41.93748" lon="2.94952">
    <ele>127.41000000000003</ele>
   </trkpt>
   <trkpt lat="41.93741000000001" lon="2.9494200000000004">
    <ele>129.18</ele>
   </trkpt>
   <trkpt lat="41.93737" lon="2.94926">
    <ele>129.18</ele>
   </trkpt>
   <trkpt lat="41.937380000000005" lon="2.9486600000000003">
    <ele>132.98000000000002</ele>
   </trkpt>
   <trkpt lat="41.937430000000006" lon="2.9485300000000003">
    <ele>133.62</ele>
   </trkpt>
   <trkpt lat="41.9376" lon="2.9482100000000004">
    <ele>135.48000000000002</ele>
   </trkpt>
   <trkpt lat="41.93761000000001" lon="2.9480700000000004">
    <ele>136.96</ele>
   </trkpt>
   <trkpt lat="41.93755" lon="2.94781">
    <ele>137.58</ele>
   </trkpt>
   <trkpt lat="41.937560000000005" lon="2.9477">
    <ele>139.21</ele>
   </trkpt>
   <trkpt lat="41.93764" lon="2.94761">
    <ele>139.21</ele>
   </trkpt>
   <trkpt lat="41.93775" lon="2.9475700000000002">
    <ele>139.21</ele>
   </trkpt>
   <trkpt lat="41.937960000000004" lon="2.9475800000000003">
    <ele>141.70000000000002</ele>
   </trkpt>
   <trkpt lat="41.93811" lon="2.94755">
    <ele>141.70000000000002</ele>
   </trkpt>
   <trkpt lat="41.9382" lon="2.9474500000000003">
    <ele>143.91</ele>
   </trkpt>
   <trkpt lat="41.938480000000006" lon="2.94728">
    <ele>146.91</ele>
   </trkpt>
   <trkpt lat="41.938570000000006" lon="2.9471900000000004">
    <ele>146.91</ele>
   </trkpt>
   <trkpt lat="41.938610000000004" lon="2.94702">
    <ele>146.91</ele>
   </trkpt>
   <trkpt lat="41.938750000000006" lon="2.94681">
    <ele>148.49</ele>
   </trkpt>
   <trkpt lat="41.938900000000004" lon="2.94667">
    <ele>150.13000000000002</ele>
   </trkpt>
   <trkpt lat="41.938950000000006" lon="2.9465600000000003">
    <ele>151.72000000000003</ele>
   </trkpt>
   <trkpt lat="41.93894" lon="2.9464200000000003">
    <ele>151.72000000000003</ele>
   </trkpt>
   <trkpt lat="41.93887" lon="2.9462200000000003">
    <ele>153.4</ele>
   </trkpt>
   <trkpt lat="41.938810000000004" lon="2.9457600000000004">
    <ele>155.82000000000002</ele>
   </trkpt>
   <trkpt lat="41.938750000000006" lon="2.9456800000000003">
    <ele>155.82000000000002</ele>
   </trkpt>
   <trkpt lat="41.938680000000005" lon="2.9456800000000003">
    <ele>155.82000000000002</ele>
   </trkpt>
   <trkpt lat="41.93854" lon="2.94572">
    <ele>158.04000000000002</ele>
   </trkpt>
   <trkpt lat="41.93844" lon="2.94571">
    <ele>158.04000000000002</ele>
   </trkpt>
   <trkpt lat="41.93836" lon="2.94564">
    <ele>159.22</ele>
   </trkpt>
   <trkpt lat="41.9382" lon="2.94512">
    <ele>160.60000000000002</ele>
   </trkpt>
   <trkpt lat="41.93807" lon="2.94451">
    <ele>164.23000000000002</ele>
   </trkpt>
   <trkpt lat="41.938100000000006" lon="2.94437">
    <ele>166.26000000000002</ele>
   </trkpt>
   <trkpt lat="41.93817000000001" lon="2.9442700000000004">
    <ele>166.26000000000002</ele>
   </trkpt>
   <trkpt lat="41.93826000000001" lon="2.9441800000000002">
    <ele>166.26000000000002</ele>
   </trkpt>
   <trkpt lat="41.93833" lon="2.94397">
    <ele>168.66</ele>
   </trkpt>
   <trkpt lat="41.938280000000006" lon="2.9437900000000004">
    <ele>168.66</ele>
   </trkpt>
   <trkpt lat="41.938280000000006" lon="2.9436600000000004">
    <ele>169.29000000000002</ele>
   </trkpt>
   <trkpt lat="41.938430000000004" lon="2.9432300000000002">
    <ele>172.26000000000002</ele>
   </trkpt>
   <trkpt lat="41.93844" lon="2.94315">
    <ele>172.26000000000002</ele>
   </trkpt>
   <trkpt lat="41.93842" lon="2.9430500000000004">
    <ele>172.82</ele>
   </trkpt>
   <trkpt lat="41.93815" lon="2.94261">
    <ele>175.28000000000003</ele>
   </trkpt>
   <trkpt lat="41.938100000000006" lon="2.94248">
    <ele>175.28000000000003</ele>
   </trkpt>
   <trkpt lat="41.938100000000006" lon="2.94232">
    <ele>177.50000000000003</ele>
   </trkpt>
   <trkpt lat="41.938140000000004" lon="2.94219">
    <ele>177.50000000000003</ele>
   </trkpt>
   <trkpt lat="41.93845500090731" lon="2.9417200023977608">
    <ele>179.4</ele>
   </trkpt>
   <trkpt lat="41.938770000000005" lon="2.94125">
    <ele>183.76</ele>
   </trkpt>
   <trkpt lat="41.938880000000005" lon="2.94105">
    <ele>184.94000000000003</ele>
   </trkpt>
   <trkpt lat="41.93892" lon="2.9408800000000004">
    <ele>184.94000000000003</ele>
   </trkpt>
   <trkpt lat="41.939" lon="2.94031">
    <ele>191.59</ele>
   </trkpt>
   <trkpt lat="41.938990000000004" lon="2.94008">
    <ele>191.59</ele>
   </trkpt>
   <trkpt lat="41.93891" lon="2.9395700000000002">
    <ele>191.59</ele>
   </trkpt>
   <trkpt lat="41.9391" lon="2.9386">
    <ele>197.5</ele>
   </trkpt>
   <trkpt lat="41.93911000000001" lon="2.93848">
    <ele>197.5</ele>
   </trkpt>
   <trkpt lat="41.9391" lon="2.9383700000000004">
    <ele>197.5</ele>
   </trkpt>
   <trkpt lat="41.93896" lon="2.9377700000000004">
    <ele>202.31</ele>
   </trkpt>
   <trkpt lat="41.938970000000005" lon="2.9376100000000003">
    <ele>202.31</ele>
   </trkpt>
   <trkpt lat="41.939060000000005" lon="2.9372000000000003">
    <ele>202.31</ele>
   </trkpt>
   <trkpt lat="41.939080000000004" lon="2.93611">
    <ele>207.41</ele>
   </trkpt>
   <trkpt lat="41.93921" lon="2.9359100000000002">
    <ele>208.86</ele>
   </trkpt>
   <trkpt lat="41.93939" lon="2.9358500000000003">
    <ele>210.20000000000002</ele>
   </trkpt>
   <trkpt lat="41.939550000000004" lon="2.9356600000000004">
    <ele>211.54</ele>
   </trkpt>
   <trkpt lat="41.93963" lon="2.93548">
    <ele>211.97000000000003</ele>
   </trkpt>
   <trkpt lat="41.93968" lon="2.93529">
    <ele>212.52</ele>
   </trkpt>
   <trkpt lat="41.93967000000001" lon="2.9351200000000004">
    <ele>212.8</ele>
   </trkpt>
   <trkpt lat="41.939600000000006" lon="2.93494">
    <ele>212.93</ele>
   </trkpt>
   <trkpt lat="41.93934" lon="2.9345100000000004">
    <ele>213.09000000000003</ele>
   </trkpt>
   <trkpt lat="41.93903500148312" lon="2.9339399974112648">
    <ele>213.69000000000003</ele>
   </trkpt>
   <trkpt lat="41.93873000000001" lon="2.93337">
    <ele>215.67000000000002</ele>
   </trkpt>
   <trkpt lat="41.93864000000001" lon="2.93312">
    <ele>216.34</ele>
   </trkpt>
   <trkpt lat="41.93858000249347" lon="2.9323599991275597">
    <ele>219.76000000000002</ele>
   </trkpt>
   <trkpt lat="41.938520000000004" lon="2.9316000000000004">
    <ele>222.78</ele>
   </trkpt>
   <trkpt lat="41.93831" lon="2.93115">
    <ele>224.21</ele>
   </trkpt>
   <trkpt lat="41.93815" lon="2.93088">
    <ele>224.9</ele>
   </trkpt>
   <trkpt lat="41.938030000000005" lon="2.93073">
    <ele>225.66000000000003</ele>
   </trkpt>
   <trkpt lat="41.93795" lon="2.9307000000000003">
    <ele>225.66000000000003</ele>
   </trkpt>
   <trkpt lat="41.937830000000005" lon="2.9307800000000004">
    <ele>226.05</ele>
   </trkpt>
   <trkpt lat="41.937780000000004" lon="2.93086">
    <ele>226.05</ele>
   </trkpt>
   <trkpt lat="41.93777" lon="2.9309800000000004">
    <ele>226.55</ele>
   </trkpt>
   <trkpt lat="41.93771" lon="2.9311200000000004">
    <ele>226.55</ele>
   </trkpt>
   <trkpt lat="41.93762" lon="2.9311900000000004">
    <ele>227.06</ele>
   </trkpt>
   <trkpt lat="41.9375" lon="2.93121">
    <ele>227.06</ele>
   </trkpt>
   <trkpt lat="41.93739" lon="2.9311300000000005">
    <ele>227.33000000000004</ele>
   </trkpt>
   <trkpt lat="41.9373" lon="2.93101">
    <ele>227.48000000000002</ele>
   </trkpt>
   <trkpt lat="41.93726" lon="2.93086">
    <ele>227.74</ele>
   </trkpt>
   <trkpt lat="41.93726" lon="2.9306500000000004">
    <ele>228.12</ele>
   </trkpt>
   <trkpt lat="41.93735" lon="2.93013">
    <ele>228.79000000000002</ele>
   </trkpt>
   <trkpt lat="41.93737" lon="2.92986">
    <ele>229.9</ele>
   </trkpt>
   <trkpt lat="41.93715" lon="2.92938">
    <ele>230.46</ele>
   </trkpt>
   <trkpt lat="41.937160000000006" lon="2.9289500000000004">
    <ele>232.83</ele>
   </trkpt>
   <trkpt lat="41.93712" lon="2.9288200000000004">
    <ele>232.83</ele>
   </trkpt>
   <trkpt lat="41.93701" lon="2.9286900000000005">
    <ele>232.83</ele>
   </trkpt>
   <trkpt lat="41.93683" lon="2.9281200000000003">
    <ele>234.86</ele>
   </trkpt>
   <trkpt lat="41.93681" lon="2.9279400000000004">
    <ele>234.86</ele>
   </trkpt>
   <trkpt lat="41.93695" lon="2.9276500000000003">
    <ele>235.92000000000002</ele>
   </trkpt>
   <trkpt lat="41.93695" lon="2.92756">
    <ele>235.92000000000002</ele>
   </trkpt>
   <trkpt lat="41.93692" lon="2.9274700000000005">
    <ele>235.92000000000002</ele>
   </trkpt>
   <trkpt lat="41.93683" lon="2.9273800000000003">
    <ele>235.92000000000002</ele>
   </trkpt>
   <trkpt lat="41.93661" lon="2.9273200000000004">
    <ele>237.19</ele>
   </trkpt>
   <trkpt lat="41.93645" lon="2.92723">
    <ele>237.59000000000003</ele>
   </trkpt>
   <trkpt lat="41.93639" lon="2.9271200000000004">
    <ele>237.93000000000004</ele>
   </trkpt>
   <trkpt lat="41.936350000000004" lon="2.9267900000000004">
    <ele>238.45000000000002</ele>
   </trkpt>
   <trkpt lat="41.936260000000004" lon="2.92667">
    <ele>238.45000000000002</ele>
   </trkpt>
   <trkpt lat="41.936080000000004" lon="2.9265000000000003">
    <ele>238.90000000000003</ele>
   </trkpt>
   <trkpt lat="41.936040000000006" lon="2.92633">
    <ele>239.17000000000002</ele>
   </trkpt>
   <trkpt lat="41.935950000000005" lon="2.92614">
    <ele>239.41</ele>
   </trkpt>
   <trkpt lat="41.935840000000006" lon="2.92606">
    <ele>239.84000000000003</ele>
   </trkpt>
   <trkpt lat="41.935770000000005" lon="2.9260400000000004">
    <ele>239.84000000000003</ele>
   </trkpt>
   <trkpt lat="41.93569" lon="2.9260800000000002">
    <ele>239.84000000000003</ele>
   </trkpt>
   <trkpt lat="41.93558" lon="2.9262">
    <ele>241.28000000000003</ele>
   </trkpt>
   <trkpt lat="41.93551" lon="2.9263600000000003">
    <ele>241.63</ele>
   </trkpt>
   <trkpt lat="41.935460000000006" lon="2.9267800000000004">
    <ele>242.93</ele>
   </trkpt>
   <trkpt lat="41.935390000000005" lon="2.92708">
    <ele>244.16000000000003</ele>
   </trkpt>
   <trkpt lat="41.93533" lon="2.9271900000000004">
    <ele>244.8</ele>
   </trkpt>
   <trkpt lat="41.93517000000001" lon="2.92721">
    <ele>245.18</ele>
   </trkpt>
   <trkpt lat="41.93469000003358" lon="2.92701999852137">
    <ele>247.34000000000003</ele>
   </trkpt>
   <trkpt lat="41.93421" lon="2.9268300000000003">
    <ele>248.98</ele>
   </trkpt>
   <trkpt lat="41.934090000000005" lon="2.92668">
    <ele>248.98</ele>
   </trkpt>
   <trkpt lat="41.93399" lon="2.9264300000000003">
    <ele>250.13000000000002</ele>
   </trkpt>
   <trkpt lat="41.93394000000001" lon="2.9258900000000003">
    <ele>251.12</ele>
   </trkpt>
   <trkpt lat="41.93388" lon="2.9258300000000004">
    <ele>251.5</ele>
   </trkpt>
   <trkpt lat="41.933800000000005" lon="2.9258200000000003">
    <ele>251.60999999999999</ele>
   </trkpt>
   <trkpt lat="41.93368" lon="2.92587">
    <ele>251.79000000000002</ele>
   </trkpt>
   <trkpt lat="41.933440000000004" lon="2.9260300000000004">
    <ele>252.16</ele>
   </trkpt>
   <trkpt lat="41.93334" lon="2.9260200000000003">
    <ele>252.69000000000003</ele>
   </trkpt>
   <trkpt lat="41.933220000000006" lon="2.9259500000000003">
    <ele>252.97000000000003</ele>
   </trkpt>
   <trkpt lat="41.93294" lon="2.9256800000000003">
    <ele>253.58</ele>
   </trkpt>
   <trkpt lat="41.93287" lon="2.9255400000000003">
    <ele>254.35000000000002</ele>
   </trkpt>
   <trkpt lat="41.93281" lon="2.9252200000000004">
    <ele>254.35000000000002</ele>
   </trkpt>
   <trkpt lat="41.932770000000005" lon="2.9250900000000004">
    <ele>256.57</ele>
   </trkpt>
   <trkpt lat="41.93269" lon="2.9250100000000003">
    <ele>256.57</ele>
   </trkpt>
   <trkpt lat="41.93244000000001" lon="2.9248900000000004">
    <ele>257.63</ele>
   </trkpt>
   <trkpt lat="41.93236" lon="2.9248000000000003">
    <ele>258.24</ele>
   </trkpt>
   <trkpt lat="41.932320000000004" lon="2.9246700000000003">
    <ele>258.82</ele>
   </trkpt>
   <trkpt lat="41.93233" lon="2.92451">
    <ele>259.23</ele>
   </trkpt>
   <trkpt lat="41.9324" lon="2.9243400000000004">
    <ele>259.70000000000005</ele>
   </trkpt>
   <trkpt lat="41.9324" lon="2.9242600000000003">
    <ele>260.47</ele>
   </trkpt>
   <trkpt lat="41.93236" lon="2.9241300000000003">
    <ele>260.96000000000004</ele>
   </trkpt>
   <trkpt lat="41.93225" lon="2.92396">
    <ele>260.96000000000004</ele>
   </trkpt>
   <trkpt lat="41.932140000000004" lon="2.92388">
    <ele>263.0</ele>
   </trkpt>
   <trkpt lat="41.93204" lon="2.92389">
    <ele>263.0</ele>
   </trkpt>
   <trkpt lat="41.931960000000004" lon="2.9239200000000003">
    <ele>263.0</ele>
   </trkpt>
   <trkpt lat="41.93184" lon="2.9240100000000004">
    <ele>264.31000000000006</ele>
   </trkpt>
   <trkpt lat="41.93173" lon="2.92416">
    <ele>264.31000000000006</ele>
   </trkpt>
   <trkpt lat="41.93157" lon="2.92443">
    <ele>265.97999999999996</ele>
   </trkpt>
   <trkpt lat="41.93150000000001" lon="2.9244600000000003">
    <ele>265.97999999999996</ele>
   </trkpt>
   <trkpt lat="41.93139" lon="2.9244600000000003">
    <ele>265.97999999999996</ele>
   </trkpt>
   <trkpt lat="41.93132000000001" lon="2.92437">
    <ele>267.49</ele>
   </trkpt>
   <trkpt lat="41.93121" lon="2.92382">
    <ele>269.49</ele>
   </trkpt>
   <trkpt lat="41.93113" lon="2.92369">
    <ele>269.49</ele>
   </trkpt>
   <trkpt lat="41.93063" lon="2.9231800000000003">
    <ele>272.38</ele>
   </trkpt>
   <trkpt lat="41.930580000000006" lon="2.9229900000000004">
    <ele>273.48</ele>
   </trkpt>
   <trkpt lat="41.93045" lon="2.9221700000000004">
    <ele>275.40000000000003</ele>
   </trkpt>
   <trkpt lat="41.930150000000005" lon="2.92153">
    <ele>278.98</ele>
   </trkpt>
   <trkpt lat="41.93009000000001" lon="2.92133">
    <ele>279.62</ele>
   </trkpt>
   <trkpt lat="41.9301" lon="2.92118">
    <ele>279.62</ele>
   </trkpt>
   <trkpt lat="41.93016" lon="2.9210900000000004">
    <ele>280.78000000000003</ele>
   </trkpt>
   <trkpt lat="41.93027" lon="2.92099">
    <ele>281.23</ele>
   </trkpt>
   <trkpt lat="41.930310000000006" lon="2.9208900000000004">
    <ele>281.23</ele>
   </trkpt>
   <trkpt lat="41.93032" lon="2.92071">
    <ele>282.65000000000003</ele>
   </trkpt>
   <trkpt lat="41.93027" lon="2.9198000000000004">
    <ele>285.39000000000004</ele>
   </trkpt>
   <trkpt lat="41.93038000000001" lon="2.91942">
    <ele>286.26</ele>
   </trkpt>
   <trkpt lat="41.93038000000001" lon="2.9191100000000003">
    <ele>287.26</ele>
   </trkpt>
   <trkpt lat="41.93032" lon="2.91894">
    <ele>287.52</ele>
   </trkpt>
   <trkpt lat="41.930260000000004" lon="2.91888">
    <ele>287.87</ele>
   </trkpt>
   <trkpt lat="41.9301" lon="2.9188500000000004">
    <ele>288.3</ele>
   </trkpt>
   <trkpt lat="41.92985" lon="2.91875">
    <ele>289.86</ele>
   </trkpt>
   <trkpt lat="41.929750000000006" lon="2.91859">
    <ele>289.86</ele>
   </trkpt>
   <trkpt lat="41.92963" lon="2.91827">
    <ele>290.6</ele>
   </trkpt>
   <trkpt lat="41.92956" lon="2.91821">
    <ele>291.38</ele>
   </trkpt>
   <trkpt lat="41.92942" lon="2.9182500000000005">
    <ele>292.23</ele>
   </trkpt>
   <trkpt lat="41.92925" lon="2.9185000000000003">
    <ele>292.23</ele>
   </trkpt>
   <trkpt lat="41.9292" lon="2.9186400000000003">
    <ele>294.23</ele>
   </trkpt>
   <trkpt lat="41.92918" lon="2.9187900000000004">
    <ele>294.23</ele>
   </trkpt>
   <trkpt lat="41.92913" lon="2.91888">
    <ele>294.23</ele>
   </trkpt>
   <trkpt lat="41.92853" lon="2.91941">
    <ele>299.00000000000006</ele>
   </trkpt>
   <trkpt lat="41.928380000000004" lon="2.9196500000000003">
    <ele>300.61</ele>
   </trkpt>
   <trkpt lat="41.9283" lon="2.9197300000000004">
    <ele>300.61</ele>
   </trkpt>
   <trkpt lat="41.92821" lon="2.9197400000000004">
    <ele>302.41</ele>
   </trkpt>
   <trkpt lat="41.92813" lon="2.9197100000000002">
    <ele>302.41</ele>
   </trkpt>
   <trkpt lat="41.928020000000004" lon="2.91956">
    <ele>302.9</ele>
   </trkpt>
   <trkpt lat="41.9279" lon="2.9195">
    <ele>303.54</ele>
   </trkpt>
   <trkpt lat="41.927760000000006" lon="2.9195200000000003">
    <ele>304.70000000000005</ele>
   </trkpt>
   <trkpt lat="41.927640000000004" lon="2.9194700000000005">
    <ele>304.70000000000005</ele>
   </trkpt>
   <trkpt lat="41.92748" lon="2.9192">
    <ele>305.78000000000003</ele>
   </trkpt>
   <trkpt lat="41.92738000000001" lon="2.91894">
    <ele>306.64000000000004</ele>
   </trkpt>
   <trkpt lat="41.92728" lon="2.9184500000000004">
    <ele>307.27000000000004</ele>
   </trkpt>
   <trkpt lat="41.927130000000005" lon="2.9182">
    <ele>307.42</ele>
   </trkpt>
   <trkpt lat="41.9271" lon="2.91805">
    <ele>307.62</ele>
   </trkpt>
   <trkpt lat="41.9271" lon="2.9177400000000002">
    <ele>307.95</ele>
   </trkpt>
   <trkpt lat="41.927020000000006" lon="2.91733">
    <ele>309.03000000000003</ele>
   </trkpt>
   <trkpt lat="41.92709000000001" lon="2.9170000000000003">
    <ele>309.87</ele>
   </trkpt>
   <trkpt lat="41.92709000000001" lon="2.9168700000000003">
    <ele>310.35</ele>
   </trkpt>
   <trkpt lat="41.92705" lon="2.91679">
    <ele>311.39</ele>
   </trkpt>
   <trkpt lat="41.92699" lon="2.9167500000000004">
    <ele>311.39</ele>
   </trkpt>
   <trkpt lat="41.92689" lon="2.9167500000000004">
    <ele>311.39</ele>
   </trkpt>
   <trkpt lat="41.926100000000005" lon="2.9171">
    <ele>316.90000000000003</ele>
   </trkpt>
   <trkpt lat="41.925920000000005" lon="2.9170700000000003">
    <ele>317.97</ele>
   </trkpt>
   <trkpt lat="41.92586" lon="2.91698">
    <ele>318.45</ele>
   </trkpt>
   <trkpt lat="41.925810000000006" lon="2.9166100000000004">
    <ele>319.0</ele>
   </trkpt>
   <trkpt lat="41.92571" lon="2.91618">
    <ele>319.89</ele>
   </trkpt>
   <trkpt lat="41.925700000000006" lon="2.9159900000000003">
    <ele>319.89</ele>
   </trkpt>
   <trkpt lat="41.925810000000006" lon="2.91557">
    <ele>320.21999999999997</ele>
   </trkpt>
   <trkpt lat="41.925810000000006" lon="2.9154600000000004">
    <ele>320.27</ele>
   </trkpt>
   <trkpt lat="41.92577" lon="2.91535">
    <ele>320.31000000000006</ele>
   </trkpt>
   <trkpt lat="41.925720000000005" lon="2.91529">
    <ele>320.31000000000006</ele>
   </trkpt>
   <trkpt lat="41.92551" lon="2.9152600000000004">
    <ele>320.58000000000004</ele>
   </trkpt>
   <trkpt lat="41.925430000000006" lon="2.91523">
    <ele>320.70000000000005</ele>
   </trkpt>
   <trkpt lat="41.925340000000006" lon="2.91514">
    <ele>321.01</ele>
   </trkpt>
   <trkpt lat="41.925200000000004" lon="2.9150400000000003">
    <ele>321.84000000000003</ele>
   </trkpt>
   <trkpt lat="41.92513" lon="2.9150400000000003">
    <ele>322.31000000000006</ele>
   </trkpt>
   <trkpt lat="41.92504" lon="2.91508">
    <ele>322.31000000000006</ele>
   </trkpt>
   <trkpt lat="41.92499" lon="2.9151700000000003">
    <ele>322.31000000000006</ele>
   </trkpt>
   <trkpt lat="41.924910000000004" lon="2.9154400000000003">
    <ele>324.76000000000005</ele>
   </trkpt>
   <trkpt lat="41.924670000000006" lon="2.9159100000000002">
    <ele>326.61</ele>
   </trkpt>
   <trkpt lat="41.92457" lon="2.91597">
    <ele>327.54</ele>
   </trkpt>
   <trkpt lat="41.92447000000001" lon="2.91597">
    <ele>327.93</ele>
   </trkpt>
   <trkpt lat="41.92421" lon="2.9158100000000005">
    <ele>328.86</ele>
   </trkpt>
   <trkpt lat="41.924130000000005" lon="2.9157200000000003">
    <ele>328.86</ele>
   </trkpt>
   <trkpt lat="41.92381" lon="2.91521">
    <ele>330.94</ele>
   </trkpt>
   <trkpt lat="41.92374" lon="2.91515">
    <ele>330.94</ele>
   </trkpt>
   <trkpt lat="41.923640000000006" lon="2.91514">
    <ele>331.45</ele>
   </trkpt>
   <trkpt lat="41.923550000000006" lon="2.91522">
    <ele>331.45</ele>
   </trkpt>
   <trkpt lat="41.923210000000005" lon="2.91562">
    <ele>333.38</ele>
   </trkpt>
   <trkpt lat="41.923170000000006" lon="2.91577">
    <ele>333.70000000000005</ele>
   </trkpt>
   <trkpt lat="41.923080000000006" lon="2.9165500000000004">
    <ele>335.83</ele>
   </trkpt>
   <trkpt lat="41.923" lon="2.91671">
    <ele>336.59</ele>
   </trkpt>
   <trkpt lat="41.92293" lon="2.91678">
    <ele>336.95000000000005</ele>
   </trkpt>
   <trkpt lat="41.92277000000001" lon="2.91676">
    <ele>337.56</ele>
   </trkpt>
   <trkpt lat="41.92269" lon="2.9166900000000004">
    <ele>337.56</ele>
   </trkpt>
   <trkpt lat="41.92262" lon="2.91658">
    <ele>338.55</ele>
   </trkpt>
   <trkpt lat="41.922560000000004" lon="2.91644">
    <ele>338.55</ele>
   </trkpt>
   <trkpt lat="41.922430000000006" lon="2.9160000000000004">
    <ele>340.13000000000005</ele>
   </trkpt>
   <trkpt lat="41.92237" lon="2.9157300000000004">
    <ele>340.43</ele>
   </trkpt>
   <trkpt lat="41.922360000000005" lon="2.91555">
    <ele>341.41</ele>
   </trkpt>
   <trkpt lat="41.92242" lon="2.9153000000000002">
    <ele>341.41</ele>
   </trkpt>
   <trkpt lat="41.922430000000006" lon="2.9151000000000002">
    <ele>342.07000000000005</ele>
   </trkpt>
   <trkpt lat="41.92239" lon="2.91496">
    <ele>342.07000000000005</ele>
   </trkpt>
   <trkpt lat="41.922380000000004" lon="2.9147800000000004">
    <ele>343.03</ele>
   </trkpt>
   <trkpt lat="41.9224" lon="2.9145200000000004">
    <ele>343.03</ele>
   </trkpt>
   <trkpt lat="41.92237" lon="2.91432">
    <ele>344.68</ele>
   </trkpt>
   <trkpt lat="41.922290000000004" lon="2.9142500000000005">
    <ele>344.68</ele>
   </trkpt>
   <trkpt lat="41.92217" lon="2.91421">
    <ele>344.68</ele>
   </trkpt>
   <trkpt lat="41.922090000000004" lon="2.91414">
    <ele>344.68</ele>
   </trkpt>
   <trkpt lat="41.92184" lon="2.91374">
    <ele>345.97</ele>
   </trkpt>
   <trkpt lat="41.92157" lon="2.9137600000000003">
    <ele>347.09</ele>
   </trkpt>
   <trkpt lat="41.921490000000006" lon="2.91371">
    <ele>347.09</ele>
   </trkpt>
   <trkpt lat="41.921400000000006" lon="2.9136200000000003">
    <ele>347.42</ele>
   </trkpt>
   <trkpt lat="41.9213" lon="2.9135700000000004">
    <ele>348.15000000000003</ele>
   </trkpt>
   <trkpt lat="41.92121" lon="2.91358">
    <ele>348.46000000000004</ele>
   </trkpt>
   <trkpt lat="41.92114" lon="2.9136300000000004">
    <ele>348.59000000000003</ele>
   </trkpt>
   <trkpt lat="41.9211" lon="2.91372">
    <ele>348.80000000000007</ele>
   </trkpt>
   <trkpt lat="41.9211" lon="2.9138300000000004">
    <ele>348.80000000000007</ele>
   </trkpt>
   <trkpt lat="41.92134" lon="2.91432">
    <ele>350.12000000000006</ele>
   </trkpt>
   <trkpt lat="41.92137" lon="2.91447">
    <ele>350.12000000000006</ele>
   </trkpt>
   <trkpt lat="41.92136" lon="2.91466">
    <ele>350.12000000000006</ele>
   </trkpt>
   <trkpt lat="41.921170000000004" lon="2.9149700000000003">
    <ele>351.14</ele>
   </trkpt>
   <trkpt lat="41.920910000000006" lon="2.91515">
    <ele>352.75</ele>
   </trkpt>
   <trkpt lat="41.920790000000004" lon="2.91527">
    <ele>352.75</ele>
   </trkpt>
   <trkpt lat="41.920730000000006" lon="2.9153800000000003">
    <ele>352.75</ele>
   </trkpt>
   <trkpt lat="41.92067" lon="2.91583">
    <ele>354.01000000000005</ele>
   </trkpt>
   <trkpt lat="41.9206" lon="2.9159400000000004">
    <ele>354.81</ele>
   </trkpt>
   <trkpt lat="41.92049" lon="2.91604">
    <ele>354.81</ele>
   </trkpt>
   <trkpt lat="41.91998" lon="2.91624">
    <ele>357.37</ele>
   </trkpt>
   <trkpt lat="41.919880000000006" lon="2.91622">
    <ele>357.37</ele>
   </trkpt>
   <trkpt lat="41.91978" lon="2.91615">
    <ele>357.41</ele>
   </trkpt>
   <trkpt lat="41.91968000000001" lon="2.91603">
    <ele>357.35</ele>
   </trkpt>
   <trkpt lat="41.91936500120442" lon="2.9155149975458623">
    <ele>356.76</ele>
   </trkpt>
   <trkpt lat="41.919050000000006" lon="2.915">
    <ele>356.45000000000005</ele>
   </trkpt>
   <trkpt lat="41.91899" lon="2.91481">
    <ele>356.3</ele>
   </trkpt>
   <trkpt lat="41.91893" lon="2.9145200000000004">
    <ele>356.3</ele>
   </trkpt>
   <trkpt lat="41.918800000000005" lon="2.9141500000000002">
    <ele>356.3</ele>
   </trkpt>
   <trkpt lat="41.91859" lon="2.9136800000000003">
    <ele>355.68000000000006</ele>
   </trkpt>
   <trkpt lat="41.918510000000005" lon="2.91345">
    <ele>355.68000000000006</ele>
   </trkpt>
   <trkpt lat="41.918510000000005" lon="2.9132100000000003">
    <ele>355.54</ele>
   </trkpt>
   <trkpt lat="41.91857" lon="2.91298">
    <ele>355.54</ele>
   </trkpt>
   <trkpt lat="41.91866" lon="2.91283">
    <ele>355.43</ele>
   </trkpt>
   <trkpt lat="41.91877" lon="2.9127400000000003">
    <ele>355.24000000000007</ele>
   </trkpt>
   <trkpt lat="41.91913" lon="2.91257">
    <ele>355.24000000000007</ele>
   </trkpt>
   <trkpt lat="41.919290000000004" lon="2.9122800000000004">
    <ele>355.25</ele>
   </trkpt>
   <trkpt lat="41.91937" lon="2.91222">
    <ele>355.25</ele>
   </trkpt>
   <trkpt lat="41.91962" lon="2.91211">
    <ele>355.15000000000003</ele>
   </trkpt>
   <trkpt lat="41.91968000000001" lon="2.9120500000000002">
    <ele>355.15000000000003</ele>
   </trkpt>
   <trkpt lat="41.919700000000006" lon="2.91195">
    <ele>355.02</ele>
   </trkpt>
   <trkpt lat="41.91964" lon="2.91161">
    <ele>355.02</ele>
   </trkpt>
   <trkpt lat="41.91966" lon="2.9114700000000004">
    <ele>355.02</ele>
   </trkpt>
   <trkpt lat="41.919720000000005" lon="2.9113800000000003">
    <ele>355.00000000000006</ele>
   </trkpt>
   <trkpt lat="41.91973" lon="2.9112600000000004">
    <ele>354.92</ele>
   </trkpt>
   <trkpt lat="41.91969" lon="2.9111700000000003">
    <ele>354.92</ele>
   </trkpt>
   <trkpt lat="41.91933" lon="2.91088">
    <ele>354.44</ele>
   </trkpt>
   <trkpt lat="41.91926" lon="2.91066">
    <ele>354.24000000000007</ele>
   </trkpt>
   <trkpt lat="41.91928" lon="2.9099100000000004">
    <ele>354.04</ele>
   </trkpt>
   <trkpt lat="41.919250000000005" lon="2.90979">
    <ele>353.95000000000005</ele>
   </trkpt>
   <trkpt lat="41.91911" lon="2.9096200000000003">
    <ele>353.75</ele>
   </trkpt>
   <trkpt lat="41.919050000000006" lon="2.90951">
    <ele>353.38</ele>
   </trkpt>
   <trkpt lat="41.91901" lon="2.9093000000000004">
    <ele>353.22</ele>
   </trkpt>
   <trkpt lat="41.91903000000001" lon="2.90911">
    <ele>353.11</ele>
   </trkpt>
   <trkpt lat="41.919090000000004" lon="2.9088100000000003">
    <ele>352.89000000000004</ele>
   </trkpt>
   <trkpt lat="41.919090000000004" lon="2.9087">
    <ele>352.68000000000006</ele>
   </trkpt>
   <trkpt lat="41.91906" lon="2.90863">
    <ele>352.68000000000006</ele>
   </trkpt>
   <trkpt lat="41.919000000000004" lon="2.90858">
    <ele>352.68000000000006</ele>
   </trkpt>
   <trkpt lat="41.91893" lon="2.90856">
    <ele>352.18000000000006</ele>
   </trkpt>
   <trkpt lat="41.918530000000004" lon="2.90857">
    <ele>351.87</ele>
   </trkpt>
   <trkpt lat="41.91818000000001" lon="2.9086200000000004">
    <ele>351.83000000000004</ele>
   </trkpt>
   <trkpt lat="41.91812" lon="2.9086700000000003">
    <ele>351.83000000000004</ele>
   </trkpt>
   <trkpt lat="41.917910000000006" lon="2.90897">
    <ele>351.46000000000004</ele>
   </trkpt>
   <trkpt lat="41.91780000000001" lon="2.90905">
    <ele>351.46000000000004</ele>
   </trkpt>
   <trkpt lat="41.91774" lon="2.90913">
    <ele>351.46000000000004</ele>
   </trkpt>
   <trkpt lat="41.917570000000005" lon="2.9095400000000002">
    <ele>351.52000000000004</ele>
   </trkpt>
   <trkpt lat="41.91747" lon="2.90966">
    <ele>351.44</ele>
   </trkpt>
   <trkpt lat="41.91736" lon="2.9097000000000004">
    <ele>351.34000000000003</ele>
   </trkpt>
   <trkpt lat="41.91722" lon="2.90971">
    <ele>351.0</ele>
   </trkpt>
   <trkpt lat="41.91667" lon="2.90958">
    <ele>350.69</ele>
   </trkpt>
   <trkpt lat="41.916540000000005" lon="2.90958">
    <ele>350.33000000000004</ele>
   </trkpt>
   <trkpt lat="41.916410000000006" lon="2.9096400000000004">
    <ele>350.33000000000004</ele>
   </trkpt>
   <trkpt lat="41.916070000000005" lon="2.9099000000000004">
    <ele>350.34000000000003</ele>
   </trkpt>
   <trkpt lat="41.915940000000006" lon="2.90993">
    <ele>350.29</ele>
   </trkpt>
   <trkpt lat="41.915850000000006" lon="2.9098900000000003">
    <ele>350.29</ele>
   </trkpt>
   <trkpt lat="41.9157" lon="2.9096900000000003">
    <ele>350.06</ele>
   </trkpt>
   <trkpt lat="41.915620000000004" lon="2.9090800000000003">
    <ele>349.96000000000004</ele>
   </trkpt>
   <trkpt lat="41.91559" lon="2.9090000000000003">
    <ele>349.96000000000004</ele>
   </trkpt>
   <trkpt lat="41.915510000000005" lon="2.9089300000000002">
    <ele>349.91</ele>
   </trkpt>
   <trkpt lat="41.915020000000005" lon="2.9088600000000002">
    <ele>349.48</ele>
   </trkpt>
   <trkpt lat="41.914840000000005" lon="2.9088100000000003">
    <ele>349.48</ele>
   </trkpt>
   <trkpt lat="41.91463" lon="2.9086600000000002">
    <ele>349.37</ele>
   </trkpt>
   <trkpt lat="41.91420500052901" lon="2.908299997574706">
    <ele>349.27000000000004</ele>
   </trkpt>
   <trkpt lat="41.91378" lon="2.9079400000000004">
    <ele>348.61</ele>
   </trkpt>
   <trkpt lat="41.91355" lon="2.90782">
    <ele>348.61</ele>
   </trkpt>
   <trkpt lat="41.91317" lon="2.9077400000000004">
    <ele>348.25</ele>
   </trkpt>
   <trkpt lat="41.912650000000006" lon="2.9075900000000003">
    <ele>348.16</ele>
   </trkpt>
   <trkpt lat="41.911860000000004" lon="2.90728">
    <ele>347.74000000000007</ele>
   </trkpt>
   <trkpt lat="41.911370000000005" lon="2.9073">
    <ele>347.31</ele>
   </trkpt>
   <trkpt lat="41.911170000000006" lon="2.9072000000000005">
    <ele>347.14</ele>
   </trkpt>
   <trkpt lat="41.91104000000001" lon="2.90716">
    <ele>347.03</ele>
   </trkpt>
   <trkpt lat="41.91095000000001" lon="2.9072000000000005">
    <ele>346.82</ele>
   </trkpt>
   <trkpt lat="41.91085" lon="2.9073100000000003">
    <ele>346.52000000000004</ele>
   </trkpt>
   <trkpt lat="41.910740000000004" lon="2.9075">
    <ele>345.83000000000004</ele>
   </trkpt>
   <trkpt lat="41.91066" lon="2.9075900000000003">
    <ele>345.43</ele>
   </trkpt>
   <trkpt lat="41.910560000000004" lon="2.90761">
    <ele>344.98</ele>
   </trkpt>
   <trkpt lat="41.91048000000001" lon="2.9075900000000003">
    <ele>344.98</ele>
   </trkpt>
   <trkpt lat="41.91017" lon="2.90741">
    <ele>342.0</ele>
   </trkpt>
   <trkpt lat="41.910030000000006" lon="2.9073700000000002">
    <ele>342.0</ele>
   </trkpt>
   <trkpt lat="41.909870000000005" lon="2.9073700000000002">
    <ele>340.81</ele>
   </trkpt>
   <trkpt lat="41.909670000000006" lon="2.9074600000000004">
    <ele>339.94</ele>
   </trkpt>
   <trkpt lat="41.90955" lon="2.9074500000000003">
    <ele>339.43</ele>
   </trkpt>
   <trkpt lat="41.909240000000004" lon="2.90736">
    <ele>338.71</ele>
   </trkpt>
   <trkpt lat="41.90916" lon="2.9074000000000004">
    <ele>338.18</ele>
   </trkpt>
   <trkpt lat="41.909090000000006" lon="2.9074700000000004">
    <ele>337.95000000000005</ele>
   </trkpt>
   <trkpt lat="41.90908" lon="2.90757">
    <ele>337.43</ele>
   </trkpt>
   <trkpt lat="41.909135003510606" lon="2.9084699991733634">
    <ele>331.68</ele>
   </trkpt>
   <trkpt lat="41.90919" lon="2.9093700000000005">
    <ele>328.6</ele>
   </trkpt>
   <trkpt lat="41.90921" lon="2.9101500000000002">
    <ele>326.19000000000005</ele>
   </trkpt>
   <trkpt lat="41.90917" lon="2.9102300000000003">
    <ele>325.84000000000003</ele>
   </trkpt>
   <trkpt lat="41.909090000000006" lon="2.91028">
    <ele>324.99</ele>
   </trkpt>
   <trkpt lat="41.909020000000005" lon="2.91028">
    <ele>324.99</ele>
   </trkpt>
   <trkpt lat="41.908950000000004" lon="2.9102400000000004">
    <ele>323.06</ele>
   </trkpt>
   <trkpt lat="41.90849" lon="2.9098100000000002">
    <ele>319.64000000000004</ele>
   </trkpt>
   <trkpt lat="41.908390000000004" lon="2.90979">
    <ele>318.84000000000003</ele>
   </trkpt>
   <trkpt lat="41.90829" lon="2.9098400000000004">
    <ele>318.84000000000003</ele>
   </trkpt>
   <trkpt lat="41.90822" lon="2.9099500000000003">
    <ele>317.65000000000003</ele>
   </trkpt>
   <trkpt lat="41.90814" lon="2.91001">
    <ele>317.65000000000003</ele>
   </trkpt>
   <trkpt lat="41.908030000000004" lon="2.91005">
    <ele>316.27000000000004</ele>
   </trkpt>
   <trkpt lat="41.90796" lon="2.9100300000000003">
    <ele>315.75</ele>
   </trkpt>
   <trkpt lat="41.90789" lon="2.9099600000000003">
    <ele>315.75</ele>
   </trkpt>
   <trkpt lat="41.907830000000004" lon="2.90986">
    <ele>314.77000000000004</ele>
   </trkpt>
   <trkpt lat="41.90775" lon="2.90979">
    <ele>314.77000000000004</ele>
   </trkpt>
   <trkpt lat="41.90766" lon="2.90978">
    <ele>313.96000000000004</ele>
   </trkpt>
   <trkpt lat="41.90758" lon="2.9098300000000004">
    <ele>313.35</ele>
   </trkpt>
   <trkpt lat="41.907430000000005" lon="2.9102200000000003">
    <ele>311.14000000000004</ele>
   </trkpt>
   <trkpt lat="41.90733" lon="2.91032">
    <ele>309.73</ele>
   </trkpt>
   <trkpt lat="41.90724" lon="2.9103100000000004">
    <ele>309.73</ele>
   </trkpt>
   <trkpt lat="41.90655" lon="2.9098100000000002">
    <ele>303.42</ele>
   </trkpt>
   <trkpt lat="41.90644" lon="2.9097700000000004">
    <ele>302.62</ele>
   </trkpt>
   <trkpt lat="41.906330000000004" lon="2.9098">
    <ele>302.62</ele>
   </trkpt>
   <trkpt lat="41.90628" lon="2.90987">
    <ele>301.87</ele>
   </trkpt>
   <trkpt lat="41.90617" lon="2.9099600000000003">
    <ele>301.18</ele>
   </trkpt>
   <trkpt lat="41.906090000000006" lon="2.90999">
    <ele>300.78000000000003</ele>
   </trkpt>
   <trkpt lat="41.90581" lon="2.9099500000000003">
    <ele>299.86</ele>
   </trkpt>
   <trkpt lat="41.90572" lon="2.9099600000000003">
    <ele>299.86</ele>
   </trkpt>
   <trkpt lat="41.905640000000005" lon="2.91006">
    <ele>298.11</ele>
   </trkpt>
   <trkpt lat="41.90554" lon="2.9102900000000003">
    <ele>298.11</ele>
   </trkpt>
   <trkpt lat="41.90549" lon="2.9103600000000003">
    <ele>297.69</ele>
   </trkpt>
   <trkpt lat="41.90541" lon="2.91039">
    <ele>297.19</ele>
   </trkpt>
   <trkpt lat="41.90529" lon="2.91034">
    <ele>296.57</ele>
   </trkpt>
   <trkpt lat="41.905190000000005" lon="2.9102500000000004">
    <ele>295.2</ele>
   </trkpt>
   <trkpt lat="41.90513000000001" lon="2.91006">
    <ele>293.97</ele>
   </trkpt>
   <trkpt lat="41.905120000000004" lon="2.9098300000000004">
    <ele>293.21000000000004</ele>
   </trkpt>
   <trkpt lat="41.90507" lon="2.9095700000000004">
    <ele>291.89000000000004</ele>
   </trkpt>
   <trkpt lat="41.90495000000001" lon="2.9092000000000002">
    <ele>290.74</ele>
   </trkpt>
   <trkpt lat="41.90469" lon="2.9090700000000003">
    <ele>289.86</ele>
   </trkpt>
   <trkpt lat="41.90462" lon="2.9089300000000002">
    <ele>289.31</ele>
   </trkpt>
   <trkpt lat="41.90462" lon="2.90878">
    <ele>288.53000000000003</ele>
   </trkpt>
   <trkpt lat="41.90478" lon="2.9085400000000003">
    <ele>287.01000000000005</ele>
   </trkpt>
   <trkpt lat="41.9048" lon="2.9084100000000004">
    <ele>287.01000000000005</ele>
   </trkpt>
   <trkpt lat="41.90475" lon="2.90829">
    <ele>285.37</ele>
   </trkpt>
   <trkpt lat="41.90467" lon="2.9082600000000003">
    <ele>285.37</ele>
   </trkpt>
   <trkpt lat="41.90424" lon="2.90818">
    <ele>281.85</ele>
   </trkpt>
   <trkpt lat="41.90410000000001" lon="2.9080800000000004">
    <ele>277.55</ele>
   </trkpt>
   <trkpt lat="41.90346334361352" lon="2.9073916323530047">
    <ele>271.54</ele>
   </trkpt>
   <trkpt lat="41.90282668311613" lon="2.9067032784336413">
    <ele>264.97</ele>
   </trkpt>
   <trkpt lat="41.902190018508016" lon="2.9060149382414178">
    <ele>258.41</ele>
   </trkpt>
   <trkpt lat="41.90155334978932" lon="2.905326611775842">
    <ele>253.73000000000002</ele>
   </trkpt>
   <trkpt lat="41.90091667696024" lon="2.9046382990364217">
    <ele>248.9</ele>
   </trkpt>
   <trkpt lat="41.90028" lon="2.90395">
    <ele>249.17000000000002</ele>
   </trkpt>
   <trkpt lat="41.89968200711934" lon="2.9033099760401466">
    <ele>246.15</ele>
   </trkpt>
   <trkpt lat="41.89908401068495" lon="2.9026699640671363">
    <ele>240.67000000000002</ele>
   </trkpt>
   <trkpt lat="41.89848601069697" lon="2.9020299640805636">
    <ele>239.12000000000003</ele>
   </trkpt>
   <trkpt lat="41.89788800715556" lon="2.9013899760800244">
    <ele>239.23000000000002</ele>
   </trkpt>
   <trkpt lat="41.897290000000005" lon="2.9007500000000004">
    <ele>239.55</ele>
   </trkpt>
   <trkpt lat="41.896750000000004" lon="2.89996">
    <ele>239.59000000000003</ele>
   </trkpt>
   <trkpt lat="41.89623" lon="2.8991300000000004">
    <ele>239.73000000000002</ele>
   </trkpt>
   <trkpt lat="41.89578000179366" lon="2.8984649951303303">
    <ele>238.08</ele>
   </trkpt>
   <trkpt lat="41.89533" lon="2.8978">
    <ele>233.54000000000002</ele>
   </trkpt>
   <trkpt lat="41.89513" lon="2.8976800000000003">
    <ele>231.64000000000001</ele>
   </trkpt>
   <trkpt lat="41.8947" lon="2.8976900000000003">
    <ele>228.60000000000002</ele>
   </trkpt>
   <trkpt lat="41.894560000000006" lon="2.8975500000000003">
    <ele>226.36</ele>
   </trkpt>
   <trkpt lat="41.894400000000005" lon="2.8972700000000002">
    <ele>224.52</ele>
   </trkpt>
   <trkpt lat="41.89434000000001" lon="2.89697">
    <ele>224.52</ele>
   </trkpt>
   <trkpt lat="41.8944300037419" lon="2.89604000141159">
    <ele>219.11</ele>
   </trkpt>
   <trkpt lat="41.89452" lon="2.8951100000000003">
    <ele>215.38000000000002</ele>
   </trkpt>
   <trkpt lat="41.89444000274646" lon="2.8943099987011833">
    <ele>211.44000000000003</ele>
   </trkpt>
   <trkpt lat="41.894360000000006" lon="2.89351">
    <ele>207.85</ele>
   </trkpt>
   <trkpt lat="41.894235001554705" lon="2.8929149989261687">
    <ele>205.88</ele>
   </trkpt>
   <trkpt lat="41.894110000000005" lon="2.8923200000000002">
    <ele>203.17000000000002</ele>
   </trkpt>
   <trkpt lat="41.89401" lon="2.8919900000000003">
    <ele>201.23000000000002</ele>
   </trkpt>
   <trkpt lat="41.89369000000001" lon="2.89143">
    <ele>199.4</ele>
   </trkpt>
   <trkpt lat="41.893510000000006" lon="2.8909100000000003">
    <ele>196.76000000000002</ele>
   </trkpt>
   <trkpt lat="41.89331000000001" lon="2.8901600000000003">
    <ele>193.23000000000002</ele>
   </trkpt>
   <trkpt lat="41.89329" lon="2.8897100000000004">
    <ele>192.53</ele>
   </trkpt>
   <trkpt lat="41.893390000000004" lon="2.8891600000000004">
    <ele>189.58</ele>
   </trkpt>
   <trkpt lat="41.89341" lon="2.88892">
    <ele>188.62</ele>
   </trkpt>
   <trkpt lat="41.893260000000005" lon="2.8879300000000003">
    <ele>182.49</ele>
   </trkpt>
   <trkpt lat="41.89318" lon="2.8877200000000003">
    <ele>182.49</ele>
   </trkpt>
   <trkpt lat="41.892860000000006" lon="2.88735">
    <ele>180.03000000000003</ele>
   </trkpt>
   <trkpt lat="41.892790000000005" lon="2.88723">
    <ele>178.38</ele>
   </trkpt>
   <trkpt lat="41.89275000000001" lon="2.8870500000000003">
    <ele>178.38</ele>
   </trkpt>
   <trkpt lat="41.89267" lon="2.8869100000000003">
    <ele>177.9</ele>
   </trkpt>
   <trkpt lat="41.892430000000004" lon="2.88668">
    <ele>175.93</ele>
   </trkpt>
   <trkpt lat="41.89222" lon="2.8865100000000004">
    <ele>174.70000000000002</ele>
   </trkpt>
   <trkpt lat="41.892030000000005" lon="2.8861700000000003">
    <ele>173.49</ele>
   </trkpt>
   <trkpt lat="41.89186" lon="2.886">
    <ele>173.01000000000002</ele>
   </trkpt>
   <trkpt lat="41.89179" lon="2.88586">
    <ele>172.45000000000002</ele>
   </trkpt>
   <trkpt lat="41.89168" lon="2.88525">
    <ele>171.04000000000002</ele>
   </trkpt>
   <trkpt lat="41.891650000000006" lon="2.88452">
    <ele>169.63</ele>
   </trkpt>
   <trkpt lat="41.89135" lon="2.8837400000000004">
    <ele>167.48000000000002</ele>
   </trkpt>
   <trkpt lat="41.89108" lon="2.8832000000000004">
    <ele>165.58</ele>
   </trkpt>
   <trkpt lat="41.890735001244764" lon="2.882664997115497">
    <ele>164.29000000000002</ele>
   </trkpt>
   <trkpt lat="41.890390000000004" lon="2.88213">
    <ele>161.81</ele>
   </trkpt>
   <trkpt lat="41.89006667711059" lon="2.881033322266652">
    <ele>158.79000000000002</ele>
   </trkpt>
   <trkpt lat="41.889743343787515" lon="2.8799366556349915">
    <ele>154.46</ele>
   </trkpt>
   <trkpt lat="41.88942" lon="2.8788400000000003">
    <ele>154.10000000000002</ele>
   </trkpt>
   <trkpt lat="41.88962" lon="2.8783200000000004">
    <ele>151.97000000000003</ele>
   </trkpt>
   <trkpt lat="41.889700000000005" lon="2.8779000000000003">
    <ele>150.33</ele>
   </trkpt>
   <trkpt lat="41.88973" lon="2.87732">
    <ele>149.42000000000002</ele>
   </trkpt>
   <trkpt lat="41.889730005836725" lon="2.8761600002854477">
    <ele>147.1</ele>
   </trkpt>
   <trkpt lat="41.88973" lon="2.8750000000000004">
    <ele>144.6</ele>
   </trkpt>
   <trkpt lat="41.88975000519901" lon="2.873905000448371">
    <ele>142.43</ele>
   </trkpt>
   <trkpt lat="41.889770000000006" lon="2.8728100000000003">
    <ele>140.71</ele>
   </trkpt>
   <trkpt lat="41.889810000000004" lon="2.8718700000000004">
    <ele>139.40000000000003</ele>
   </trkpt>
   <trkpt lat="41.889990000000004" lon="2.8709800000000003">
    <ele>137.28</ele>
   </trkpt>
   <trkpt lat="41.89036" lon="2.86994">
    <ele>134.47</ele>
   </trkpt>
   <trkpt lat="41.8907675071866" lon="2.8691975141872987">
    <ele>133.48000000000002</ele>
   </trkpt>
   <trkpt lat="41.89117500959059" lon="2.868455018901259">
    <ele>132.36</ele>
   </trkpt>
   <trkpt lat="41.891582507211815" lon="2.8677125141417354">
    <ele>131.5</ele>
   </trkpt>
   <trkpt lat="41.89199000000001" lon="2.8669700000000002">
    <ele>131.3</ele>
   </trkpt>
   <trkpt lat="41.89246000000001" lon="2.8661600000000003">
    <ele>130.44</ele>
   </trkpt>
   <trkpt lat="41.892610000000005" lon="2.8659800000000004">
    <ele>130.01000000000002</ele>
   </trkpt>
   <trkpt lat="41.89269" lon="2.8657800000000004">
    <ele>129.82000000000002</ele>
   </trkpt>
   <trkpt lat="41.89287" lon="2.86547">
    <ele>129.34</ele>
   </trkpt>
   <trkpt lat="41.893170000000005" lon="2.8650100000000003">
    <ele>128.60000000000002</ele>
   </trkpt>
   <trkpt lat="41.893190000000004" lon="2.86492">
    <ele>128.60000000000002</ele>
   </trkpt>
   <trkpt lat="41.8932" lon="2.8646300000000005">
    <ele>128.46</ele>
   </trkpt>
   <trkpt lat="41.89316" lon="2.8644700000000003">
    <ele>128.42000000000002</ele>
   </trkpt>
   <trkpt lat="41.89309" lon="2.86432">
    <ele>128.20000000000002</ele>
   </trkpt>
   <trkpt lat="41.89302" lon="2.86382">
    <ele>127.52000000000002</ele>
   </trkpt>
   <trkpt lat="41.89302" lon="2.8634100000000005">
    <ele>126.24000000000002</ele>
   </trkpt>
   <trkpt lat="41.89305" lon="2.8629300000000004">
    <ele>125.48</ele>
   </trkpt>
   <trkpt lat="41.89314667258325" lon="2.8621033359380057">
    <ele>124.21000000000001</ele>
   </trkpt>
   <trkpt lat="41.893243339237955" lon="2.861276669373734">
    <ele>123.51</ele>
   </trkpt>
   <trkpt lat="41.89334" lon="2.86045">
    <ele>123.42000000000002</ele>
   </trkpt>
   <trkpt lat="41.893390000000004" lon="2.86017">
    <ele>123.44000000000001</ele>
   </trkpt>
   <trkpt lat="41.89343" lon="2.8600700000000003">
    <ele>123.44000000000001</ele>
   </trkpt>
   <trkpt lat="41.89349" lon="2.85997">
    <ele>123.64000000000001</ele>
   </trkpt>
   <trkpt lat="41.893600000000006" lon="2.8599">
    <ele>123.64000000000001</ele>
   </trkpt>
   <trkpt lat="41.893660000000004" lon="2.85982">
    <ele>123.64000000000001</ele>
   </trkpt>
   <trkpt lat="41.89369000000001" lon="2.8597300000000003">
    <ele>123.73</ele>
   </trkpt>
   <trkpt lat="41.8937" lon="2.85955">
    <ele>123.74000000000001</ele>
   </trkpt>
   <trkpt lat="41.89367" lon="2.85944">
    <ele>123.74000000000001</ele>
   </trkpt>
   <trkpt lat="41.89361" lon="2.8593400000000004">
    <ele>123.74000000000001</ele>
   </trkpt>
   <trkpt lat="41.893550000000005" lon="2.8591200000000003">
    <ele>123.54</ele>
   </trkpt>
   <trkpt lat="41.89352" lon="2.85881">
    <ele>123.54</ele>
   </trkpt>
   <trkpt lat="41.8936050020795" lon="2.8581150010534757">
    <ele>123.22000000000001</ele>
   </trkpt>
   <trkpt lat="41.89369000000001" lon="2.8574200000000003">
    <ele>123.22000000000001</ele>
   </trkpt>
   <trkpt lat="41.8938215485862" lon="2.8562438579444946">
    <ele>122.56000000000002</ele>
   </trkpt>
   <trkpt lat="41.89395308517157" lon="2.8550677110444425">
    <ele>122.37</ele>
   </trkpt>
   <trkpt lat="41.89408460975603" lon="2.8538915593002456">
    <ele>122.10000000000001</ele>
   </trkpt>
   <trkpt lat="41.894216122339444" lon="2.8527154027123016">
    <ele>121.93</ele>
   </trkpt>
   <trkpt lat="41.89434762292174" lon="2.8515392412810123">
    <ele>121.41</ele>
   </trkpt>
   <trkpt lat="41.8944791115028" lon="2.850363075006776">
    <ele>120.28000000000002</ele>
   </trkpt>
   <trkpt lat="41.89461058808249" lon="2.849186903889993">
    <ele>120.27000000000001</ele>
   </trkpt>
   <trkpt lat="41.89474205266075" lon="2.8480107279310625">
    <ele>123.05</ele>
   </trkpt>
   <trkpt lat="41.89487350523747" lon="2.846834547130385">
    <ele>126.84</ele>
   </trkpt>
   <trkpt lat="41.895004945812516" lon="2.845658361488359">
    <ele>129.46</ele>
   </trkpt>
   <trkpt lat="41.8951363743858" lon="2.8444821710053856">
    <ele>130.07000000000002</ele>
   </trkpt>
   <trkpt lat="41.89526779095723" lon="2.8433059756818633">
    <ele>127.71000000000002</ele>
   </trkpt>
   <trkpt lat="41.89539919552668" lon="2.8421297755181936">
    <ele>123.81</ele>
   </trkpt>
   <trkpt lat="41.89553058809405" lon="2.840953570514775">
    <ele>119.86</ele>
   </trkpt>
   <trkpt lat="41.89566196865924" lon="2.839777360672007">
    <ele>115.65</ele>
   </trkpt>
   <trkpt lat="41.89579333722215" lon="2.8386011459902907">
    <ele>110.60000000000001</ele>
   </trkpt>
   <trkpt lat="41.89592469378267" lon="2.8374249264700255">
    <ele>106.14000000000001</ele>
   </trkpt>
   <trkpt lat="41.89605603834069" lon="2.836248702111612">
    <ele>105.79</ele>
   </trkpt>
   <trkpt lat="41.8961873708961" lon="2.835072472915448">
    <ele>107.22000000000001</ele>
   </trkpt>
   <trkpt lat="41.89631869144882" lon="2.8338962388819344">
    <ele>111.49000000000001</ele>
   </trkpt>
   <trkpt lat="41.89645" lon="2.83272">
    <ele>113.61</ele>
   </trkpt>
   <trkpt lat="41.8965" lon="2.8325600000000004">
    <ele>113.61</ele>
   </trkpt>
   <trkpt lat="41.89658" lon="2.8324200000000004">
    <ele>114.16000000000001</ele>
   </trkpt>
   <trkpt lat="41.89669000000001" lon="2.8323400000000003">
    <ele>114.16000000000001</ele>
   </trkpt>
   <trkpt lat="41.89676" lon="2.8322000000000003">
    <ele>114.45</ele>
   </trkpt>
   <trkpt lat="41.89676" lon="2.8320600000000002">
    <ele>114.41000000000001</ele>
   </trkpt>
   <trkpt lat="41.89674" lon="2.83198">
    <ele>114.12</ele>
   </trkpt>
   <trkpt lat="41.8967" lon="2.8319">
    <ele>114.12</ele>
   </trkpt>
   <trkpt lat="41.89665" lon="2.8310400000000002">
    <ele>112.91000000000001</ele>
   </trkpt>
   <trkpt lat="41.89677669395461" lon="2.829918344451384">
    <ele>112.19000000000001</ele>
   </trkpt>
   <trkpt lat="41.89690337699444" lon="2.82879668445268">
    <ele>111.50000000000001</ele>
   </trkpt>
   <trkpt lat="41.897030049119394" lon="2.8276750200042344">
    <ele>109.80000000000001</ele>
   </trkpt>
   <trkpt lat="41.89715671032938" lon="2.826553351106392">
    <ele>105.50000000000001</ele>
   </trkpt>
   <trkpt lat="41.8972833606243" lon="2.8254316777594997">
    <ele>100.77000000000001</ele>
   </trkpt>
   <trkpt lat="41.89741" lon="2.82431">
    <ele>98.9</ele>
   </trkpt>
   <trkpt lat="41.89746" lon="2.8240900000000004">
    <ele>98.9</ele>
   </trkpt>
   <trkpt lat="41.89752" lon="2.8239400000000003">
    <ele>98.85000000000001</ele>
   </trkpt>
   <trkpt lat="41.89759" lon="2.82389">
    <ele>98.85000000000001</ele>
   </trkpt>
   <trkpt lat="41.89764" lon="2.8238100000000004">
    <ele>98.64</ele>
   </trkpt>
   <trkpt lat="41.89773" lon="2.82376">
    <ele>98.64</ele>
   </trkpt>
   <trkpt lat="41.897850000000005" lon="2.8237300000000003">
    <ele>98.31</ele>
   </trkpt>
   <trkpt lat="41.898649999976065" lon="2.8238249988024093">
    <ele>98.2</ele>
   </trkpt>
   <trkpt lat="41.89945" lon="2.82392">
    <ele>98.64</ele>
   </trkpt>
   <trkpt lat="41.90001" lon="2.82392">
    <ele>98.72</ele>
   </trkpt>
   <trkpt lat="41.90062000002001" lon="2.8238900005725682">
    <ele>98.54</ele>
   </trkpt>
   <trkpt lat="41.90123000003222" lon="2.823860000571975">
    <ele>98.29</ele>
   </trkpt>
   <trkpt lat="41.90184" lon="2.82383">
    <ele>98.19000000000001</ele>
   </trkpt>
   <trkpt lat="41.90185" lon="2.82377">
    <ele>98.12</ele>
   </trkpt>
   <trkpt lat="41.901900000000005" lon="2.8237500000000004">
    <ele>98.12</ele>
   </trkpt>
   <trkpt lat="41.90194" lon="2.82377">
    <ele>98.10000000000001</ele>
   </trkpt>
   <trkpt lat="41.901970000000006" lon="2.8238200000000004">
    <ele>98.10000000000001</ele>
   </trkpt>
   <trkpt lat="41.9024" lon="2.8238100000000004">
    <ele>98.14</ele>
   </trkpt>
   <trkpt lat="41.9027" lon="2.82378">
    <ele>98.42</ele>
   </trkpt>
   <trkpt lat="41.90296" lon="2.8237200000000002">
    <ele>98.72</ele>
   </trkpt>
   <trkpt lat="41.903290000000005" lon="2.8236100000000004">
    <ele>98.88000000000001</ele>
   </trkpt>
   <trkpt lat="41.903650000000006" lon="2.82331">
    <ele>99.11</ele>
   </trkpt>
   <trkpt lat="41.90426" lon="2.82275">
    <ele>99.60000000000001</ele>
   </trkpt>
   <trkpt lat="41.90458" lon="2.8225300000000004">
    <ele>99.58</ele>
   </trkpt>
   <trkpt lat="41.9054" lon="2.8221100000000003">
    <ele>100.37000000000002</ele>
   </trkpt>
   <trkpt lat="41.90584500044993" lon="2.8218450017605523">
    <ele>100.52000000000001</ele>
   </trkpt>
   <trkpt lat="41.906290000000006" lon="2.8215800000000004">
    <ele>100.83</ele>
   </trkpt>
   <trkpt lat="41.9067" lon="2.82126">
    <ele>101.02000000000001</ele>
   </trkpt>
   <trkpt lat="41.90681" lon="2.8212900000000003">
    <ele>101.01</ele>
   </trkpt>
   <trkpt lat="41.907270000000004" lon="2.82078">
    <ele>100.77000000000001</ele>
   </trkpt>
   <trkpt lat="41.90774000189209" lon="2.8201100050113705">
    <ele>100.25</ele>
   </trkpt>
   <trkpt lat="41.908210000000004" lon="2.81944">
    <ele>99.91000000000001</ele>
   </trkpt>
   <trkpt lat="41.908610001325656" lon="2.8188650037589507">
    <ele>99.35000000000001</ele>
   </trkpt>
   <trkpt lat="41.90901" lon="2.81829">
    <ele>98.80000000000001</ele>
   </trkpt>
   <trkpt lat="41.90923" lon="2.8180400000000003">
    <ele>98.80000000000001</ele>
   </trkpt>
   <trkpt lat="41.90979" lon="2.81755">
    <ele>98.66000000000001</ele>
   </trkpt>
   <trkpt lat="41.910410000000006" lon="2.8170900000000003">
    <ele>98.47</ele>
   </trkpt>
   <trkpt lat="41.9104" lon="2.81698">
    <ele>98.42</ele>
   </trkpt>
   <trkpt lat="41.910650000000004" lon="2.8168200000000003">
    <ele>98.26</ele>
   </trkpt>
   <trkpt lat="41.91104000000001" lon="2.8166200000000003">
    <ele>98.26</ele>
   </trkpt>
   <trkpt lat="41.911260000000006" lon="2.81658">
    <ele>98.18</ele>
   </trkpt>
   <trkpt lat="41.911620000000006" lon="2.81657">
    <ele>98.07000000000001</ele>
   </trkpt>
   <trkpt lat="41.91227000000001" lon="2.81665">
    <ele>97.91000000000001</ele>
   </trkpt>
   <trkpt lat="41.912880000011285" lon="2.8167449990877547">
    <ele>97.77000000000001</ele>
   </trkpt>
   <trkpt lat="41.91349" lon="2.81684">
    <ele>97.74000000000001</ele>
   </trkpt>
   <trkpt lat="41.91404000011382" lon="2.8169249992802836">
    <ele>97.64</ele>
   </trkpt>
   <trkpt lat="41.914590000000004" lon="2.8170100000000002">
    <ele>97.66000000000001</ele>
   </trkpt>
   <trkpt lat="41.91508" lon="2.8170200000000003">
    <ele>98.0</ele>
   </trkpt>
   <trkpt lat="41.91588" lon="2.81698">
    <ele>97.96000000000001</ele>
   </trkpt>
   <trkpt lat="41.91611" lon="2.81694">
    <ele>97.87</ele>
   </trkpt>
   <trkpt lat="41.91671666684641" lon="2.8167600034522264">
    <ele>97.77000000000001</ele>
   </trkpt>
   <trkpt lat="41.91732333341174" lon="2.8165800034823456">
    <ele>98.03</ele>
   </trkpt>
   <trkpt lat="41.917930000000005" lon="2.8164000000000002">
    <ele>98.62</ele>
   </trkpt>
   <trkpt lat="41.91821" lon="2.8163400000000003">
    <ele>99.08</ele>
   </trkpt>
   <trkpt lat="41.918710000000004" lon="2.8163">
    <ele>100.45</ele>
   </trkpt>
   <trkpt lat="41.918690000000005" lon="2.8163">
    <ele>100.4</ele>
   </trkpt>
   <trkpt lat="41.919070000000005" lon="2.81632">
    <ele>101.70000000000002</ele>
   </trkpt>
   <trkpt lat="41.91955" lon="2.8164000000000002">
    <ele>104.71000000000001</ele>
   </trkpt>
   <trkpt lat="41.920080000000006" lon="2.81652">
    <ele>104.4</ele>
   </trkpt>
   <trkpt lat="41.92063" lon="2.81658">
    <ele>100.93</ele>
   </trkpt>
   <trkpt lat="41.9211" lon="2.81652">
    <ele>95.54</ele>
   </trkpt>
   <trkpt lat="41.921620000000004" lon="2.81631">
    <ele>92.6</ele>
   </trkpt>
   <trkpt lat="41.92228666780063" lon="2.815950007517556">
    <ele>89.8</ele>
   </trkpt>
   <trkpt lat="41.92295333447682" lon="2.8155900075125273">
    <ele>88.31000000000002</ele>
   </trkpt>
   <trkpt lat="41.92362000000001" lon="2.81523">
    <ele>88.07000000000001</ele>
   </trkpt>
   <trkpt lat="41.92385" lon="2.8151200000000003">
    <ele>88.10000000000001</ele>
   </trkpt>
   <trkpt lat="41.92419" lon="2.8149900000000003">
    <ele>88.16</ele>
   </trkpt>
   <trkpt lat="41.925020000257234" lon="2.814740003256484">
    <ele>90.19</ele>
   </trkpt>
   <trkpt lat="41.925850000000004" lon="2.81449">
    <ele>90.96000000000001</ele>
   </trkpt>
   <trkpt lat="41.926050000000004" lon="2.81435">
    <ele>91.07000000000001</ele>
   </trkpt>
   <trkpt lat="41.926120000000004" lon="2.81422">
    <ele>90.94000000000001</ele>
   </trkpt>
   <trkpt lat="41.9262" lon="2.8139600000000002">
    <ele>90.63</ele>
   </trkpt>
   <trkpt lat="41.926280000000006" lon="2.8135000000000003">
    <ele>90.12</ele>
   </trkpt>
   <trkpt lat="41.92633" lon="2.8133700000000004">
    <ele>89.91</ele>
   </trkpt>
   <trkpt lat="41.92642" lon="2.8132800000000002">
    <ele>89.87</ele>
   </trkpt>
   <trkpt lat="41.92685" lon="2.8131000000000004">
    <ele>90.00000000000001</ele>
   </trkpt>
   <trkpt lat="41.927666666937625" lon="2.812916671365172">
    <ele>90.24</ele>
   </trkpt>
   <trkpt lat="41.92848333358363" lon="2.8127333380365633">
    <ele>92.37</ele>
   </trkpt>
   <trkpt lat="41.929300000000005" lon="2.8125500000000003">
    <ele>98.79</ele>
   </trkpt>
   <trkpt lat="41.929825000063964" lon="2.8124950004473286">
    <ele>100.88000000000001</ele>
   </trkpt>
   <trkpt lat="41.930350000000004" lon="2.81244">
    <ele>102.63000000000001</ele>
   </trkpt>
   <trkpt lat="41.93039" lon="2.81319">
    <ele>101.84000000000002</ele>
   </trkpt>
   <trkpt lat="41.93043" lon="2.8132800000000002">
    <ele>101.84000000000002</ele>
   </trkpt>
   <trkpt lat="41.930600000000005" lon="2.8130100000000002">
    <ele>101.82000000000001</ele>
   </trkpt>
   <trkpt lat="41.93079" lon="2.81279">
    <ele>102.08</ele>
   </trkpt>
   <trkpt lat="41.930980000000005" lon="2.81278">
    <ele>102.48</ele>
   </trkpt>
   <trkpt lat="41.931020000000004" lon="2.81279">
    <ele>102.79</ele>
   </trkpt>
   <trkpt lat="41.93117" lon="2.81298">
    <ele>102.67000000000002</ele>
   </trkpt>
   <trkpt lat="41.93133" lon="2.8131100000000004">
    <ele>102.05</ele>
   </trkpt>
   <trkpt lat="41.93144" lon="2.8131700000000004">
    <ele>102.05</ele>
   </trkpt>
   <trkpt lat="41.931889999997544" lon="2.813294999098631">
    <ele>100.9</ele>
   </trkpt>
   <trkpt lat="41.93234" lon="2.8134200000000003">
    <ele>99.29</ele>
   </trkpt>
   <trkpt lat="41.932410000000004" lon="2.81341">
    <ele>99.29</ele>
   </trkpt>
   <trkpt lat="41.932460000000006" lon="2.8133500000000002">
    <ele>98.91000000000001</ele>
   </trkpt>
   <trkpt lat="41.932480000000005" lon="2.81326">
    <ele>98.91000000000001</ele>
   </trkpt>
   <trkpt lat="41.932500000000005" lon="2.8122900000000004">
    <ele>100.08</ele>
   </trkpt>
   <trkpt lat="41.93314" lon="2.8120200000000004">
    <ele>99.84</ele>
   </trkpt>
   <trkpt lat="41.93323" lon="2.8120000000000003">
    <ele>100.02000000000001</ele>
   </trkpt>
   <trkpt lat="41.93334" lon="2.8120200000000004">
    <ele>100.02000000000001</ele>
   </trkpt>
   <trkpt lat="41.93384000033063" lon="2.8122599981573284">
    <ele>100.43</ele>
   </trkpt>
   <trkpt lat="41.934340000000006" lon="2.8125000000000004">
    <ele>101.0</ele>
   </trkpt>
   <trkpt lat="41.934540000000005" lon="2.81258">
    <ele>101.0</ele>
   </trkpt>
   <trkpt lat="41.93466" lon="2.8126">
    <ele>101.0</ele>
   </trkpt>
   <trkpt lat="41.93482" lon="2.81257">
    <ele>101.35000000000001</ele>
   </trkpt>
   <trkpt lat="41.935030000000005" lon="2.8124700000000002">
    <ele>101.57000000000001</ele>
   </trkpt>
   <trkpt lat="41.935610000000004" lon="2.8121600000000004">
    <ele>102.38000000000001</ele>
   </trkpt>
   <trkpt lat="41.93574" lon="2.8120600000000002">
    <ele>102.59000000000002</ele>
   </trkpt>
   <trkpt lat="41.9358" lon="2.81198">
    <ele>102.59000000000002</ele>
   </trkpt>
   <trkpt lat="41.93630000236917" lon="2.811240005811242">
    <ele>102.69</ele>
   </trkpt>
   <trkpt lat="41.936800000000005" lon="2.8105">
    <ele>104.03000000000002</ele>
   </trkpt>
   <trkpt lat="41.93688" lon="2.81036">
    <ele>104.41</ele>
   </trkpt>
   <trkpt lat="41.936980000000005" lon="2.8100300000000002">
    <ele>105.85000000000001</ele>
   </trkpt>
   <trkpt lat="41.93701" lon="2.80979">
    <ele>107.64000000000001</ele>
   </trkpt>
   <trkpt lat="41.93706" lon="2.80974">
    <ele>108.27</ele>
   </trkpt>
   <trkpt lat="41.93706" lon="2.8096500000000004">
    <ele>108.27</ele>
   </trkpt>
   <trkpt lat="41.93732000000001" lon="2.80955">
    <ele>108.45</ele>
   </trkpt>
   <trkpt lat="41.93778000020134" lon="2.8093350015504552">
    <ele>110.78</ele>
   </trkpt>
   <trkpt lat="41.93824" lon="2.80912">
    <ele>113.75</ele>
   </trkpt>
   <trkpt lat="41.938880000000005" lon="2.80886">
    <ele>116.59000000000002</ele>
   </trkpt>
   <trkpt lat="41.939370000000004" lon="2.80858">
    <ele>120.77000000000001</ele>
   </trkpt>
   <trkpt lat="41.939970000869" lon="2.8080900047515023">
    <ele>125.18</ele>
   </trkpt>
   <trkpt lat="41.94057" lon="2.8076000000000003">
    <ele>127.59</ele>
   </trkpt>
   <trkpt lat="41.94064" lon="2.8075400000000004">
    <ele>127.86</ele>
   </trkpt>
   <trkpt lat="41.94107" lon="2.8085400000000003">
    <ele>129.68</ele>
   </trkpt>
   <trkpt lat="41.941665002071936" lon="2.809219993729928">
    <ele>129.04999999999998</ele>
   </trkpt>
   <trkpt lat="41.942260000000005" lon="2.8099000000000003">
    <ele>128.76000000000002</ele>
   </trkpt>
   <trkpt lat="41.942600000000006" lon="2.81027">
    <ele>128.71</ele>
   </trkpt>
   <trkpt lat="41.94295" lon="2.8107100000000003">
    <ele>129.28</ele>
   </trkpt>
   <trkpt lat="41.94338000174699" lon="2.811324996004084">
    <ele>129.38000000000002</ele>
   </trkpt>
   <trkpt lat="41.943810000000006" lon="2.8119400000000003">
    <ele>129.24</ele>
   </trkpt>
   <trkpt lat="41.94422" lon="2.8123">
    <ele>128.62</ele>
   </trkpt>
   <trkpt lat="41.944635000299385" lon="2.8125699982315555">
    <ele>128.24</ele>
   </trkpt>
   <trkpt lat="41.94505" lon="2.8128400000000005">
    <ele>128.51000000000002</ele>
   </trkpt>
   <trkpt lat="41.945260000000005" lon="2.8129700000000004">
    <ele>128.63000000000002</ele>
   </trkpt>
   <trkpt lat="41.94601" lon="2.8133500000000002">
    <ele>129.12</ele>
   </trkpt>
   <trkpt lat="41.94633" lon="2.81354">
    <ele>128.82000000000002</ele>
   </trkpt>
   <trkpt lat="41.946470000000005" lon="2.8136500000000004">
    <ele>128.72</ele>
   </trkpt>
   <trkpt lat="41.946670000000005" lon="2.8139700000000003">
    <ele>128.44</ele>
   </trkpt>
   <trkpt lat="41.94690000000001" lon="2.8139800000000004">
    <ele>128.51000000000002</ele>
   </trkpt>
   <trkpt lat="41.947190000000006" lon="2.8141900000000004">
    <ele>128.35000000000002</ele>
   </trkpt>
   <trkpt lat="41.947340000000004" lon="2.8142600000000004">
    <ele>128.09</ele>
   </trkpt>
   <trkpt lat="41.947570000000006" lon="2.8143200000000004">
    <ele>127.94</ele>
   </trkpt>
   <trkpt lat="41.94783" lon="2.8143300000000004">
    <ele>127.36</ele>
   </trkpt>
   <trkpt lat="41.948190000000004" lon="2.81443">
    <ele>126.71000000000001</ele>
   </trkpt>
   <trkpt lat="41.948780000000006" lon="2.81469">
    <ele>126.83</ele>
   </trkpt>
   <trkpt lat="41.94899" lon="2.81476">
    <ele>127.31</ele>
   </trkpt>
   <trkpt lat="41.94924" lon="2.8147900000000003">
    <ele>128.23000000000002</ele>
   </trkpt>
   <trkpt lat="41.9495" lon="2.8149100000000002">
    <ele>129.70000000000002</ele>
   </trkpt>
   <trkpt lat="41.95024" lon="2.8153400000000004">
    <ele>132.22</ele>
   </trkpt>
   <trkpt lat="41.950450000000004" lon="2.81549">
    <ele>131.82000000000002</ele>
   </trkpt>
   <trkpt lat="41.95058" lon="2.81562">
    <ele>131.86</ele>
   </trkpt>
   <trkpt lat="41.95098" lon="2.81618">
    <ele>133.48000000000002</ele>
   </trkpt>
   <trkpt lat="41.95125" lon="2.81673">
    <ele>133.95000000000002</ele>
   </trkpt>
   <trkpt lat="41.951420000000006" lon="2.8169700000000004">
    <ele>133.82000000000002</ele>
   </trkpt>
   <trkpt lat="41.951570000000004" lon="2.81707">
    <ele>133.84</ele>
   </trkpt>
   <trkpt lat="41.95188" lon="2.8172">
    <ele>133.98000000000002</ele>
   </trkpt>
   <trkpt lat="41.95217" lon="2.8173800000000004">
    <ele>134.19</ele>
   </trkpt>
   <trkpt lat="41.95268" lon="2.8177800000000004">
    <ele>135.1</ele>
   </trkpt>
   <trkpt lat="41.95279" lon="2.8179000000000003">
    <ele>135.1</ele>
   </trkpt>
   <trkpt lat="41.95309" lon="2.81807">
    <ele>135.68</ele>
   </trkpt>
   <trkpt lat="41.95324" lon="2.8181100000000003">
    <ele>135.75</ele>
   </trkpt>
   <trkpt lat="41.953480000000006" lon="2.81821">
    <ele>135.88</ele>
   </trkpt>
   <trkpt lat="41.953920000539725" lon="2.8185649975435907">
    <ele>136.17000000000002</ele>
   </trkpt>
   <trkpt lat="41.95436" lon="2.8189200000000003">
    <ele>136.48000000000002</ele>
   </trkpt>
   <trkpt lat="41.95485" lon="2.8192800000000005">
    <ele>137.29000000000002</ele>
   </trkpt>
   <trkpt lat="41.95508" lon="2.81949">
    <ele>137.29000000000002</ele>
   </trkpt>
   <trkpt lat="41.95524" lon="2.8195900000000003">
    <ele>138.66</ele>
   </trkpt>
   <trkpt lat="41.95561" lon="2.8197500000000004">
    <ele>138.90000000000003</ele>
   </trkpt>
   <trkpt lat="41.95588" lon="2.8198200000000004">
    <ele>139.93</ele>
   </trkpt>
   <trkpt lat="41.956520000000005" lon="2.81991">
    <ele>140.8</ele>
   </trkpt>
   <trkpt lat="41.95684000000001" lon="2.8199300000000003">
    <ele>140.68</ele>
   </trkpt>
   <trkpt lat="41.95732999999529" lon="2.8198950002698258">
    <ele>139.56</ele>
   </trkpt>
   <trkpt lat="41.957820000000005" lon="2.8198600000000003">
    <ele>138.46</ele>
   </trkpt>
   <trkpt lat="41.95868333333769" lon="2.8198266675700516">
    <ele>137.05</ele>
   </trkpt>
   <trkpt lat="41.959546666665744" lon="2.8197933342369392">
    <ele>137.17000000000002</ele>
   </trkpt>
   <trkpt lat="41.96041" lon="2.81976">
    <ele>134.25</ele>
   </trkpt>
   <trkpt lat="41.96090499990023" lon="2.8197949997206804">
    <ele>132.96</ele>
   </trkpt>
   <trkpt lat="41.961400000000005" lon="2.81983">
    <ele>131.56</ele>
   </trkpt>
   <trkpt lat="41.96215" lon="2.81997">
    <ele>127.01</ele>
   </trkpt>
   <trkpt lat="41.962900000000005" lon="2.8201500000000004">
    <ele>122.85000000000001</ele>
   </trkpt>
   <trkpt lat="41.963620000000006" lon="2.8204900000000004">
    <ele>119.31000000000002</ele>
   </trkpt>
   <trkpt lat="41.96403" lon="2.82064">
    <ele>116.87000000000002</ele>
   </trkpt>
   <trkpt lat="41.964600000000004" lon="2.82078">
    <ele>112.98</ele>
   </trkpt>
   <trkpt lat="41.965250000000005" lon="2.82086">
    <ele>108.16000000000001</ele>
   </trkpt>
   <trkpt lat="41.96604000000001" lon="2.82086">
    <ele>102.84000000000002</ele>
   </trkpt>
   <trkpt lat="41.966060000000006" lon="2.82098">
    <ele>102.83</ele>
   </trkpt>
   <trkpt lat="41.966150000000006" lon="2.82105">
    <ele>102.86</ele>
   </trkpt>
   <trkpt lat="41.966300000000004" lon="2.8216500000000004">
    <ele>102.18</ele>
   </trkpt>
   <trkpt lat="41.96647" lon="2.8221200000000004">
    <ele>100.29</ele>
   </trkpt>
   <trkpt lat="41.966620000000006" lon="2.8224500000000003">
    <ele>99.17</ele>
   </trkpt>
   <trkpt lat="41.96687" lon="2.8229">
    <ele>97.62</ele>
   </trkpt>
   <trkpt lat="41.96707000000001" lon="2.82316">
    <ele>95.31</ele>
   </trkpt>
   <trkpt lat="41.967270000000006" lon="2.82335">
    <ele>94.19000000000001</ele>
   </trkpt>
   <trkpt lat="41.967470000000006" lon="2.82351">
    <ele>92.84</ele>
   </trkpt>
   <trkpt lat="41.96761" lon="2.8235500000000004">
    <ele>92.09</ele>
   </trkpt>
   <trkpt lat="41.967650000000006" lon="2.82363">
    <ele>91.65</ele>
   </trkpt>
   <trkpt lat="41.9677" lon="2.8236600000000003">
    <ele>91.65</ele>
   </trkpt>
   <trkpt lat="41.96773" lon="2.8236700000000003">
    <ele>91.24</ele>
   </trkpt>
   <trkpt lat="41.967780000000005" lon="2.82363">
    <ele>91.24</ele>
   </trkpt>
   <trkpt lat="41.96858" lon="2.8239">
    <ele>86.65</ele>
   </trkpt>
   <trkpt lat="41.96906000001523" lon="2.8240199990839847">
    <ele>84.95</ele>
   </trkpt>
   <trkpt lat="41.96954" lon="2.8241400000000003">
    <ele>84.14</ele>
   </trkpt>
   <trkpt lat="41.970310000078655" lon="2.824224996915841">
    <ele>82.44000000000001</ele>
   </trkpt>
   <trkpt lat="41.971080000094624" lon="2.8243099958865843">
    <ele>80.37</ele>
   </trkpt>
   <trkpt lat="41.971850000047866" lon="2.8243949969123365">
    <ele>78.5</ele>
   </trkpt>
   <trkpt lat="41.972620000000006" lon="2.8244800000000003">
    <ele>77.45</ele>
   </trkpt>
   <trkpt lat="41.97280000000001" lon="2.8244700000000003">
    <ele>77.35</ele>
   </trkpt>
   <trkpt lat="41.972950000000004" lon="2.8244200000000004">
    <ele>77.12</ele>
   </trkpt>
   <trkpt lat="41.973110000000005" lon="2.8244000000000002">
    <ele>77.12</ele>
   </trkpt>
   <trkpt lat="41.973420000000004" lon="2.8244000000000002">
    <ele>76.95</ele>
   </trkpt>
   <trkpt lat="41.973650000000006" lon="2.8244300000000004">
    <ele>76.88</ele>
   </trkpt>
   <trkpt lat="41.97386" lon="2.82453">
    <ele>76.87</ele>
   </trkpt>
   <trkpt lat="41.97388" lon="2.82472">
    <ele>76.81</ele>
   </trkpt>
   <trkpt lat="41.97393" lon="2.8248100000000003">
    <ele>76.78</ele>
   </trkpt>
   <trkpt lat="41.974000000000004" lon="2.8248900000000003">
    <ele>76.78</ele>
   </trkpt>
   <trkpt lat="41.97380500361081" lon="2.8258000027035175">
    <ele>76.78</ele>
   </trkpt>
   <trkpt lat="41.97361" lon="2.8267100000000003">
    <ele>76.68</ele>
   </trkpt>
   <trkpt lat="41.97348" lon="2.8275500000000005">
    <ele>77.23</ele>
   </trkpt>
   <trkpt lat="41.97339" lon="2.82858">
    <ele>78.19000000000001</ele>
   </trkpt>
   <trkpt lat="41.97335500404154" lon="2.8295450005039027">
    <ele>80.47</ele>
   </trkpt>
   <trkpt lat="41.97332" lon="2.8305100000000003">
    <ele>81.94000000000001</ele>
   </trkpt>
   <trkpt lat="41.97326" lon="2.8311300000000004">
    <ele>81.83</ele>
   </trkpt>
   <trkpt lat="41.973200000000006" lon="2.8314100000000004">
    <ele>81.96000000000001</ele>
   </trkpt>
   <trkpt lat="41.97296" lon="2.8320000000000003">
    <ele>82.45</ele>
   </trkpt>
   <trkpt lat="41.97254" lon="2.83278">
    <ele>83.5</ele>
   </trkpt>
   <trkpt lat="41.97227" lon="2.8334300000000003">
    <ele>84.14</ele>
   </trkpt>
   <trkpt lat="41.972090001553724" lon="2.83403000172323">
    <ele>84.41000000000001</ele>
   </trkpt>
   <trkpt lat="41.97191" lon="2.83463">
    <ele>84.81</ele>
   </trkpt>
   <trkpt lat="41.9718" lon="2.83495">
    <ele>85.01</ele>
   </trkpt>
   <trkpt lat="41.971680000000006" lon="2.8351800000000003">
    <ele>85.01</ele>
   </trkpt>
   <trkpt lat="41.971520000000005" lon="2.83542">
    <ele>85.01</ele>
   </trkpt>
   <trkpt lat="41.97130000000001" lon="2.8356100000000004">
    <ele>85.39</ele>
   </trkpt>
   <trkpt lat="41.97099" lon="2.83577">
    <ele>85.49000000000001</ele>
   </trkpt>
   <trkpt lat="41.97077" lon="2.8358200000000005">
    <ele>85.49000000000001</ele>
   </trkpt>
   <trkpt lat="41.970530000000004" lon="2.83584">
    <ele>85.74000000000001</ele>
   </trkpt>
   <trkpt lat="41.970000000081036" lon="2.835845000040837">
    <ele>85.78</ele>
   </trkpt>
   <trkpt lat="41.96947" lon="2.83585">
    <ele>85.52000000000001</ele>
   </trkpt>
   <trkpt lat="41.969300000000004" lon="2.8358700000000003">
    <ele>85.22</ele>
   </trkpt>
   <trkpt lat="41.969100000000005" lon="2.83592">
    <ele>85.22</ele>
   </trkpt>
   <trkpt lat="41.96887" lon="2.8360100000000004">
    <ele>85.13000000000001</ele>
   </trkpt>
   <trkpt lat="41.968590000000006" lon="2.8362100000000003">
    <ele>84.84000000000002</ele>
   </trkpt>
   <trkpt lat="41.968050000000005" lon="2.8367400000000003">
    <ele>84.59000000000002</ele>
   </trkpt>
   <trkpt lat="41.967870000000005" lon="2.83699">
    <ele>84.51</ele>
   </trkpt>
   <trkpt lat="41.96761" lon="2.8374200000000003">
    <ele>84.41000000000001</ele>
   </trkpt>
   <trkpt lat="41.967470000000006" lon="2.83774">
    <ele>84.17</ele>
   </trkpt>
   <trkpt lat="41.96732" lon="2.83801">
    <ele>84.27000000000001</ele>
   </trkpt>
   <trkpt lat="41.96714" lon="2.8381600000000002">
    <ele>84.38000000000001</ele>
   </trkpt>
   <trkpt lat="41.9671" lon="2.8382500000000004">
    <ele>84.37</ele>
   </trkpt>
   <trkpt lat="41.9671" lon="2.83836">
    <ele>84.37</ele>
   </trkpt>
   <trkpt lat="41.96714" lon="2.83849">
    <ele>84.26</ele>
   </trkpt>
   <trkpt lat="41.96714" lon="2.8389">
    <ele>83.79</ele>
   </trkpt>
   <trkpt lat="41.96693000324571" lon="2.8397600026846965">
    <ele>83.63000000000001</ele>
   </trkpt>
   <trkpt lat="41.96672" lon="2.8406200000000004">
    <ele>83.93</ele>
   </trkpt>
   <trkpt lat="41.96656" lon="2.84105">
    <ele>84.0</ele>
   </trkpt>
   <trkpt lat="41.96634" lon="2.8415000000000004">
    <ele>84.36</ele>
   </trkpt>
   <trkpt lat="41.966150000000006" lon="2.8418">
    <ele>84.36</ele>
   </trkpt>
   <trkpt lat="41.96589" lon="2.8421600000000002">
    <ele>84.35000000000001</ele>
   </trkpt>
   <trkpt lat="41.965700000000005" lon="2.84235">
    <ele>84.15</ele>
   </trkpt>
   <trkpt lat="41.965340000000005" lon="2.84267">
    <ele>83.60000000000001</ele>
   </trkpt>
   <trkpt lat="41.964935000420695" lon="2.8430000021399406">
    <ele>82.44000000000001</ele>
   </trkpt>
   <trkpt lat="41.96453" lon="2.8433300000000004">
    <ele>82.16000000000001</ele>
   </trkpt>
   <trkpt lat="41.964240000000004" lon="2.8434600000000003">
    <ele>82.17</ele>
   </trkpt>
   <trkpt lat="41.96417" lon="2.84343">
    <ele>82.17</ele>
   </trkpt>
   <trkpt lat="41.964090000000006" lon="2.84344">
    <ele>82.38000000000001</ele>
   </trkpt>
   <trkpt lat="41.964020000000005" lon="2.84349">
    <ele>82.38000000000001</ele>
   </trkpt>
   <trkpt lat="41.963930000000005" lon="2.84364">
    <ele>82.49000000000001</ele>
   </trkpt>
   <trkpt lat="41.963930000000005" lon="2.84378">
    <ele>82.60000000000001</ele>
   </trkpt>
   <trkpt lat="41.963950000000004" lon="2.8438800000000004">
    <ele>82.79</ele>
   </trkpt>
   <trkpt lat="41.96399" lon="2.8439500000000004">
    <ele>82.79</ele>
   </trkpt>
   <trkpt lat="41.9635" lon="2.8443400000000003">
    <ele>85.5</ele>
   </trkpt>
   <trkpt lat="41.96276" lon="2.84486">
    <ele>91.21000000000001</ele>
   </trkpt>
   <trkpt lat="41.96255" lon="2.84504">
    <ele>93.05000000000001</ele>
   </trkpt>
   <trkpt lat="41.96213" lon="2.8455500000000002">
    <ele>95.52000000000001</ele>
   </trkpt>
   <trkpt lat="41.962050000000005" lon="2.8456300000000003">
    <ele>96.47000000000001</ele>
   </trkpt>
   <trkpt lat="41.961560001929556" lon="2.846320005497809">
    <ele>100.9</ele>
   </trkpt>
   <trkpt lat="41.96107000000001" lon="2.84701">
    <ele>105.05</ele>
   </trkpt>
   <trkpt lat="41.96060000000001" lon="2.8477900000000003">
    <ele>110.4</ele>
   </trkpt>
   <trkpt lat="41.960240000000006" lon="2.84843">
    <ele>113.94000000000001</ele>
   </trkpt>
   <trkpt lat="41.9602" lon="2.8486100000000003">
    <ele>114.37</ele>
   </trkpt>
   <trkpt lat="41.96022000000001" lon="2.84886">
    <ele>115.02000000000001</ele>
   </trkpt>
   <trkpt lat="41.960280000000004" lon="2.8490200000000003">
    <ele>115.02000000000001</ele>
   </trkpt>
   <trkpt lat="41.96054" lon="2.8498400000000004">
    <ele>117.51</ele>
   </trkpt>
   <trkpt lat="41.96063" lon="2.85">
    <ele>118.09000000000002</ele>
   </trkpt>
   <trkpt lat="41.960820000000005" lon="2.8501600000000002">
    <ele>118.95000000000002</ele>
   </trkpt>
   <trkpt lat="41.961240000000004" lon="2.8503800000000004">
    <ele>121.54</ele>
   </trkpt>
   <trkpt lat="41.961400000000005" lon="2.8505200000000004">
    <ele>123.03000000000002</ele>
   </trkpt>
   <trkpt lat="41.96173" lon="2.8509100000000003">
    <ele>126.27000000000002</ele>
   </trkpt>
   <trkpt lat="41.96195" lon="2.85135">
    <ele>129.22</ele>
   </trkpt>
   <trkpt lat="41.962390000000006" lon="2.85156">
    <ele>132.21</ele>
   </trkpt>
   <trkpt lat="41.96246" lon="2.85163">
    <ele>133.04000000000002</ele>
   </trkpt>
   <trkpt lat="41.962520000000005" lon="2.8517400000000004">
    <ele>133.04000000000002</ele>
   </trkpt>
   <trkpt lat="41.962520000000005" lon="2.8520600000000003">
    <ele>134.46</ele>
   </trkpt>
   <trkpt lat="41.96256" lon="2.8521900000000002">
    <ele>134.85</ele>
   </trkpt>
   <trkpt lat="41.962680000000006" lon="2.8524200000000004">
    <ele>135.96</ele>
   </trkpt>
   <trkpt lat="41.96294" lon="2.85284">
    <ele>137.51000000000002</ele>
   </trkpt>
   <trkpt lat="41.96294" lon="2.8528300000000004">
    <ele>137.45000000000002</ele>
   </trkpt>
   <trkpt lat="41.962990000000005" lon="2.85291">
    <ele>137.93000000000004</ele>
   </trkpt>
   <trkpt lat="41.963100000000004" lon="2.8530100000000003">
    <ele>138.32</ele>
   </trkpt>
   <trkpt lat="41.963330000000006" lon="2.8530900000000003">
    <ele>139.12</ele>
   </trkpt>
   <trkpt lat="41.96387" lon="2.85319">
    <ele>140.32</ele>
   </trkpt>
   <trkpt lat="41.96406" lon="2.85326">
    <ele>140.40000000000003</ele>
   </trkpt>
   <trkpt lat="41.964220000000005" lon="2.8533500000000003">
    <ele>140.42000000000002</ele>
   </trkpt>
   <trkpt lat="41.964330000000004" lon="2.8533700000000004">
    <ele>140.40000000000003</ele>
   </trkpt>
   <trkpt lat="41.96446" lon="2.8533700000000004">
    <ele>140.40000000000003</ele>
   </trkpt>
   <trkpt lat="41.964580000000005" lon="2.8534100000000002">
    <ele>140.44</ele>
   </trkpt>
   <trkpt lat="41.96473" lon="2.8534900000000003">
    <ele>140.44</ele>
   </trkpt>
   <trkpt lat="41.96502" lon="2.85361">
    <ele>140.75</ele>
   </trkpt>
   <trkpt lat="41.96528" lon="2.85379">
    <ele>140.89000000000001</ele>
   </trkpt>
   <trkpt lat="41.9654" lon="2.8539000000000003">
    <ele>141.03</ele>
   </trkpt>
   <trkpt lat="41.96555" lon="2.85413">
    <ele>141.38</ele>
   </trkpt>
   <trkpt lat="41.965590000000006" lon="2.85422">
    <ele>141.6</ele>
   </trkpt>
   <trkpt lat="41.96562" lon="2.8545700000000003">
    <ele>142.39000000000001</ele>
   </trkpt>
   <trkpt lat="41.96569" lon="2.85475">
    <ele>142.8</ele>
   </trkpt>
   <trkpt lat="41.96611000167866" lon="2.855349996211173">
    <ele>146.26</ele>
   </trkpt>
   <trkpt lat="41.966530000000006" lon="2.8559500000000004">
    <ele>146.88</ele>
   </trkpt>
   <trkpt lat="41.96663" lon="2.8560600000000003">
    <ele>146.94000000000003</ele>
   </trkpt>
   <trkpt lat="41.967110000800446" lon="2.856449997175699">
    <ele>146.95000000000002</ele>
   </trkpt>
   <trkpt lat="41.96759" lon="2.85684">
    <ele>147.08</ele>
   </trkpt>
   <trkpt lat="41.96768" lon="2.8568800000000003">
    <ele>147.08</ele>
   </trkpt>
   <trkpt lat="41.96784" lon="2.85691">
    <ele>147.06000000000003</ele>
   </trkpt>
   <trkpt lat="41.968030000000006" lon="2.85691">
    <ele>147.15</ele>
   </trkpt>
   <trkpt lat="41.96835" lon="2.8569600000000004">
    <ele>147.20000000000002</ele>
   </trkpt>
   <trkpt lat="41.96842" lon="2.857">
    <ele>147.25000000000003</ele>
   </trkpt>
   <trkpt lat="41.96847" lon="2.85706">
    <ele>147.35</ele>
   </trkpt>
   <trkpt lat="41.968500000000006" lon="2.85719">
    <ele>147.28000000000003</ele>
   </trkpt>
   <trkpt lat="41.96842" lon="2.8574100000000002">
    <ele>147.3</ele>
   </trkpt>
   <trkpt lat="41.96837" lon="2.85746">
    <ele>147.25000000000003</ele>
   </trkpt>
   <trkpt lat="41.968250000000005" lon="2.8575100000000004">
    <ele>147.73</ele>
   </trkpt>
   <trkpt lat="41.967960000000005" lon="2.8575600000000003">
    <ele>148.99</ele>
   </trkpt>
   <trkpt lat="41.967090000000006" lon="2.8574900000000003">
    <ele>154.67</ele>
   </trkpt>
   <trkpt lat="41.967000000000006" lon="2.85746">
    <ele>155.45</ele>
   </trkpt>
   <trkpt lat="41.96676" lon="2.85732">
    <ele>157.69000000000003</ele>
   </trkpt>
   <trkpt lat="41.96654" lon="2.8572300000000004">
    <ele>158.23000000000002</ele>
   </trkpt>
   <trkpt lat="41.966280000000005" lon="2.8572">
    <ele>159.48000000000002</ele>
   </trkpt>
   <trkpt lat="41.96609" lon="2.8572300000000004">
    <ele>161.57000000000002</ele>
   </trkpt>
   <trkpt lat="41.96602" lon="2.8572200000000003">
    <ele>162.58</ele>
   </trkpt>
   <trkpt lat="41.965650000000004" lon="2.85699">
    <ele>166.17000000000002</ele>
   </trkpt>
   <trkpt lat="41.96549" lon="2.85691">
    <ele>166.17000000000002</ele>
   </trkpt>
   <trkpt lat="41.965270000000004" lon="2.8566800000000003">
    <ele>169.32000000000002</ele>
   </trkpt>
   <trkpt lat="41.965210000000006" lon="2.8566800000000003">
    <ele>169.32000000000002</ele>
   </trkpt>
   <trkpt lat="41.965140000000005" lon="2.85671">
    <ele>170.42000000000002</ele>
   </trkpt>
   <trkpt lat="41.965090000000004" lon="2.8568900000000004">
    <ele>170.42000000000002</ele>
   </trkpt>
   <trkpt lat="41.965090000000004" lon="2.85707">
    <ele>171.83</ele>
   </trkpt>
   <trkpt lat="41.9652" lon="2.8575800000000005">
    <ele>174.22</ele>
   </trkpt>
   <trkpt lat="41.9652" lon="2.8577600000000003">
    <ele>175.21</ele>
   </trkpt>
   <trkpt lat="41.965160000000004" lon="2.8581700000000003">
    <ele>178.06000000000003</ele>
   </trkpt>
   <trkpt lat="41.965180000000004" lon="2.8588500000000003">
    <ele>182.14000000000001</ele>
   </trkpt>
   <trkpt lat="41.96504" lon="2.8596700000000004">
    <ele>187.18</ele>
   </trkpt>
   <trkpt lat="41.965050000000005" lon="2.85977">
    <ele>187.18</ele>
   </trkpt>
   <trkpt lat="41.96513" lon="2.86003">
    <ele>189.07000000000002</ele>
   </trkpt>
   <trkpt lat="41.965140000000005" lon="2.86012">
    <ele>189.71</ele>
   </trkpt>
   <trkpt lat="41.96513" lon="2.8601900000000002">
    <ele>189.71</ele>
   </trkpt>
   <trkpt lat="41.965050000000005" lon="2.8603500000000004">
    <ele>191.47000000000003</ele>
   </trkpt>
   <trkpt lat="41.96502" lon="2.8604700000000003">
    <ele>191.47000000000003</ele>
   </trkpt>
   <trkpt lat="41.965" lon="2.8606900000000004">
    <ele>192.78</ele>
   </trkpt>
   <trkpt lat="41.96497" lon="2.8608300000000004">
    <ele>193.47</ele>
   </trkpt>
   <trkpt lat="41.964870000000005" lon="2.8610700000000002">
    <ele>195.66000000000003</ele>
   </trkpt>
   <trkpt lat="41.96486" lon="2.86119">
    <ele>196.36</ele>
   </trkpt>
   <trkpt lat="41.964890000000004" lon="2.86139">
    <ele>197.03</ele>
   </trkpt>
   <trkpt lat="41.96499" lon="2.8617700000000004">
    <ele>198.64000000000001</ele>
   </trkpt>
   <trkpt lat="41.9654" lon="2.8624400000000003">
    <ele>204.34</ele>
   </trkpt>
   <trkpt lat="41.965520000000005" lon="2.8625700000000003">
    <ele>204.34</ele>
   </trkpt>
   <trkpt lat="41.965790000000005" lon="2.86276">
    <ele>208.53000000000003</ele>
   </trkpt>
   <trkpt lat="41.966060000000006" lon="2.86302">
    <ele>211.47000000000003</ele>
   </trkpt>
   <trkpt lat="41.966150000000006" lon="2.86314">
    <ele>211.47000000000003</ele>
   </trkpt>
   <trkpt lat="41.966170000000005" lon="2.8632400000000002">
    <ele>212.92000000000002</ele>
   </trkpt>
   <trkpt lat="41.96614" lon="2.86335">
    <ele>212.92000000000002</ele>
   </trkpt>
   <trkpt lat="41.96605" lon="2.8634000000000004">
    <ele>212.92000000000002</ele>
   </trkpt>
   <trkpt lat="41.965790000000005" lon="2.86342">
    <ele>215.53000000000003</ele>
   </trkpt>
   <trkpt lat="41.96553" lon="2.86335">
    <ele>219.55</ele>
   </trkpt>
   <trkpt lat="41.965430000000005" lon="2.86337">
    <ele>219.55</ele>
   </trkpt>
   <trkpt lat="41.965250000000005" lon="2.86344">
    <ele>219.55</ele>
   </trkpt>
   <trkpt lat="41.96517" lon="2.86342">
    <ele>220.86</ele>
   </trkpt>
   <trkpt lat="41.964960000000005" lon="2.8632600000000004">
    <ele>222.95000000000002</ele>
   </trkpt>
   <trkpt lat="41.96443" lon="2.8631100000000003">
    <ele>226.07000000000002</ele>
   </trkpt>
   <trkpt lat="41.964130000000004" lon="2.86296">
    <ele>228.87</ele>
   </trkpt>
   <trkpt lat="41.964040000000004" lon="2.8629700000000002">
    <ele>229.56</ele>
   </trkpt>
   <trkpt lat="41.96396" lon="2.8630500000000003">
    <ele>229.88000000000002</ele>
   </trkpt>
   <trkpt lat="41.96392" lon="2.8632000000000004">
    <ele>231.28</ele>
   </trkpt>
   <trkpt lat="41.963930000000005" lon="2.86328">
    <ele>231.28</ele>
   </trkpt>
   <trkpt lat="41.96398000000001" lon="2.8633900000000003">
    <ele>231.58</ele>
   </trkpt>
   <trkpt lat="41.96405" lon="2.86344">
    <ele>231.92000000000002</ele>
   </trkpt>
   <trkpt lat="41.964920000000006" lon="2.8637400000000004">
    <ele>233.58</ele>
   </trkpt>
   <trkpt lat="41.965050000000005" lon="2.86382">
    <ele>234.19</ele>
   </trkpt>
   <trkpt lat="41.96515" lon="2.8639200000000002">
    <ele>234.61</ele>
   </trkpt>
   <trkpt lat="41.965320000000006" lon="2.86423">
    <ele>235.36</ele>
   </trkpt>
   <trkpt lat="41.96549" lon="2.8646700000000003">
    <ele>239.95000000000002</ele>
   </trkpt>
   <trkpt lat="41.96594" lon="2.86518">
    <ele>241.93</ele>
   </trkpt>
   <trkpt lat="41.966" lon="2.8654">
    <ele>244.33</ele>
   </trkpt>
   <trkpt lat="41.966120000000004" lon="2.8656400000000004">
    <ele>244.98000000000002</ele>
   </trkpt>
   <trkpt lat="41.96618" lon="2.8656800000000002">
    <ele>245.57</ele>
   </trkpt>
   <trkpt lat="41.966750000000005" lon="2.8656800000000002">
    <ele>250.02</ele>
   </trkpt>
   <trkpt lat="41.966820000000006" lon="2.8657000000000004">
    <ele>250.02</ele>
   </trkpt>
   <trkpt lat="41.96687" lon="2.8657500000000002">
    <ele>250.70000000000002</ele>
   </trkpt>
   <trkpt lat="41.9669" lon="2.8658200000000003">
    <ele>250.70000000000002</ele>
   </trkpt>
   <trkpt lat="41.96698000000001" lon="2.8662400000000003">
    <ele>253.60999999999999</ele>
   </trkpt>
   <trkpt lat="41.96705" lon="2.86634">
    <ele>253.60999999999999</ele>
   </trkpt>
   <trkpt lat="41.96714" lon="2.8663900000000004">
    <ele>254.37000000000003</ele>
   </trkpt>
   <trkpt lat="41.96761" lon="2.86641">
    <ele>256.59000000000003</ele>
   </trkpt>
   <trkpt lat="41.96773" lon="2.8664300000000003">
    <ele>257.54</ele>
   </trkpt>
   <trkpt lat="41.96802" lon="2.8666">
    <ele>257.95</ele>
   </trkpt>
   <trkpt lat="41.96817" lon="2.8666600000000004">
    <ele>259.5</ele>
   </trkpt>
   <trkpt lat="41.968270000000004" lon="2.86669">
    <ele>259.5</ele>
   </trkpt>
   <trkpt lat="41.968320000000006" lon="2.8667300000000004">
    <ele>259.5</ele>
   </trkpt>
   <trkpt lat="41.968590000000006" lon="2.8670600000000004">
    <ele>262.21</ele>
   </trkpt>
   <trkpt lat="41.969210000000004" lon="2.8675">
    <ele>268.22</ele>
   </trkpt>
   <trkpt lat="41.969300000000004" lon="2.8676000000000004">
    <ele>268.22</ele>
   </trkpt>
   <trkpt lat="41.96952" lon="2.8680800000000004">
    <ele>270.47</ele>
   </trkpt>
   <trkpt lat="41.9697" lon="2.86871">
    <ele>274.69000000000005</ele>
   </trkpt>
   <trkpt lat="41.96983" lon="2.86898">
    <ele>276.45000000000005</ele>
   </trkpt>
   <trkpt lat="41.970020000000005" lon="2.8693000000000004">
    <ele>278.24</ele>
   </trkpt>
   <trkpt lat="41.970110000000005" lon="2.8693700000000004">
    <ele>278.24</ele>
   </trkpt>
   <trkpt lat="41.970220000000005" lon="2.8694100000000002">
    <ele>279.68</ele>
   </trkpt>
   <trkpt lat="41.970820000022265" lon="2.8694100000000002">
    <ele>281.88</ele>
   </trkpt>
   <trkpt lat="41.97142" lon="2.8694100000000002">
    <ele>286.67</ele>
   </trkpt>
   <trkpt lat="41.971590000000006" lon="2.8693700000000004">
    <ele>286.67</ele>
   </trkpt>
   <trkpt lat="41.971680000000006" lon="2.86932">
    <ele>290.21000000000004</ele>
   </trkpt>
   <trkpt lat="41.97175" lon="2.8692400000000005">
    <ele>290.21000000000004</ele>
   </trkpt>
   <trkpt lat="41.971920000000004" lon="2.8688200000000004">
    <ele>292.41</ele>
   </trkpt>
   <trkpt lat="41.971990000000005" lon="2.86872">
    <ele>292.41</ele>
   </trkpt>
   <trkpt lat="41.97204000000001" lon="2.8686800000000003">
    <ele>292.41</ele>
   </trkpt>
   <trkpt lat="41.97242000000001" lon="2.8684800000000004">
    <ele>295.91</ele>
   </trkpt>
   <trkpt lat="41.9727" lon="2.8684000000000003">
    <ele>297.34000000000003</ele>
   </trkpt>
   <trkpt lat="41.972750000000005" lon="2.8683400000000003">
    <ele>297.42</ele>
   </trkpt>
   <trkpt lat="41.972840000000005" lon="2.86817">
    <ele>297.58</ele>
   </trkpt>
   <trkpt lat="41.973020000000005" lon="2.8679900000000003">
    <ele>297.6</ele>
   </trkpt>
   <trkpt lat="41.973110000000005" lon="2.8678100000000004">
    <ele>297.6</ele>
   </trkpt>
   <trkpt lat="41.97321" lon="2.86771">
    <ele>297.45000000000005</ele>
   </trkpt>
   <trkpt lat="41.973380000000006" lon="2.86764">
    <ele>297.45000000000005</ele>
   </trkpt>
   <trkpt lat="41.973690000000005" lon="2.8676100000000004">
    <ele>297.47</ele>
   </trkpt>
   <trkpt lat="41.97384" lon="2.8676600000000003">
    <ele>297.55</ele>
   </trkpt>
   <trkpt lat="41.974070000000005" lon="2.86782">
    <ele>297.79</ele>
   </trkpt>
   <trkpt lat="41.974250000000005" lon="2.86803">
    <ele>298.41</ele>
   </trkpt>
   <trkpt lat="41.974340000000005" lon="2.86811">
    <ele>298.41</ele>
   </trkpt>
   <trkpt lat="41.974610000000006" lon="2.8682000000000003">
    <ele>299.53000000000003</ele>
   </trkpt>
   <trkpt lat="41.97476" lon="2.8681900000000002">
    <ele>300.05</ele>
   </trkpt>
   <trkpt lat="41.974970000000006" lon="2.86809">
    <ele>300.05</ele>
   </trkpt>
   <trkpt lat="41.9752" lon="2.86809">
    <ele>301.69</ele>
   </trkpt>
   <trkpt lat="41.97532" lon="2.8680600000000003">
    <ele>301.69</ele>
   </trkpt>
   <trkpt lat="41.97579500040265" lon="2.867875001280802">
    <ele>301.79</ele>
   </trkpt>
   <trkpt lat="41.97627000000001" lon="2.86769">
    <ele>301.43</ele>
   </trkpt>
   <trkpt lat="41.97672" lon="2.8677">
    <ele>299.26000000000005</ele>
   </trkpt>
   <trkpt lat="41.977250000000005" lon="2.86757">
    <ele>297.56000000000006</ele>
   </trkpt>
   <trkpt lat="41.97742" lon="2.8675800000000002">
    <ele>297.89000000000004</ele>
   </trkpt>
   <trkpt lat="41.97751" lon="2.86762">
    <ele>298.31</ele>
   </trkpt>
   <trkpt lat="41.97768000000001" lon="2.86776">
    <ele>298.7</ele>
   </trkpt>
   <trkpt lat="41.977790000000006" lon="2.8678100000000004">
    <ele>299.8</ele>
   </trkpt>
   <trkpt lat="41.97834" lon="2.86762">
    <ele>301.6</ele>
   </trkpt>
   <trkpt lat="41.97845" lon="2.8676000000000004">
    <ele>301.85</ele>
   </trkpt>
   <trkpt lat="41.97862000000001" lon="2.8677">
    <ele>302.01</ele>
   </trkpt>
   <trkpt lat="41.978680000000004" lon="2.8677900000000003">
    <ele>302.07</ele>
   </trkpt>
   <trkpt lat="41.97878" lon="2.86816">
    <ele>302.15000000000003</ele>
   </trkpt>
   <trkpt lat="41.978820000000006" lon="2.86825">
    <ele>302.15000000000003</ele>
   </trkpt>
   <trkpt lat="41.97889000000001" lon="2.86831">
    <ele>302.18</ele>
   </trkpt>
   <trkpt lat="41.97898" lon="2.8683400000000003">
    <ele>302.18</ele>
   </trkpt>
   <trkpt lat="41.979110000000006" lon="2.8683300000000003">
    <ele>302.18</ele>
   </trkpt>
   <trkpt lat="41.97919" lon="2.8682800000000004">
    <ele>302.28000000000003</ele>
   </trkpt>
   <trkpt lat="41.9793" lon="2.8681500000000004">
    <ele>302.28000000000003</ele>
   </trkpt>
   <trkpt lat="41.97937" lon="2.8681200000000002">
    <ele>302.27000000000004</ele>
   </trkpt>
   <trkpt lat="41.97943" lon="2.8681200000000002">
    <ele>302.27000000000004</ele>
   </trkpt>
   <trkpt lat="41.97977" lon="2.8683">
    <ele>302.38000000000005</ele>
   </trkpt>
   <trkpt lat="41.97992" lon="2.86844">
    <ele>302.49</ele>
   </trkpt>
   <trkpt lat="41.97999" lon="2.86857">
    <ele>302.61</ele>
   </trkpt>
   <trkpt lat="41.980070000000005" lon="2.86879">
    <ele>302.74</ele>
   </trkpt>
   <trkpt lat="41.98013" lon="2.8688700000000003">
    <ele>302.99</ele>
   </trkpt>
   <trkpt lat="41.98021000000001" lon="2.86892">
    <ele>303.20000000000005</ele>
   </trkpt>
   <trkpt lat="41.980430000000005" lon="2.86897">
    <ele>303.86</ele>
   </trkpt>
   <trkpt lat="41.980520000000006" lon="2.8689500000000003">
    <ele>304.47</ele>
   </trkpt>
   <trkpt lat="41.980610000000006" lon="2.8688700000000003">
    <ele>304.85</ele>
   </trkpt>
   <trkpt lat="41.98066" lon="2.8687600000000004">
    <ele>305.19</ele>
   </trkpt>
   <trkpt lat="41.980700000000006" lon="2.8685500000000004">
    <ele>305.79</ele>
   </trkpt>
   <trkpt lat="41.98075" lon="2.8684100000000003">
    <ele>306.13</ele>
   </trkpt>
   <trkpt lat="41.980920000000005" lon="2.86818">
    <ele>307.11000000000007</ele>
   </trkpt>
   <trkpt lat="41.981" lon="2.8681300000000003">
    <ele>307.82000000000005</ele>
   </trkpt>
   <trkpt lat="41.981080000000006" lon="2.8681300000000003">
    <ele>307.82000000000005</ele>
   </trkpt>
   <trkpt lat="41.98116" lon="2.86816">
    <ele>309.08000000000004</ele>
   </trkpt>
   <trkpt lat="41.981260000000006" lon="2.86823">
    <ele>309.08000000000004</ele>
   </trkpt>
   <trkpt lat="41.981320000000004" lon="2.8683">
    <ele>309.08000000000004</ele>
   </trkpt>
   <trkpt lat="41.981570000000005" lon="2.86913">
    <ele>309.67</ele>
   </trkpt>
   <trkpt lat="41.98163" lon="2.8692200000000003">
    <ele>309.43</ele>
   </trkpt>
   <trkpt lat="41.981700000000004" lon="2.8692800000000003">
    <ele>309.27000000000004</ele>
   </trkpt>
   <trkpt lat="41.981840000000005" lon="2.8692900000000003">
    <ele>308.91</ele>
   </trkpt>
   <trkpt lat="41.98203" lon="2.8692100000000003">
    <ele>307.28</ele>
   </trkpt>
   <trkpt lat="41.98221" lon="2.86911">
    <ele>306.9</ele>
   </trkpt>
   <trkpt lat="41.982380000000006" lon="2.8689500000000003">
    <ele>306.04</ele>
   </trkpt>
   <trkpt lat="41.9825" lon="2.8689000000000004">
    <ele>305.88000000000005</ele>
   </trkpt>
   <trkpt lat="41.982620000000004" lon="2.86891">
    <ele>305.87</ele>
   </trkpt>
   <trkpt lat="41.9827" lon="2.8689600000000004">
    <ele>305.87</ele>
   </trkpt>
   <trkpt lat="41.98274000000001" lon="2.86905">
    <ele>306.00000000000006</ele>
   </trkpt>
   <trkpt lat="41.98275" lon="2.8694800000000003">
    <ele>305.93</ele>
   </trkpt>
   <trkpt lat="41.982800000000005" lon="2.8696800000000002">
    <ele>305.93</ele>
   </trkpt>
   <trkpt lat="41.982800000000005" lon="2.86979">
    <ele>305.93</ele>
   </trkpt>
   <trkpt lat="41.98275" lon="2.8699500000000002">
    <ele>305.82000000000005</ele>
   </trkpt>
   <trkpt lat="41.982620000000004" lon="2.87014">
    <ele>305.73</ele>
   </trkpt>
   <trkpt lat="41.982580000000006" lon="2.87022">
    <ele>305.73</ele>
   </trkpt>
   <trkpt lat="41.98254" lon="2.8703800000000004">
    <ele>305.46</ele>
   </trkpt>
   <trkpt lat="41.982530000000004" lon="2.8707300000000004">
    <ele>304.92</ele>
   </trkpt>
   <trkpt lat="41.982490000000006" lon="2.8708400000000003">
    <ele>304.68</ele>
   </trkpt>
   <trkpt lat="41.982420000000005" lon="2.87096">
    <ele>304.37</ele>
   </trkpt>
   <trkpt lat="41.982290000000006" lon="2.8710700000000005">
    <ele>304.20000000000005</ele>
   </trkpt>
   <trkpt lat="41.98187" lon="2.87136">
    <ele>305.03000000000003</ele>
   </trkpt>
   <trkpt lat="41.981770000000004" lon="2.87142">
    <ele>305.03000000000003</ele>
   </trkpt>
   <trkpt lat="41.98171000000001" lon="2.87148">
    <ele>305.27000000000004</ele>
   </trkpt>
   <trkpt lat="41.981500000000004" lon="2.87178">
    <ele>306.22</ele>
   </trkpt>
   <trkpt lat="41.98142" lon="2.8719400000000004">
    <ele>306.55</ele>
   </trkpt>
   <trkpt lat="41.981410000000004" lon="2.8720100000000004">
    <ele>306.65000000000003</ele>
   </trkpt>
   <trkpt lat="41.981410000000004" lon="2.8721500000000004">
    <ele>306.65000000000003</ele>
   </trkpt>
   <trkpt lat="41.981480000000005" lon="2.8724800000000004">
    <ele>306.74</ele>
   </trkpt>
   <trkpt lat="41.98147" lon="2.8726000000000003">
    <ele>306.57</ele>
   </trkpt>
   <trkpt lat="41.9814" lon="2.87272">
    <ele>306.12</ele>
   </trkpt>
   <trkpt lat="41.98134" lon="2.8727500000000004">
    <ele>306.12</ele>
   </trkpt>
   <trkpt lat="41.981030000000004" lon="2.8728000000000002">
    <ele>304.55</ele>
   </trkpt>
   <trkpt lat="41.98096" lon="2.87284">
    <ele>304.55</ele>
   </trkpt>
   <trkpt lat="41.98091" lon="2.87291">
    <ele>304.25</ele>
   </trkpt>
   <trkpt lat="41.98086000000001" lon="2.87306">
    <ele>304.25</ele>
   </trkpt>
   <trkpt lat="41.98086000000001" lon="2.8734100000000002">
    <ele>303.12</ele>
   </trkpt>
   <trkpt lat="41.980830000000005" lon="2.87352">
    <ele>303.12</ele>
   </trkpt>
   <trkpt lat="41.98078" lon="2.87361">
    <ele>301.32000000000005</ele>
   </trkpt>
   <trkpt lat="41.98059000000001" lon="2.8737800000000004">
    <ele>301.32000000000005</ele>
   </trkpt>
   <trkpt lat="41.98053" lon="2.8739100000000004">
    <ele>299.94000000000005</ele>
   </trkpt>
   <trkpt lat="41.980520000000006" lon="2.87401">
    <ele>299.94000000000005</ele>
   </trkpt>
   <trkpt lat="41.980650000000004" lon="2.87434">
    <ele>298.65000000000003</ele>
   </trkpt>
   <trkpt lat="41.98066" lon="2.8744300000000003">
    <ele>298.16</ele>
   </trkpt>
   <trkpt lat="41.98064" lon="2.87453">
    <ele>297.59000000000003</ele>
   </trkpt>
   <trkpt lat="41.980520000000006" lon="2.87468">
    <ele>296.69</ele>
   </trkpt>
   <trkpt lat="41.98048" lon="2.8747800000000003">
    <ele>296.11</ele>
   </trkpt>
   <trkpt lat="41.98048" lon="2.87509">
    <ele>294.76</ele>
   </trkpt>
   <trkpt lat="41.980450000000005" lon="2.8752000000000004">
    <ele>294.17</ele>
   </trkpt>
   <trkpt lat="41.98037" lon="2.8753">
    <ele>294.17</ele>
   </trkpt>
   <trkpt lat="41.98008" lon="2.87557">
    <ele>291.22</ele>
   </trkpt>
   <trkpt lat="41.97997" lon="2.87557">
    <ele>289.49</ele>
   </trkpt>
   <trkpt lat="41.97979" lon="2.87549">
    <ele>288.26</ele>
   </trkpt>
   <trkpt lat="41.979670000000006" lon="2.8755">
    <ele>287.52</ele>
   </trkpt>
   <trkpt lat="41.979580000000006" lon="2.8755900000000003">
    <ele>287.40000000000003</ele>
   </trkpt>
   <trkpt lat="41.979510000000005" lon="2.87571">
    <ele>287.40000000000003</ele>
   </trkpt>
   <trkpt lat="41.97946" lon="2.8758800000000004">
    <ele>287.08</ele>
   </trkpt>
   <trkpt lat="41.979470000000006" lon="2.87602">
    <ele>286.63</ele>
   </trkpt>
   <trkpt lat="41.97957" lon="2.87645">
    <ele>285.64</ele>
   </trkpt>
   <trkpt lat="41.979710000000004" lon="2.8768000000000002">
    <ele>285.73</ele>
   </trkpt>
   <trkpt lat="41.97977" lon="2.8769000000000005">
    <ele>286.02</ele>
   </trkpt>
   <trkpt lat="41.979870000000005" lon="2.8770000000000002">
    <ele>286.52</ele>
   </trkpt>
   <trkpt lat="41.98012000000001" lon="2.8771600000000004">
    <ele>287.82</ele>
   </trkpt>
   <trkpt lat="41.980230000000006" lon="2.8772">
    <ele>288.53000000000003</ele>
   </trkpt>
   <trkpt lat="41.980320000000006" lon="2.87726">
    <ele>289.06000000000006</ele>
   </trkpt>
   <trkpt lat="41.980410000000006" lon="2.8773500000000003">
    <ele>289.89000000000004</ele>
   </trkpt>
   <trkpt lat="41.980500000000006" lon="2.8774800000000003">
    <ele>290.40000000000003</ele>
   </trkpt>
   <trkpt lat="41.98053" lon="2.87767">
    <ele>291.09000000000003</ele>
   </trkpt>
   <trkpt lat="41.980470000000004" lon="2.87793">
    <ele>291.3</ele>
   </trkpt>
   <trkpt lat="41.980470000000004" lon="2.8780200000000002">
    <ele>291.3</ele>
   </trkpt>
   <trkpt lat="41.980500000000006" lon="2.8781800000000004">
    <ele>291.42</ele>
   </trkpt>
   <trkpt lat="41.9808" lon="2.8789900000000004">
    <ele>292.41</ele>
   </trkpt>
   <trkpt lat="41.980790000000006" lon="2.87928">
    <ele>293.34999999999997</ele>
   </trkpt>
   <trkpt lat="41.98082" lon="2.87942">
    <ele>293.94000000000005</ele>
   </trkpt>
   <trkpt lat="41.98115000000001" lon="2.8802100000000004">
    <ele>298.83000000000004</ele>
   </trkpt>
   <trkpt lat="41.98127" lon="2.8803400000000003">
    <ele>299.78000000000003</ele>
   </trkpt>
   <trkpt lat="41.98176" lon="2.88072">
    <ele>304.15000000000003</ele>
   </trkpt>
   <trkpt lat="41.982020000000006" lon="2.8810700000000002">
    <ele>305.23</ele>
   </trkpt>
   <trkpt lat="41.98239" lon="2.88153">
    <ele>305.48</ele>
   </trkpt>
   <trkpt lat="41.982440000000004" lon="2.8816900000000003">
    <ele>305.42</ele>
   </trkpt>
   <trkpt lat="41.98246" lon="2.8818200000000003">
    <ele>305.42</ele>
   </trkpt>
   <trkpt lat="41.982440000000004" lon="2.8822">
    <ele>305.77000000000004</ele>
   </trkpt>
   <trkpt lat="41.98236" lon="2.88295">
    <ele>308.51</ele>
   </trkpt>
   <trkpt lat="41.98232" lon="2.88307">
    <ele>308.51</ele>
   </trkpt>
   <trkpt lat="41.98227000000001" lon="2.8831200000000003">
    <ele>310.88000000000005</ele>
   </trkpt>
   <trkpt lat="41.98223" lon="2.8831300000000004">
    <ele>310.88000000000005</ele>
   </trkpt>
   <trkpt lat="41.98218000000001" lon="2.8831200000000003">
    <ele>310.88000000000005</ele>
   </trkpt>
   <trkpt lat="41.98212" lon="2.8830500000000003">
    <ele>310.88000000000005</ele>
   </trkpt>
   <trkpt lat="41.98187" lon="2.8826500000000004">
    <ele>312.71999999999997</ele>
   </trkpt>
   <trkpt lat="41.98178" lon="2.8824">
    <ele>314.04</ele>
   </trkpt>
   <trkpt lat="41.98165" lon="2.88226">
    <ele>314.65000000000003</ele>
   </trkpt>
   <trkpt lat="41.9816" lon="2.8822500000000004">
    <ele>314.65000000000003</ele>
   </trkpt>
   <trkpt lat="41.98151" lon="2.88226">
    <ele>314.65000000000003</ele>
   </trkpt>
   <trkpt lat="41.981280000000005" lon="2.88242">
    <ele>316.15000000000003</ele>
   </trkpt>
   <trkpt lat="41.98093" lon="2.88276">
    <ele>318.65000000000003</ele>
   </trkpt>
   <trkpt lat="41.98082" lon="2.8827700000000003">
    <ele>319.21999999999997</ele>
   </trkpt>
   <trkpt lat="41.980630000000005" lon="2.88269">
    <ele>321.21000000000004</ele>
   </trkpt>
   <trkpt lat="41.980560000000004" lon="2.8827100000000003">
    <ele>321.21000000000004</ele>
   </trkpt>
   <trkpt lat="41.98049" lon="2.88281">
    <ele>322.09000000000003</ele>
   </trkpt>
   <trkpt lat="41.98049" lon="2.88296">
    <ele>322.58000000000004</ele>
   </trkpt>
   <trkpt lat="41.980650000000004" lon="2.8834500000000003">
    <ele>325.06</ele>
   </trkpt>
   <trkpt lat="41.980630000000005" lon="2.8837300000000003">
    <ele>326.08000000000004</ele>
   </trkpt>
   <trkpt lat="41.980650000000004" lon="2.8838500000000002">
    <ele>326.08000000000004</ele>
   </trkpt>
   <trkpt lat="41.98106000000001" lon="2.88438">
    <ele>330.5</ele>
   </trkpt>
   <trkpt lat="41.981500000000004" lon="2.88506">
    <ele>333.49</ele>
   </trkpt>
   <trkpt lat="41.98161" lon="2.8853000000000004">
    <ele>334.40000000000003</ele>
   </trkpt>
   <trkpt lat="41.98176" lon="2.8856900000000003">
    <ele>335.03000000000003</ele>
   </trkpt>
   <trkpt lat="41.9819" lon="2.8862300000000003">
    <ele>335.20000000000005</ele>
   </trkpt>
   <trkpt lat="41.982040000000005" lon="2.8866400000000003">
    <ele>335.46000000000004</ele>
   </trkpt>
   <trkpt lat="41.98214" lon="2.8868300000000002">
    <ele>335.6</ele>
   </trkpt>
   <trkpt lat="41.9823" lon="2.88703">
    <ele>335.70000000000005</ele>
   </trkpt>
   <trkpt lat="41.98256000000001" lon="2.8874000000000004">
    <ele>337.07000000000005</ele>
   </trkpt>
   <trkpt lat="41.98288" lon="2.8875800000000003">
    <ele>338.99</ele>
   </trkpt>
   <trkpt lat="41.982980000000005" lon="2.88769">
    <ele>338.99</ele>
   </trkpt>
   <trkpt lat="41.98306" lon="2.88789">
    <ele>339.75000000000006</ele>
   </trkpt>
   <trkpt lat="41.98301" lon="2.8882700000000003">
    <ele>340.35</ele>
   </trkpt>
   <trkpt lat="41.982960000000006" lon="2.8884200000000004">
    <ele>340.35</ele>
   </trkpt>
   <trkpt lat="41.982690000000005" lon="2.88884">
    <ele>340.57000000000005</ele>
   </trkpt>
   <trkpt lat="41.9825" lon="2.8892800000000003">
    <ele>340.77000000000004</ele>
   </trkpt>
   <trkpt lat="41.98245" lon="2.88946">
    <ele>341.0</ele>
   </trkpt>
   <trkpt lat="41.98245" lon="2.8896200000000003">
    <ele>341.09</ele>
   </trkpt>
   <trkpt lat="41.9825" lon="2.8897700000000004">
    <ele>341.09</ele>
   </trkpt>
   <trkpt lat="41.982600000000005" lon="2.8898900000000003">
    <ele>341.30000000000007</ele>
   </trkpt>
   <trkpt lat="41.98274000000001" lon="2.8900200000000003">
    <ele>341.38</ele>
   </trkpt>
   <trkpt lat="41.98277" lon="2.89007">
    <ele>341.38</ele>
   </trkpt>
   <trkpt lat="41.982800000000005" lon="2.8901800000000004">
    <ele>341.38</ele>
   </trkpt>
   <trkpt lat="41.982780000000005" lon="2.89039">
    <ele>341.40000000000003</ele>
   </trkpt>
   <trkpt lat="41.98288" lon="2.8906600000000005">
    <ele>341.24</ele>
   </trkpt>
   <trkpt lat="41.983180000000004" lon="2.8910500000000003">
    <ele>339.90000000000003</ele>
   </trkpt>
   <trkpt lat="41.98331" lon="2.8913">
    <ele>338.6</ele>
   </trkpt>
   <trkpt lat="41.98357" lon="2.8921">
    <ele>336.78000000000003</ele>
   </trkpt>
   <trkpt lat="41.983900000000006" lon="2.89259">
    <ele>337.82</ele>
   </trkpt>
   <trkpt lat="41.98402" lon="2.8928200000000004">
    <ele>338.61</ele>
   </trkpt>
   <trkpt lat="41.984170000000006" lon="2.8932200000000003">
    <ele>339.23</ele>
   </trkpt>
   <trkpt lat="41.98425" lon="2.8934900000000003">
    <ele>344.16</ele>
   </trkpt>
   <trkpt lat="41.984280000000005" lon="2.89365">
    <ele>344.16</ele>
   </trkpt>
   <trkpt lat="41.98442" lon="2.89393">
    <ele>345.74000000000007</ele>
   </trkpt>
   <trkpt lat="41.98443" lon="2.89399">
    <ele>345.74000000000007</ele>
   </trkpt>
   <trkpt lat="41.98442" lon="2.8943700000000003">
    <ele>346.91</ele>
   </trkpt>
   <trkpt lat="41.98454" lon="2.89474">
    <ele>348.76</ele>
   </trkpt>
   <trkpt lat="41.98463" lon="2.8949300000000004">
    <ele>351.12000000000006</ele>
   </trkpt>
   <trkpt lat="41.98494" lon="2.89523">
    <ele>353.12000000000006</ele>
   </trkpt>
   <trkpt lat="41.985020000000006" lon="2.89541">
    <ele>355.15000000000003</ele>
   </trkpt>
   <trkpt lat="41.98503" lon="2.8955">
    <ele>355.89000000000004</ele>
   </trkpt>
   <trkpt lat="41.98500000000001" lon="2.8955900000000003">
    <ele>356.23</ele>
   </trkpt>
   <trkpt lat="41.984950000000005" lon="2.8956500000000003">
    <ele>356.82</ele>
   </trkpt>
   <trkpt lat="41.98487" lon="2.89568">
    <ele>357.6</ele>
   </trkpt>
   <trkpt lat="41.984660000000005" lon="2.8957100000000002">
    <ele>359.02</ele>
   </trkpt>
   <trkpt lat="41.984280000000005" lon="2.89584">
    <ele>361.45000000000005</ele>
   </trkpt>
   <trkpt lat="41.98418" lon="2.89595">
    <ele>361.45000000000005</ele>
   </trkpt>
   <trkpt lat="41.98409" lon="2.8961900000000003">
    <ele>363.07</ele>
   </trkpt>
   <trkpt lat="41.98404" lon="2.89623">
    <ele>363.07</ele>
   </trkpt>
   <trkpt lat="41.983990000000006" lon="2.89623">
    <ele>365.17</ele>
   </trkpt>
   <trkpt lat="41.98377000000001" lon="2.8961">
    <ele>365.17</ele>
   </trkpt>
   <trkpt lat="41.98362" lon="2.8960500000000002">
    <ele>367.37</ele>
   </trkpt>
   <trkpt lat="41.983560000000004" lon="2.8960100000000004">
    <ele>367.37</ele>
   </trkpt>
   <trkpt lat="41.98333" lon="2.8956600000000003">
    <ele>369.79</ele>
   </trkpt>
   <trkpt lat="41.983180000000004" lon="2.89534">
    <ele>373.21000000000004</ele>
   </trkpt>
   <trkpt lat="41.98312000000001" lon="2.89529">
    <ele>373.21000000000004</ele>
   </trkpt>
   <trkpt lat="41.982890000000005" lon="2.8951700000000002">
    <ele>375.79</ele>
   </trkpt>
   <trkpt lat="41.98279" lon="2.89509">
    <ele>375.79</ele>
   </trkpt>
   <trkpt lat="41.98246" lon="2.8946400000000003">
    <ele>379.37</ele>
   </trkpt>
   <trkpt lat="41.982350000000004" lon="2.8945700000000003">
    <ele>379.94000000000005</ele>
   </trkpt>
   <trkpt lat="41.98227000000001" lon="2.8945900000000004">
    <ele>380.43000000000006</ele>
   </trkpt>
   <trkpt lat="41.982240000000004" lon="2.8946300000000003">
    <ele>380.65000000000003</ele>
   </trkpt>
   <trkpt lat="41.982200000000006" lon="2.8947100000000003">
    <ele>381.19</ele>
   </trkpt>
   <trkpt lat="41.98214" lon="2.8949100000000003">
    <ele>381.79</ele>
   </trkpt>
   <trkpt lat="41.982020000000006" lon="2.8951100000000003">
    <ele>382.08000000000004</ele>
   </trkpt>
   <trkpt lat="41.982000000000006" lon="2.8952400000000003">
    <ele>382.14000000000004</ele>
   </trkpt>
   <trkpt lat="41.982020000000006" lon="2.8953300000000004">
    <ele>382.13</ele>
   </trkpt>
   <trkpt lat="41.982150000000004" lon="2.89561">
    <ele>381.88000000000005</ele>
   </trkpt>
   <trkpt lat="41.982260000000004" lon="2.8959300000000003">
    <ele>381.73</ele>
   </trkpt>
   <trkpt lat="41.982350000000004" lon="2.8960100000000004">
    <ele>381.63</ele>
   </trkpt>
   <trkpt lat="41.98257" lon="2.89603">
    <ele>381.20000000000005</ele>
   </trkpt>
   <trkpt lat="41.982670000000006" lon="2.89609">
    <ele>381.20000000000005</ele>
   </trkpt>
   <trkpt lat="41.982780000000005" lon="2.89624">
    <ele>381.09000000000003</ele>
   </trkpt>
   <trkpt lat="41.983050000000006" lon="2.89672">
    <ele>381.25</ele>
   </trkpt>
   <trkpt lat="41.98317" lon="2.8968700000000003">
    <ele>381.64000000000004</ele>
   </trkpt>
   <trkpt lat="41.98355" lon="2.89746">
    <ele>384.34000000000003</ele>
   </trkpt>
   <trkpt lat="41.983650000000004" lon="2.8976900000000003">
    <ele>386.48</ele>
   </trkpt>
   <trkpt lat="41.98366" lon="2.8977700000000004">
    <ele>386.48</ele>
   </trkpt>
   <trkpt lat="41.98364" lon="2.8979100000000004">
    <ele>386.48</ele>
   </trkpt>
   <trkpt lat="41.98355" lon="2.89806">
    <ele>387.99000000000007</ele>
   </trkpt>
   <trkpt lat="41.98333" lon="2.8983000000000003">
    <ele>389.55</ele>
   </trkpt>
   <trkpt lat="41.98328" lon="2.8984">
    <ele>389.55</ele>
   </trkpt>
   <trkpt lat="41.983250000000005" lon="2.89853">
    <ele>390.04</ele>
   </trkpt>
   <trkpt lat="41.98324" lon="2.8987000000000003">
    <ele>390.72</ele>
   </trkpt>
   <trkpt lat="41.983250000000005" lon="2.89882">
    <ele>391.15000000000003</ele>
   </trkpt>
   <trkpt lat="41.983360000000005" lon="2.8991200000000004">
    <ele>392.77</ele>
   </trkpt>
   <trkpt lat="41.983380000000004" lon="2.89922">
    <ele>392.77</ele>
   </trkpt>
   <trkpt lat="41.983380000000004" lon="2.89936">
    <ele>392.77</ele>
   </trkpt>
   <trkpt lat="41.98335" lon="2.89949">
    <ele>394.52000000000004</ele>
   </trkpt>
   <trkpt lat="41.98331" lon="2.89957">
    <ele>394.52000000000004</ele>
   </trkpt>
   <trkpt lat="41.98322" lon="2.8996500000000003">
    <ele>395.11</ele>
   </trkpt>
   <trkpt lat="41.983180000000004" lon="2.8996500000000003">
    <ele>395.11</ele>
   </trkpt>
   <trkpt lat="41.98311" lon="2.89963">
    <ele>395.17</ele>
   </trkpt>
   <trkpt lat="41.9829" lon="2.8994700000000004">
    <ele>396.22</ele>
   </trkpt>
   <trkpt lat="41.9827" lon="2.89941">
    <ele>399.31000000000006</ele>
   </trkpt>
   <trkpt lat="41.98259" lon="2.89941">
    <ele>399.31000000000006</ele>
   </trkpt>
   <trkpt lat="41.982530000000004" lon="2.89943">
    <ele>399.31000000000006</ele>
   </trkpt>
   <trkpt lat="41.98248" lon="2.8995">
    <ele>399.31000000000006</ele>
   </trkpt>
   <trkpt lat="41.98234" lon="2.8997800000000002">
    <ele>400.81000000000006</ele>
   </trkpt>
   <trkpt lat="41.98214" lon="2.8999300000000003">
    <ele>402.9200000000001</ele>
   </trkpt>
   <trkpt lat="41.98209000000001" lon="2.9000100000000004">
    <ele>402.9200000000001</ele>
   </trkpt>
   <trkpt lat="41.98209000000001" lon="2.9001500000000004">
    <ele>403.51000000000005</ele>
   </trkpt>
   <trkpt lat="41.982220000000005" lon="2.9006600000000002">
    <ele>407.25000000000006</ele>
   </trkpt>
   <trkpt lat="41.98221" lon="2.9008200000000004">
    <ele>408.34000000000003</ele>
   </trkpt>
   <trkpt lat="41.98216" lon="2.90091">
    <ele>408.34000000000003</ele>
   </trkpt>
   <trkpt lat="41.98209000000001" lon="2.9009600000000004">
    <ele>409.58000000000004</ele>
   </trkpt>
   <trkpt lat="41.981970000000004" lon="2.9010100000000003">
    <ele>409.58000000000004</ele>
   </trkpt>
   <trkpt lat="41.98178" lon="2.90104">
    <ele>411.18000000000006</ele>
   </trkpt>
   <trkpt lat="41.98169" lon="2.9011600000000004">
    <ele>412.36000000000007</ele>
   </trkpt>
   <trkpt lat="41.981660000000005" lon="2.90126">
    <ele>412.36000000000007</ele>
   </trkpt>
   <trkpt lat="41.9816" lon="2.90138">
    <ele>413.18000000000006</ele>
   </trkpt>
   <trkpt lat="41.98149" lon="2.9014900000000003">
    <ele>413.76</ele>
   </trkpt>
   <trkpt lat="41.98143" lon="2.9015000000000004">
    <ele>415.59000000000003</ele>
   </trkpt>
   <trkpt lat="41.98118" lon="2.90146">
    <ele>416.79</ele>
   </trkpt>
   <trkpt lat="41.981170000000006" lon="2.90146">
    <ele>416.81</ele>
   </trkpt>
   <trkpt lat="41.980970000000006" lon="2.90145">
    <ele>418.89000000000004</ele>
   </trkpt>
   <trkpt lat="41.98087" lon="2.9015000000000004">
    <ele>418.89000000000004</ele>
   </trkpt>
   <trkpt lat="41.98077000000001" lon="2.90165">
    <ele>420.14</ele>
   </trkpt>
   <trkpt lat="41.980830000000005" lon="2.90228">
    <ele>422.42</ele>
   </trkpt>
   <trkpt lat="41.980790000000006" lon="2.9027600000000002">
    <ele>426.00000000000006</ele>
   </trkpt>
   <trkpt lat="41.9808" lon="2.9028500000000004">
    <ele>426.00000000000006</ele>
   </trkpt>
   <trkpt lat="41.980830000000005" lon="2.9029200000000004">
    <ele>426.98</ele>
   </trkpt>
   <trkpt lat="41.98091" lon="2.90302">
    <ele>427.59000000000003</ele>
   </trkpt>
   <trkpt lat="41.98125" lon="2.90328">
    <ele>430.04</ele>
   </trkpt>
   <trkpt lat="41.981320000000004" lon="2.90336">
    <ele>430.75</ele>
   </trkpt>
   <trkpt lat="41.981440000000006" lon="2.9035800000000003">
    <ele>433.76000000000005</ele>
   </trkpt>
   <trkpt lat="41.981480000000005" lon="2.90375">
    <ele>433.76000000000005</ele>
   </trkpt>
   <trkpt lat="41.981480000000005" lon="2.9038100000000004">
    <ele>433.76000000000005</ele>
   </trkpt>
   <trkpt lat="41.981410000000004" lon="2.9040100000000004">
    <ele>435.53000000000003</ele>
   </trkpt>
   <trkpt lat="41.9814" lon="2.9041">
    <ele>436.1700000000001</ele>
   </trkpt>
   <trkpt lat="41.98154" lon="2.9044000000000003">
    <ele>437.62</ele>
   </trkpt>
   <trkpt lat="41.98167" lon="2.9047300000000003">
    <ele>439.19</ele>
   </trkpt>
   <trkpt lat="41.981970000000004" lon="2.9052100000000003">
    <ele>444.1</ele>
   </trkpt>
   <trkpt lat="41.98208" lon="2.9057100000000005">
    <ele>447.09000000000003</ele>
   </trkpt>
   <trkpt lat="41.982240000000004" lon="2.9060200000000003">
    <ele>449.69</ele>
   </trkpt>
   <trkpt lat="41.98228" lon="2.90613">
    <ele>449.69</ele>
   </trkpt>
   <trkpt lat="41.982330000000005" lon="2.90654">
    <ele>452.08000000000004</ele>
   </trkpt>
   <trkpt lat="41.982420000000005" lon="2.9068600000000004">
    <ele>453.35</ele>
   </trkpt>
   <trkpt lat="41.98266" lon="2.9075200000000003">
    <ele>456.96000000000004</ele>
   </trkpt>
   <trkpt lat="41.982670000000006" lon="2.90761">
    <ele>457.22</ele>
   </trkpt>
   <trkpt lat="41.98266" lon="2.9077">
    <ele>457.68</ele>
   </trkpt>
   <trkpt lat="41.98254" lon="2.9080500000000002">
    <ele>458.44</ele>
   </trkpt>
   <trkpt lat="41.982530000000004" lon="2.9082000000000003">
    <ele>459.46000000000004</ele>
   </trkpt>
   <trkpt lat="41.98255" lon="2.9085400000000003">
    <ele>460.29</ele>
   </trkpt>
   <trkpt lat="41.98257" lon="2.90897">
    <ele>462.5</ele>
   </trkpt>
   <trkpt lat="41.982670000000006" lon="2.9096400000000004">
    <ele>465.61</ele>
   </trkpt>
   <trkpt lat="41.982670000000006" lon="2.9098100000000002">
    <ele>466.27</ele>
   </trkpt>
   <trkpt lat="41.98261" lon="2.90994">
    <ele>466.90000000000003</ele>
   </trkpt>
   <trkpt lat="41.982530000000004" lon="2.91007">
    <ele>466.58000000000004</ele>
   </trkpt>
   <trkpt lat="41.98252" lon="2.91012">
    <ele>466.40000000000003</ele>
   </trkpt>
   <trkpt lat="41.982530000000004" lon="2.9102300000000003">
    <ele>465.81000000000006</ele>
   </trkpt>
   <trkpt lat="41.982600000000005" lon="2.9103100000000004">
    <ele>465.45000000000005</ele>
   </trkpt>
   <trkpt lat="41.9827" lon="2.9103700000000003">
    <ele>465.16</ele>
   </trkpt>
   <trkpt lat="41.98301" lon="2.9104300000000003">
    <ele>464.5400000000001</ele>
   </trkpt>
   <trkpt lat="41.98362" lon="2.91046">
    <ele>463.85</ele>
   </trkpt>
   <trkpt lat="41.98386" lon="2.91041">
    <ele>463.32000000000005</ele>
   </trkpt>
   <trkpt lat="41.984010000000005" lon="2.9104200000000002">
    <ele>463.08000000000004</ele>
   </trkpt>
   <trkpt lat="41.98415000000001" lon="2.9104900000000002">
    <ele>462.64000000000004</ele>
   </trkpt>
   <trkpt lat="41.98454" lon="2.91089">
    <ele>460.61</ele>
   </trkpt>
   <trkpt lat="41.984790000000004" lon="2.91107">
    <ele>459.16</ele>
   </trkpt>
   <trkpt lat="41.985330000000005" lon="2.9114000000000004">
    <ele>454.93000000000006</ele>
   </trkpt>
   <trkpt lat="41.985420000000005" lon="2.9115100000000003">
    <ele>451.99000000000007</ele>
   </trkpt>
   <trkpt lat="41.98548" lon="2.9116400000000002">
    <ele>451.99000000000007</ele>
   </trkpt>
   <trkpt lat="41.985510000000005" lon="2.9118600000000003">
    <ele>451.37000000000006</ele>
   </trkpt>
   <trkpt lat="41.9855" lon="2.91202">
    <ele>450.51</ele>
   </trkpt>
   <trkpt lat="41.985400000000006" lon="2.91251">
    <ele>448.94000000000005</ele>
   </trkpt>
   <trkpt lat="41.98541" lon="2.91313">
    <ele>447.32000000000005</ele>
   </trkpt>
   <trkpt lat="41.98532" lon="2.91366">
    <ele>444.79</ele>
   </trkpt>
   <trkpt lat="41.985200000000006" lon="2.9142200000000003">
    <ele>442.99000000000007</ele>
   </trkpt>
   <trkpt lat="41.98512" lon="2.91509">
    <ele>438.37</ele>
   </trkpt>
   <trkpt lat="41.98492" lon="2.91595">
    <ele>431.46</ele>
   </trkpt>
   <trkpt lat="41.98487" lon="2.9160500000000003">
    <ele>430.47</ele>
   </trkpt>
   <trkpt lat="41.98467" lon="2.9163400000000004">
    <ele>426.92</ele>
   </trkpt>
   <trkpt lat="41.98462000000001" lon="2.9164700000000003">
    <ele>426.02</ele>
   </trkpt>
   <trkpt lat="41.98461" lon="2.9166900000000004">
    <ele>424.66</ele>
   </trkpt>
   <trkpt lat="41.98474" lon="2.91732">
    <ele>421.83000000000004</ele>
   </trkpt>
   <trkpt lat="41.9849" lon="2.91828">
    <ele>420.22</ele>
   </trkpt>
   <trkpt lat="41.98494" lon="2.9186500000000004">
    <ele>420.26</ele>
   </trkpt>
   <trkpt lat="41.98494" lon="2.9189200000000004">
    <ele>420.52000000000004</ele>
   </trkpt>
   <trkpt lat="41.98489" lon="2.9192">
    <ele>421.05</ele>
   </trkpt>
   <trkpt lat="41.984500000000004" lon="2.92017">
    <ele>424.65000000000003</ele>
   </trkpt>
   <trkpt lat="41.984460000000006" lon="2.9205300000000003">
    <ele>425.48</ele>
   </trkpt>
   <trkpt lat="41.98449" lon="2.9206700000000003">
    <ele>425.51000000000005</ele>
   </trkpt>
   <trkpt lat="41.98469" lon="2.9212100000000003">
    <ele>424.91</ele>
   </trkpt>
   <trkpt lat="41.98474" lon="2.92139">
    <ele>424.91</ele>
   </trkpt>
   <trkpt lat="41.98471000000001" lon="2.9215000000000004">
    <ele>424.7</ele>
   </trkpt>
   <trkpt lat="41.984590000000004" lon="2.9216800000000003">
    <ele>424.54</ele>
   </trkpt>
   <trkpt lat="41.984140000000004" lon="2.922">
    <ele>421.62000000000006</ele>
   </trkpt>
   <trkpt lat="41.98409" lon="2.9221000000000004">
    <ele>421.22</ele>
   </trkpt>
   <trkpt lat="41.98407" lon="2.9222300000000003">
    <ele>421.22</ele>
   </trkpt>
   <trkpt lat="41.98413" lon="2.9227000000000003">
    <ele>419.58</ele>
   </trkpt>
   <trkpt lat="41.984080000000006" lon="2.9228600000000005">
    <ele>418.82</ele>
   </trkpt>
   <trkpt lat="41.98405" lon="2.92293">
    <ele>418.15000000000003</ele>
   </trkpt>
   <trkpt lat="41.983990000000006" lon="2.9229900000000004">
    <ele>418.15000000000003</ele>
   </trkpt>
   <trkpt lat="41.98391" lon="2.9230300000000002">
    <ele>417.41</ele>
   </trkpt>
   <trkpt lat="41.98377000000001" lon="2.92307">
    <ele>415.78000000000003</ele>
   </trkpt>
   <trkpt lat="41.983560000000004" lon="2.92307">
    <ele>414.6</ele>
   </trkpt>
   <trkpt lat="41.983380000000004" lon="2.92309">
    <ele>410.86000000000007</ele>
   </trkpt>
   <trkpt lat="41.98326" lon="2.92314">
    <ele>410.86000000000007</ele>
   </trkpt>
   <trkpt lat="41.983160000000005" lon="2.92321">
    <ele>410.15000000000003</ele>
   </trkpt>
   <trkpt lat="41.98306" lon="2.92334">
    <ele>410.15000000000003</ele>
   </trkpt>
   <trkpt lat="41.982910000000004" lon="2.9238000000000004">
    <ele>406.47</ele>
   </trkpt>
   <trkpt lat="41.982820000000004" lon="2.9239300000000004">
    <ele>405.53000000000003</ele>
   </trkpt>
   <trkpt lat="41.98248" lon="2.92422">
    <ele>402.54</ele>
   </trkpt>
   <trkpt lat="41.982290000000006" lon="2.9247">
    <ele>399.86</ele>
   </trkpt>
   <trkpt lat="41.982000000000006" lon="2.92497">
    <ele>398.29</ele>
   </trkpt>
   <trkpt lat="41.98194" lon="2.9251">
    <ele>396.61</ele>
   </trkpt>
   <trkpt lat="41.981930000000006" lon="2.92524">
    <ele>396.61</ele>
   </trkpt>
   <trkpt lat="41.981950000000005" lon="2.9253400000000003">
    <ele>395.72</ele>
   </trkpt>
   <trkpt lat="41.98214" lon="2.9256900000000003">
    <ele>393.32000000000005</ele>
   </trkpt>
   <trkpt lat="41.98219" lon="2.9258300000000004">
    <ele>391.86</ele>
   </trkpt>
   <trkpt lat="41.98225" lon="2.92625">
    <ele>389.01</ele>
   </trkpt>
   <trkpt lat="41.982290000000006" lon="2.9264200000000002">
    <ele>387.82000000000005</ele>
   </trkpt>
   <trkpt lat="41.98237" lon="2.92653">
    <ele>386.98</ele>
   </trkpt>
   <trkpt lat="41.982670000000006" lon="2.92681">
    <ele>381.22</ele>
   </trkpt>
   <trkpt lat="41.98286" lon="2.92707">
    <ele>381.22</ele>
   </trkpt>
   <trkpt lat="41.98297" lon="2.92716">
    <ele>379.6</ele>
   </trkpt>
   <trkpt lat="41.983450000000005" lon="2.9274700000000005">
    <ele>375.14000000000004</ele>
   </trkpt>
   <trkpt lat="41.983720000000005" lon="2.9278700000000004">
    <ele>371.87</ele>
   </trkpt>
   <trkpt lat="41.98386" lon="2.92795">
    <ele>371.87</ele>
   </trkpt>
   <trkpt lat="41.984120000000004" lon="2.92797">
    <ele>369.47</ele>
   </trkpt>
   <trkpt lat="41.98424000000001" lon="2.92803">
    <ele>367.92</ele>
   </trkpt>
   <trkpt lat="41.984350000000006" lon="2.9281400000000004">
    <ele>367.92</ele>
   </trkpt>
   <trkpt lat="41.98483" lon="2.9288700000000003">
    <ele>360.84000000000003</ele>
   </trkpt>
   <trkpt lat="41.984880000000004" lon="2.92904">
    <ele>359.22</ele>
   </trkpt>
   <trkpt lat="41.98489" lon="2.92918">
    <ele>359.22</ele>
   </trkpt>
   <trkpt lat="41.984950000000005" lon="2.92939">
    <ele>357.47</ele>
   </trkpt>
   <trkpt lat="41.985040000000005" lon="2.92958">
    <ele>355.79</ele>
   </trkpt>
   <trkpt lat="41.985200000000006" lon="2.93012">
    <ele>350.15000000000003</ele>
   </trkpt>
   <trkpt lat="41.98528" lon="2.93021">
    <ele>350.15000000000003</ele>
   </trkpt>
   <trkpt lat="41.985400000000006" lon="2.93028">
    <ele>348.90000000000003</ele>
   </trkpt>
   <trkpt lat="41.98555" lon="2.93033">
    <ele>347.73</ele>
   </trkpt>
   <trkpt lat="41.985690000000005" lon="2.9304">
    <ele>345.66</ele>
   </trkpt>
   <trkpt lat="41.985760000000006" lon="2.93047">
    <ele>345.66</ele>
   </trkpt>
   <trkpt lat="41.98583" lon="2.9305800000000004">
    <ele>344.94</ele>
   </trkpt>
   <trkpt lat="41.985870000000006" lon="2.9307800000000004">
    <ele>343.77000000000004</ele>
   </trkpt>
   <trkpt lat="41.985850000000006" lon="2.9309600000000002">
    <ele>342.46000000000004</ele>
   </trkpt>
   <trkpt lat="41.98575" lon="2.93116">
    <ele>340.09</ele>
   </trkpt>
   <trkpt lat="41.985670000000006" lon="2.93122">
    <ele>340.09</ele>
   </trkpt>
   <trkpt lat="41.98552" lon="2.93129">
    <ele>336.44</ele>
   </trkpt>
   <trkpt lat="41.985130000000005" lon="2.93136">
    <ele>332.86</ele>
   </trkpt>
   <trkpt lat="41.98500000000001" lon="2.93142">
    <ele>331.78000000000003</ele>
   </trkpt>
   <trkpt lat="41.98492" lon="2.9315">
    <ele>331.01000000000005</ele>
   </trkpt>
   <trkpt lat="41.98487" lon="2.93163">
    <ele>330.17</ele>
   </trkpt>
   <trkpt lat="41.984880000000004" lon="2.93176">
    <ele>328.41</ele>
   </trkpt>
   <trkpt lat="41.98492" lon="2.93189">
    <ele>328.41</ele>
   </trkpt>
   <trkpt lat="41.98499" lon="2.9320100000000004">
    <ele>327.56</ele>
   </trkpt>
   <trkpt lat="41.985260000000004" lon="2.9323300000000003">
    <ele>324.09999999999997</ele>
   </trkpt>
   <trkpt lat="41.985350000000004" lon="2.9325500000000004">
    <ele>322.07</ele>
   </trkpt>
   <trkpt lat="41.98537" lon="2.9326700000000003">
    <ele>321.62</ele>
   </trkpt>
   <trkpt lat="41.985260000000004" lon="2.9332800000000003">
    <ele>316.33</ele>
   </trkpt>
   <trkpt lat="41.98516" lon="2.93364">
    <ele>313.42</ele>
   </trkpt>
   <trkpt lat="41.98503" lon="2.9338300000000004">
    <ele>311.39</ele>
   </trkpt>
   <trkpt lat="41.98447" lon="2.9344200000000003">
    <ele>305.39000000000004</ele>
   </trkpt>
   <trkpt lat="41.984300000000005" lon="2.93455">
    <ele>304.70000000000005</ele>
   </trkpt>
   <trkpt lat="41.984260000000006" lon="2.9345600000000003">
    <ele>304.33000000000004</ele>
   </trkpt>
   <trkpt lat="41.984170000000006" lon="2.93454">
    <ele>303.94000000000005</ele>
   </trkpt>
   <trkpt lat="41.98407" lon="2.9344400000000004">
    <ele>302.21000000000004</ele>
   </trkpt>
   <trkpt lat="41.98402" lon="2.93434">
    <ele>302.21000000000004</ele>
   </trkpt>
   <trkpt lat="41.98395" lon="2.9340300000000004">
    <ele>298.99</ele>
   </trkpt>
   <trkpt lat="41.983900000000006" lon="2.9338800000000003">
    <ele>298.18</ele>
   </trkpt>
   <trkpt lat="41.983830000000005" lon="2.9337500000000003">
    <ele>297.06000000000006</ele>
   </trkpt>
   <trkpt lat="41.983560000000004" lon="2.9334800000000003">
    <ele>294.77000000000004</ele>
   </trkpt>
   <trkpt lat="41.983470000000004" lon="2.9332700000000003">
    <ele>293.29</ele>
   </trkpt>
   <trkpt lat="41.983320000000006" lon="2.9327900000000002">
    <ele>288.86</ele>
   </trkpt>
   <trkpt lat="41.98326" lon="2.93272">
    <ele>288.11</ele>
   </trkpt>
   <trkpt lat="41.983180000000004" lon="2.9326700000000003">
    <ele>287.42</ele>
   </trkpt>
   <trkpt lat="41.982940000000006" lon="2.93258">
    <ele>285.79</ele>
   </trkpt>
   <trkpt lat="41.98281" lon="2.9325">
    <ele>285.11</ele>
   </trkpt>
   <trkpt lat="41.982730000000004" lon="2.93243">
    <ele>284.02000000000004</ele>
   </trkpt>
   <trkpt lat="41.98266" lon="2.9323400000000004">
    <ele>282.88</ele>
   </trkpt>
   <trkpt lat="41.982510000000005" lon="2.9318400000000002">
    <ele>278.54</ele>
   </trkpt>
   <trkpt lat="41.98243" lon="2.9317300000000004">
    <ele>278.54</ele>
   </trkpt>
   <trkpt lat="41.98236" lon="2.93169">
    <ele>277.67</ele>
   </trkpt>
   <trkpt lat="41.98227000000001" lon="2.9316700000000004">
    <ele>276.87</ele>
   </trkpt>
   <trkpt lat="41.982200000000006" lon="2.93169">
    <ele>275.76</ele>
   </trkpt>
   <trkpt lat="41.982130000000005" lon="2.9317400000000005">
    <ele>275.76</ele>
   </trkpt>
   <trkpt lat="41.981840000000005" lon="2.93222">
    <ele>270.59</ele>
   </trkpt>
   <trkpt lat="41.98176" lon="2.9324100000000004">
    <ele>269.72</ele>
   </trkpt>
   <trkpt lat="41.981730000000006" lon="2.93256">
    <ele>268.90000000000003</ele>
   </trkpt>
   <trkpt lat="41.981700000000004" lon="2.93298">
    <ele>267.31000000000006</ele>
   </trkpt>
   <trkpt lat="41.98173500274321" lon="2.933774999580278">
    <ele>261.98</ele>
   </trkpt>
   <trkpt lat="41.981770000000004" lon="2.9345700000000003">
    <ele>255.68</ele>
   </trkpt>
   <trkpt lat="41.98181" lon="2.9347800000000004">
    <ele>253.75000000000003</ele>
   </trkpt>
   <trkpt lat="41.98212" lon="2.9357300000000004">
    <ele>248.57000000000002</ele>
   </trkpt>
   <trkpt lat="41.982110000000006" lon="2.93589">
    <ele>247.70000000000002</ele>
   </trkpt>
   <trkpt lat="41.98207" lon="2.9360600000000003">
    <ele>245.61</ele>
   </trkpt>
   <trkpt lat="41.9819" lon="2.9363900000000003">
    <ele>241.67000000000002</ele>
   </trkpt>
   <trkpt lat="41.98180000000001" lon="2.9366700000000003">
    <ele>240.14000000000001</ele>
   </trkpt>
   <trkpt lat="41.98176" lon="2.9373400000000003">
    <ele>234.72</ele>
   </trkpt>
   <trkpt lat="41.981770000000004" lon="2.9379600000000003">
    <ele>230.66000000000003</ele>
   </trkpt>
   <trkpt lat="41.981790000000004" lon="2.9381600000000003">
    <ele>229.59</ele>
   </trkpt>
   <trkpt lat="41.98196" lon="2.93888">
    <ele>225.49</ele>
   </trkpt>
   <trkpt lat="41.98199" lon="2.93914">
    <ele>224.05</ele>
   </trkpt>
   <trkpt lat="41.981930000000006" lon="2.9393700000000003">
    <ele>223.45000000000002</ele>
   </trkpt>
   <trkpt lat="41.981840000000005" lon="2.93955">
    <ele>222.48000000000002</ele>
   </trkpt>
   <trkpt lat="41.98153000000001" lon="2.9398000000000004">
    <ele>219.7</ele>
   </trkpt>
   <trkpt lat="41.98147" lon="2.93995">
    <ele>218.71</ele>
   </trkpt>
   <trkpt lat="41.981480000000005" lon="2.94009">
    <ele>218.53000000000003</ele>
   </trkpt>
   <trkpt lat="41.98156" lon="2.9402500000000003">
    <ele>217.60000000000002</ele>
   </trkpt>
   <trkpt lat="41.981750000000005" lon="2.9404000000000003">
    <ele>217.10000000000002</ele>
   </trkpt>
   <trkpt lat="41.98223000021333" lon="2.940549998905377">
    <ele>215.49</ele>
   </trkpt>
   <trkpt lat="41.982710000000004" lon="2.9407">
    <ele>212.59000000000003</ele>
   </trkpt>
   <trkpt lat="41.98283000000001" lon="2.94077">
    <ele>211.92000000000002</ele>
   </trkpt>
   <trkpt lat="41.98292" lon="2.94084">
    <ele>211.18</ele>
   </trkpt>
   <trkpt lat="41.9831" lon="2.94105">
    <ele>209.19</ele>
   </trkpt>
   <trkpt lat="41.98321000000001" lon="2.9412300000000005">
    <ele>206.84000000000003</ele>
   </trkpt>
   <trkpt lat="41.98326" lon="2.9413600000000004">
    <ele>206.39000000000001</ele>
   </trkpt>
   <trkpt lat="41.983290000000004" lon="2.94151">
    <ele>204.35</ele>
   </trkpt>
   <trkpt lat="41.983270000000005" lon="2.94171">
    <ele>204.35</ele>
   </trkpt>
   <trkpt lat="41.983230000000006" lon="2.9418800000000003">
    <ele>200.89000000000001</ele>
   </trkpt>
   <trkpt lat="41.98315" lon="2.94206">
    <ele>198.64000000000001</ele>
   </trkpt>
   <trkpt lat="41.98303000000001" lon="2.9422300000000003">
    <ele>197.05</ele>
   </trkpt>
   <trkpt lat="41.98283000000001" lon="2.94246">
    <ele>194.15</ele>
   </trkpt>
   <trkpt lat="41.98275" lon="2.9426200000000002">
    <ele>193.35000000000002</ele>
   </trkpt>
   <trkpt lat="41.98268" lon="2.9434500000000003">
    <ele>188.89</ele>
   </trkpt>
   <trkpt lat="41.9825" lon="2.9445500000000004">
    <ele>181.37</ele>
   </trkpt>
   <trkpt lat="41.982510000000005" lon="2.9448200000000004">
    <ele>178.32</ele>
   </trkpt>
   <trkpt lat="41.982580000000006" lon="2.9450100000000003">
    <ele>177.13</ele>
   </trkpt>
   <trkpt lat="41.98266" lon="2.94511">
    <ele>176.05</ele>
   </trkpt>
   <trkpt lat="41.983230000000006" lon="2.9456100000000003">
    <ele>171.93000000000004</ele>
   </trkpt>
   <trkpt lat="41.98337" lon="2.9458300000000004">
    <ele>170.59</ele>
   </trkpt>
   <trkpt lat="41.98342" lon="2.94598">
    <ele>169.89000000000001</ele>
   </trkpt>
   <trkpt lat="41.98344" lon="2.9461100000000005">
    <ele>168.62</ele>
   </trkpt>
   <trkpt lat="41.983410000000006" lon="2.9466900000000003">
    <ele>162.58</ele>
   </trkpt>
   <trkpt lat="41.983430000000006" lon="2.9470500000000004">
    <ele>159.87</ele>
   </trkpt>
   <trkpt lat="41.98346" lon="2.9472">
    <ele>158.98000000000002</ele>
   </trkpt>
   <trkpt lat="41.98353" lon="2.9473800000000003">
    <ele>157.51000000000002</ele>
   </trkpt>
   <trkpt lat="41.98358" lon="2.9474500000000003">
    <ele>157.19000000000003</ele>
   </trkpt>
   <trkpt lat="41.9838" lon="2.9476400000000003">
    <ele>155.56</ele>
   </trkpt>
   <trkpt lat="41.98442" lon="2.94801">
    <ele>152.16000000000003</ele>
   </trkpt>
   <trkpt lat="41.98509000000001" lon="2.9483800000000002">
    <ele>149.64000000000001</ele>
   </trkpt>
   <trkpt lat="41.98523" lon="2.9485">
    <ele>149.64000000000001</ele>
   </trkpt>
   <trkpt lat="41.985630000857455" lon="2.9488999976500425">
    <ele>147.41</ele>
   </trkpt>
   <trkpt lat="41.98603000000001" lon="2.9493">
    <ele>146.34000000000003</ele>
   </trkpt>
   <trkpt lat="41.98621000000001" lon="2.9494300000000004">
    <ele>146.06000000000003</ele>
   </trkpt>
   <trkpt lat="41.98669" lon="2.94959">
    <ele>146.11</ele>
   </trkpt>
   <trkpt lat="41.987030000000004" lon="2.94979">
    <ele>146.63</ele>
   </trkpt>
   <trkpt lat="41.987120000000004" lon="2.94987">
    <ele>146.63</ele>
   </trkpt>
   <trkpt lat="41.9872" lon="2.9499700000000004">
    <ele>146.73</ele>
   </trkpt>
   <trkpt lat="41.98729" lon="2.95018">
    <ele>146.73</ele>
   </trkpt>
   <trkpt lat="41.987350000000006" lon="2.95053">
    <ele>146.63</ele>
   </trkpt>
   <trkpt lat="41.98743" lon="2.9513800000000003">
    <ele>146.64000000000001</ele>
   </trkpt>
   <trkpt lat="41.987480000000005" lon="2.95215">
    <ele>146.98</ele>
   </trkpt>
   <trkpt lat="41.987590000000004" lon="2.95242">
    <ele>147.70000000000002</ele>
   </trkpt>
   <trkpt lat="41.9879" lon="2.95303">
    <ele>151.10000000000002</ele>
   </trkpt>
   <trkpt lat="41.988310000000006" lon="2.9535500000000003">
    <ele>153.11</ele>
   </trkpt>
   <trkpt lat="41.98884" lon="2.95413">
    <ele>153.09</ele>
   </trkpt>
   <trkpt lat="41.9887" lon="2.95425">
    <ele>153.60000000000002</ele>
   </trkpt>
   <trkpt lat="41.98848" lon="2.9545100000000004">
    <ele>154.32000000000002</ele>
   </trkpt>
   <trkpt lat="41.98839" lon="2.95468">
    <ele>156.56</ele>
   </trkpt>
   <trkpt lat="41.98813000200143" lon="2.9553550026935915">
    <ele>158.43</ele>
   </trkpt>
   <trkpt lat="41.98787" lon="2.95603">
    <ele>161.26000000000002</ele>
   </trkpt>
   <trkpt lat="41.987610000000004" lon="2.95656">
    <ele>161.71</ele>
   </trkpt>
   <trkpt lat="41.987460000000006" lon="2.95696">
    <ele>160.21</ele>
   </trkpt>
   <trkpt lat="41.98725" lon="2.9578900000000004">
    <ele>155.60000000000002</ele>
   </trkpt>
   <trkpt lat="41.98725" lon="2.9582800000000002">
    <ele>153.24</ele>
   </trkpt>
   <trkpt lat="41.98733" lon="2.959">
    <ele>149.16000000000003</ele>
   </trkpt>
   <trkpt lat="41.98733" lon="2.9592400000000003">
    <ele>147.75000000000003</ele>
   </trkpt>
   <trkpt lat="41.98731" lon="2.95936">
    <ele>147.75000000000003</ele>
   </trkpt>
   <trkpt lat="41.98705000178434" lon="2.960010002777059">
    <ele>143.74</ele>
   </trkpt>
   <trkpt lat="41.986790000000006" lon="2.9606600000000003">
    <ele>142.07</ele>
   </trkpt>
   <trkpt lat="41.9866" lon="2.9609900000000002">
    <ele>141.9</ele>
   </trkpt>
   <trkpt lat="41.98619" lon="2.9615600000000004">
    <ele>142.73000000000002</ele>
   </trkpt>
   <trkpt lat="41.98593" lon="2.9618700000000002">
    <ele>144.24</ele>
   </trkpt>
   <trkpt lat="41.98561" lon="2.96219">
    <ele>146.63</ele>
   </trkpt>
   <trkpt lat="41.9853" lon="2.9625600000000003">
    <ele>148.54</ele>
   </trkpt>
   <trkpt lat="41.98516" lon="2.9628">
    <ele>148.79</ele>
   </trkpt>
   <trkpt lat="41.984925001702486" lon="2.963420002197435">
    <ele>148.27</ele>
   </trkpt>
   <trkpt lat="41.98469" lon="2.9640400000000002">
    <ele>147.02</ele>
   </trkpt>
   <trkpt lat="41.98446201552761" lon="2.9649860135724015">
    <ele>140.13</ele>
   </trkpt>
   <trkpt lat="41.98423402328864" lon="2.9659320203696926">
    <ele>135.39000000000001</ele>
   </trkpt>
   <trkpt lat="41.98400602328323" lon="2.9668780203917446">
    <ele>132.08</ele>
   </trkpt>
   <trkpt lat="41.98377801551151" lon="2.967824013638429">
    <ele>132.26000000000002</ele>
   </trkpt>
   <trkpt lat="41.98355" lon="2.96877">
    <ele>133.47</ele>
   </trkpt>
   <trkpt lat="41.98346" lon="2.9692100000000003">
    <ele>133.8</ele>
   </trkpt>
   <trkpt lat="41.983430000000006" lon="2.9694800000000003">
    <ele>134.19</ele>
   </trkpt>
   <trkpt lat="41.9834" lon="2.97007">
    <ele>134.57000000000002</ele>
   </trkpt>
   <trkpt lat="41.98346" lon="2.9706200000000003">
    <ele>134.82000000000002</ele>
   </trkpt>
   <trkpt lat="41.983608021773684" lon="2.971739989598018">
    <ele>134.08</ele>
   </trkpt>
   <trkpt lat="41.98375603266142" lon="2.9728599844034194">
    <ele>128.15</ele>
   </trkpt>
   <trkpt lat="41.983904032663126" lon="2.9739799844158723">
    <ele>124.88</ele>
   </trkpt>
   <trkpt lat="41.98405202177869" lon="2.9750999896350456">
    <ele>124.02</ele>
   </trkpt>
   <trkpt lat="41.9842" lon="2.97622">
    <ele>122.39000000000001</ele>
   </trkpt>
   <trkpt lat="41.984260000000006" lon="2.9766100000000004">
    <ele>121.38000000000001</ele>
   </trkpt>
   <trkpt lat="41.98447" lon="2.97732">
    <ele>118.64</ele>
   </trkpt>
   <trkpt lat="41.98456" lon="2.9778700000000002">
    <ele>116.35000000000001</ele>
   </trkpt>
   <trkpt lat="41.98453000000001" lon="2.9784">
    <ele>113.71000000000001</ele>
   </trkpt>
   <trkpt lat="41.98436000505004" lon="2.97948000295463">
    <ele>106.04</ele>
   </trkpt>
   <trkpt lat="41.984190000000005" lon="2.98056">
    <ele>102.04</ele>
   </trkpt>
   <trkpt lat="41.98411" lon="2.9809400000000004">
    <ele>101.48000000000002</ele>
   </trkpt>
   <trkpt lat="41.98404" lon="2.98118">
    <ele>101.13000000000001</ele>
   </trkpt>
   <trkpt lat="41.98378" lon="2.9817500000000003">
    <ele>100.89</ele>
   </trkpt>
   <trkpt lat="41.983520000000006" lon="2.98212">
    <ele>101.02000000000001</ele>
   </trkpt>
   <trkpt lat="41.98321000000001" lon="2.98245">
    <ele>101.68</ele>
   </trkpt>
   <trkpt lat="41.982580000000006" lon="2.9829800000000004">
    <ele>99.51</ele>
   </trkpt>
   <trkpt lat="41.98237" lon="2.98322">
    <ele>98.0</ele>
   </trkpt>
   <trkpt lat="41.98217" lon="2.9835000000000003">
    <ele>95.35000000000001</ele>
   </trkpt>
   <trkpt lat="41.981702009333745" lon="2.9842340216061483">
    <ele>89.26</ele>
   </trkpt>
   <trkpt lat="41.98123401399183" lon="2.9849680324225574">
    <ele>83.62000000000002</ele>
   </trkpt>
   <trkpt lat="41.980766013974396" lon="2.9857020324494576">
    <ele>75.34</ele>
   </trkpt>
   <trkpt lat="41.98029800928156" lon="2.986436021687077">
    <ele>70.44</ele>
   </trkpt>
   <trkpt lat="41.97983000000001" lon="2.9871700000000003">
    <ele>68.12</ele>
   </trkpt>
   <trkpt lat="41.979690000000005" lon="2.9874300000000003">
    <ele>68.24000000000001</ele>
   </trkpt>
   <trkpt lat="41.979580000000006" lon="2.98768">
    <ele>68.39</ele>
   </trkpt>
   <trkpt lat="41.979350000000004" lon="2.98829">
    <ele>69.3</ele>
   </trkpt>
   <trkpt lat="41.979130000000005" lon="2.9886600000000003">
    <ele>69.24000000000001</ele>
   </trkpt>
   <trkpt lat="41.978820000000006" lon="2.9890200000000005">
    <ele>69.25</ele>
   </trkpt>
   <trkpt lat="41.97845000069931" lon="2.9894000021331566">
    <ele>68.71000000000001</ele>
   </trkpt>
   <trkpt lat="41.978080000000006" lon="2.98978">
    <ele>68.58</ele>
   </trkpt>
   <trkpt lat="41.97787" lon="2.9900700000000002">
    <ele>68.58</ele>
   </trkpt>
   <trkpt lat="41.97769" lon="2.9904200000000003">
    <ele>68.79</ele>
   </trkpt>
   <trkpt lat="41.977470000000004" lon="2.9911800000000004">
    <ele>69.64</ele>
   </trkpt>
   <trkpt lat="41.97737" lon="2.9914">
    <ele>69.64</ele>
   </trkpt>
   <trkpt lat="41.97728" lon="2.99156">
    <ele>69.76</ele>
   </trkpt>
   <trkpt lat="41.976690000000005" lon="2.99221">
    <ele>71.63</ele>
   </trkpt>
   <trkpt lat="41.976600000000005" lon="2.9923400000000004">
    <ele>71.86</ele>
   </trkpt>
   <trkpt lat="41.976440000000004" lon="2.99264">
    <ele>71.9</ele>
   </trkpt>
   <trkpt lat="41.976113341170034" lon="2.993590009731843">
    <ele>65.32000000000001</ele>
   </trkpt>
   <trkpt lat="41.975786674508036" lon="2.9945400097181407">
    <ele>59.940000000000005</ele>
   </trkpt>
   <trkpt lat="41.975460000000005" lon="2.99549">
    <ele>56.34</ele>
   </trkpt>
   <trkpt lat="41.97524000126491" lon="2.9960500021782965">
    <ele>55.28</ele>
   </trkpt>
   <trkpt lat="41.97502" lon="2.9966100000000004">
    <ele>54.53</ele>
   </trkpt>
   <trkpt lat="41.975" lon="2.9967300000000003">
    <ele>54.53</ele>
   </trkpt>
   <trkpt lat="41.97507" lon="2.99697">
    <ele>54.38</ele>
   </trkpt>
   <trkpt lat="41.975390000000004" lon="2.9975500000000004">
    <ele>54.220000000000006</ele>
   </trkpt>
   <trkpt lat="41.97578" lon="2.9980300000000004">
    <ele>55.39</ele>
   </trkpt>
   <trkpt lat="41.97585" lon="2.9981400000000002">
    <ele>56.470000000000006</ele>
   </trkpt>
   <trkpt lat="41.976060000000004" lon="2.9986300000000004">
    <ele>57.09</ele>
   </trkpt>
   <trkpt lat="41.97616" lon="2.9988200000000003">
    <ele>56.720000000000006</ele>
   </trkpt>
   <trkpt lat="41.97659" lon="2.99928">
    <ele>54.31</ele>
   </trkpt>
   <trkpt lat="41.976710000000004" lon="2.99947">
    <ele>53.56</ele>
   </trkpt>
   <trkpt lat="41.97677" lon="2.99962">
    <ele>52.81</ele>
   </trkpt>
   <trkpt lat="41.976780000000005" lon="2.99989">
    <ele>51.74</ele>
   </trkpt>
   <trkpt lat="41.97661" lon="3.00089">
    <ele>49.82</ele>
   </trkpt>
   <trkpt lat="41.97663" lon="3.00109">
    <ele>49.17</ele>
   </trkpt>
   <trkpt lat="41.976780000000005" lon="3.0022">
    <ele>47.78</ele>
   </trkpt>
   <trkpt lat="41.97683000000001" lon="3.0024200000000003">
    <ele>47.620000000000005</ele>
   </trkpt>
   <trkpt lat="41.9769" lon="3.0025600000000003">
    <ele>47.57</ele>
   </trkpt>
   <trkpt lat="41.977030000000006" lon="3.0027000000000004">
    <ele>47.46</ele>
   </trkpt>
   <trkpt lat="41.977737505068696" lon="3.0033249791549004">
    <ele>47.440000000000005</ele>
   </trkpt>
   <trkpt lat="41.97844500674764" lon="3.0039499721966685">
    <ele>47.64</ele>
   </trkpt>
   <trkpt lat="41.97915250503668" lon="3.004574979125891">
    <ele>48.620000000000005</ele>
   </trkpt>
   <trkpt lat="41.97986" lon="3.0052000000000003">
    <ele>49.400000000000006</ele>
   </trkpt>
   <trkpt lat="41.980090000000004" lon="3.0054900000000004">
    <ele>49.75</ele>
   </trkpt>
   <trkpt lat="41.980320000000006" lon="3.00593">
    <ele>50.24000000000001</ele>
   </trkpt>
   <trkpt lat="41.98031" lon="3.00593">
    <ele>50.230000000000004</ele>
   </trkpt>
   <trkpt lat="41.980720000000005" lon="3.00688">
    <ele>50.47</ele>
   </trkpt>
   <trkpt lat="41.98098" lon="3.00742">
    <ele>49.96</ele>
   </trkpt>
   <trkpt lat="41.981286671162806" lon="3.008139993058554">
    <ele>49.160000000000004</ele>
   </trkpt>
   <trkpt lat="41.981593337826865" lon="3.0088599930523188">
    <ele>49.040000000000006</ele>
   </trkpt>
   <trkpt lat="41.9819" lon="3.00958">
    <ele>49.940000000000005</ele>
   </trkpt>
   <trkpt lat="41.98243500342163" lon="3.010474992389343">
    <ele>49.85</ele>
   </trkpt>
   <trkpt lat="41.98297" lon="3.0113700000000003">
    <ele>49.400000000000006</ele>
   </trkpt>
   <trkpt lat="41.98337333706702" lon="3.0120299915619717">
    <ele>49.040000000000006</ele>
   </trkpt>
   <trkpt lat="41.983776670353826" lon="3.0126899914857206">
    <ele>48.78</ele>
   </trkpt>
   <trkpt lat="41.98418" lon="3.0133500000000004">
    <ele>48.57</ele>
   </trkpt>
   <trkpt lat="41.9845050009497" lon="3.0138099976965327">
    <ele>48.510000000000005</ele>
   </trkpt>
   <trkpt lat="41.98483" lon="3.0142700000000002">
    <ele>48.580000000000005</ele>
   </trkpt>
   <trkpt lat="41.98518000000001" lon="3.0146800000000002">
    <ele>48.690000000000005</ele>
   </trkpt>
   <trkpt lat="41.98554" lon="3.0149600000000003">
    <ele>48.59</ele>
   </trkpt>
   <trkpt lat="41.98584" lon="3.01515">
    <ele>48.160000000000004</ele>
   </trkpt>
   <trkpt lat="41.986270000000005" lon="3.0153600000000003">
    <ele>46.45</ele>
   </trkpt>
   <trkpt lat="41.98653" lon="3.0154500000000004">
    <ele>45.93000000000001</ele>
   </trkpt>
   <trkpt lat="41.987004999964995" lon="3.0155049995840595">
    <ele>45.12</ele>
   </trkpt>
   <trkpt lat="41.987480000000005" lon="3.0155600000000002">
    <ele>45.07000000000001</ele>
   </trkpt>
   <trkpt lat="41.987680000000005" lon="3.0156300000000003">
    <ele>45.13</ele>
   </trkpt>
   <trkpt lat="41.98812" lon="3.0159000000000002">
    <ele>45.14000000000001</ele>
   </trkpt>
   <trkpt lat="41.98827" lon="3.01602">
    <ele>44.38</ele>
   </trkpt>
   <trkpt lat="41.988420000000005" lon="3.0162000000000004">
    <ele>44.0</ele>
   </trkpt>
   <trkpt lat="41.988850000000006" lon="3.01697">
    <ele>43.63</ele>
   </trkpt>
   <trkpt lat="41.988820000000004" lon="3.0170500000000002">
    <ele>43.54</ele>
   </trkpt>
   <trkpt lat="41.98899" lon="3.01744">
    <ele>42.980000000000004</ele>
   </trkpt>
   <trkpt lat="41.98908" lon="3.0176000000000003">
    <ele>42.940000000000005</ele>
   </trkpt>
   <trkpt lat="41.98957" lon="3.0180800000000003">
    <ele>43.010000000000005</ele>
   </trkpt>
   <trkpt lat="41.98978" lon="3.0182">
    <ele>43.190000000000005</ele>
   </trkpt>
   <trkpt lat="41.98991" lon="3.01825">
    <ele>43.24</ele>
   </trkpt>
   <trkpt lat="41.990050000000004" lon="3.01833">
    <ele>43.550000000000004</ele>
   </trkpt>
   <trkpt lat="41.9902" lon="3.01847">
    <ele>43.83</ele>
   </trkpt>
   <trkpt lat="41.99034" lon="3.01867">
    <ele>44.26</ele>
   </trkpt>
   <trkpt lat="41.990460000000006" lon="3.0188900000000003">
    <ele>44.78</ele>
   </trkpt>
   <trkpt lat="41.99051" lon="3.0192900000000003">
    <ele>45.65</ele>
   </trkpt>
   <trkpt lat="41.990500000000004" lon="3.0199000000000003">
    <ele>48.38</ele>
   </trkpt>
   <trkpt lat="41.990550000000006" lon="3.0202600000000004">
    <ele>50.09</ele>
   </trkpt>
   <trkpt lat="41.99053000000001" lon="3.0204000000000004">
    <ele>50.230000000000004</ele>
   </trkpt>
   <trkpt lat="41.990170000000006" lon="3.0210500000000002">
    <ele>50.160000000000004</ele>
   </trkpt>
   <trkpt lat="41.98966" lon="3.02204">
    <ele>47.120000000000005</ele>
   </trkpt>
   <trkpt lat="41.989140000000006" lon="3.02267">
    <ele>43.03000000000001</ele>
   </trkpt>
   <trkpt lat="41.98897" lon="3.02292">
    <ele>41.6</ele>
   </trkpt>
   <trkpt lat="41.988820000000004" lon="3.02355">
    <ele>39.89</ele>
   </trkpt>
   <trkpt lat="41.98877" lon="3.0236400000000003">
    <ele>40.230000000000004</ele>
   </trkpt>
   <trkpt lat="41.98872" lon="3.0238">
    <ele>39.150000000000006</ele>
   </trkpt>
   <trkpt lat="41.988780000000006" lon="3.0239200000000004">
    <ele>38.970000000000006</ele>
   </trkpt>
   <trkpt lat="41.988980000000005" lon="3.02401">
    <ele>38.900000000000006</ele>
   </trkpt>
   <trkpt lat="41.989090000000004" lon="3.0241000000000002">
    <ele>39.14</ele>
   </trkpt>
   <trkpt lat="41.98962" lon="3.0243100000000003">
    <ele>38.23</ele>
   </trkpt>
   <trkpt lat="41.99002" lon="3.02443">
    <ele>37.77</ele>
   </trkpt>
   <trkpt lat="41.99073500045116" lon="3.024724996716733">
    <ele>37.42</ele>
   </trkpt>
   <trkpt lat="41.99145" lon="3.02502">
    <ele>36.62</ele>
   </trkpt>
   <trkpt lat="41.99213250122184" lon="3.0253249901936443">
    <ele>36.03</ele>
   </trkpt>
   <trkpt lat="41.99281500163639" lon="3.0256299869279037">
    <ele>35.45</ele>
   </trkpt>
   <trkpt lat="41.9934975012436" lon="3.0259349902030674">
    <ele>34.510000000000005</ele>
   </trkpt>
   <trkpt lat="41.99418" lon="3.02624">
    <ele>34.2</ele>
   </trkpt>
   <trkpt lat="41.99501000193581" lon="3.0266249849401663">
    <ele>33.93</ele>
   </trkpt>
   <trkpt lat="41.99584000258529" lon="3.027009979921793">
    <ele>33.660000000000004</ele>
   </trkpt>
   <trkpt lat="41.99667000194837" lon="3.02739498494542">
    <ele>33.92</ele>
   </trkpt>
   <trkpt lat="41.9975" lon="3.0277800000000004">
    <ele>34.17</ele>
   </trkpt>
   <trkpt lat="41.997490000000006" lon="3.0277800000000004">
    <ele>34.17</ele>
   </trkpt>
   <trkpt lat="41.99824" lon="3.0281300000000004">
    <ele>34.980000000000004</ele>
   </trkpt>
   <trkpt lat="41.99893" lon="3.02849">
    <ele>35.43</ele>
   </trkpt>
   <trkpt lat="41.999320000000004" lon="3.0287200000000003">
    <ele>36.47</ele>
   </trkpt>
   <trkpt lat="41.99956" lon="3.02884">
    <ele>37.970000000000006</ele>
   </trkpt>
   <trkpt lat="41.99967" lon="3.0289800000000002">
    <ele>38.53</ele>
   </trkpt>
   <trkpt lat="41.99967" lon="3.02916">
    <ele>39.0</ele>
   </trkpt>
   <trkpt lat="41.99953" lon="3.0297300000000003">
    <ele>39.45</ele>
   </trkpt>
   <trkpt lat="41.99953" lon="3.03004">
    <ele>39.620000000000005</ele>
   </trkpt>
   <trkpt lat="41.9996" lon="3.0305500000000003">
    <ele>39.830000000000005</ele>
   </trkpt>
   <trkpt lat="41.99987" lon="3.03126">
    <ele>40.32</ele>
   </trkpt>
   <trkpt lat="41.999930000000006" lon="3.03207">
    <ele>41.24</ele>
   </trkpt>
   <trkpt lat="41.99996" lon="3.03222">
    <ele>41.980000000000004</ele>
   </trkpt>
   <trkpt lat="41.999970000000005" lon="3.03236">
    <ele>41.980000000000004</ele>
   </trkpt>
   <trkpt lat="41.999930000000006" lon="3.0325300000000004">
    <ele>42.54</ele>
   </trkpt>
   <trkpt lat="41.99996" lon="3.0326700000000004">
    <ele>42.800000000000004</ele>
   </trkpt>
   <trkpt lat="42.00018" lon="3.03257">
    <ele>42.56</ele>
   </trkpt>
   <trkpt lat="42.000240000000005" lon="3.0329800000000002">
    <ele>42.47</ele>
   </trkpt>
   <trkpt lat="42.000265001594855" lon="3.033584999920226">
    <ele>42.9</ele>
   </trkpt>
   <trkpt lat="42.00029000000001" lon="3.03419">
    <ele>42.050000000000004</ele>
   </trkpt>
   <trkpt lat="42.00038000000001" lon="3.0346200000000003">
    <ele>40.61</ele>
   </trkpt>
   <trkpt lat="42.000730000000004" lon="3.0354500000000004">
    <ele>39.0</ele>
   </trkpt>
   <trkpt lat="42.00083" lon="3.0355900000000005">
    <ele>38.540000000000006</ele>
   </trkpt>
   <trkpt lat="42.000910000000005" lon="3.0356500000000004">
    <ele>37.98</ele>
   </trkpt>
   <trkpt lat="42.0013" lon="3.0357800000000004">
    <ele>35.63</ele>
   </trkpt>
   <trkpt lat="42.00169" lon="3.03596">
    <ele>32.120000000000005</ele>
   </trkpt>
   <trkpt lat="42.001920000000005" lon="3.03616">
    <ele>30.390000000000004</ele>
   </trkpt>
   <trkpt lat="42.00217000000001" lon="3.0366400000000002">
    <ele>28.380000000000003</ele>
   </trkpt>
   <trkpt lat="42.00227" lon="3.0368800000000005">
    <ele>27.89</ele>
   </trkpt>
   <trkpt lat="42.002340000000004" lon="3.03717">
    <ele>27.470000000000002</ele>
   </trkpt>
   <trkpt lat="42.002460000000006" lon="3.0381400000000003">
    <ele>26.150000000000002</ele>
   </trkpt>
   <trkpt lat="42.00253" lon="3.0383000000000004">
    <ele>25.75</ele>
   </trkpt>
   <trkpt lat="42.0029850010742" lon="3.03877499670254">
    <ele>24.310000000000002</ele>
   </trkpt>
   <trkpt lat="42.003440000000005" lon="3.0392500000000005">
    <ele>21.96</ele>
   </trkpt>
   <trkpt lat="42.00395" lon="3.0395200000000004">
    <ele>21.01</ele>
   </trkpt>
   <trkpt lat="42.00419" lon="3.0398400000000003">
    <ele>20.84</ele>
   </trkpt>
   <trkpt lat="42.00426" lon="3.0400600000000004">
    <ele>20.830000000000002</ele>
   </trkpt>
   <trkpt lat="42.004310000000004" lon="3.04029">
    <ele>20.86</ele>
   </trkpt>
   <trkpt lat="42.00428" lon="3.0412100000000004">
    <ele>20.96</ele>
   </trkpt>
   <trkpt lat="42.00435" lon="3.0419">
    <ele>20.970000000000002</ele>
   </trkpt>
   <trkpt lat="42.004380000000005" lon="3.04273">
    <ele>21.37</ele>
   </trkpt>
   <trkpt lat="42.00448" lon="3.0435000000000003">
    <ele>22.47</ele>
   </trkpt>
   <trkpt lat="42.00385" lon="3.0434400000000004">
    <ele>21.41</ele>
   </trkpt>
   <trkpt lat="42.00379" lon="3.04347">
    <ele>21.36</ele>
   </trkpt>
   <trkpt lat="42.00372" lon="3.0435900000000005">
    <ele>21.23</ele>
   </trkpt>
   <trkpt lat="42.00368" lon="3.04401">
    <ele>20.67</ele>
   </trkpt>
   <trkpt lat="42.003690000000006" lon="3.0443000000000002">
    <ele>20.48</ele>
   </trkpt>
   <trkpt lat="42.00385000370289" lon="3.0452249976155676">
    <ele>20.48</ele>
   </trkpt>
   <trkpt lat="42.00401" lon="3.0461500000000004">
    <ele>20.650000000000002</ele>
   </trkpt>
   <trkpt lat="42.00401" lon="3.0463500000000003">
    <ele>20.650000000000002</ele>
   </trkpt>
   <trkpt lat="42.00394" lon="3.0467000000000004">
    <ele>20.59</ele>
   </trkpt>
   <trkpt lat="42.003620000000005" lon="3.04782">
    <ele>21.05</ele>
   </trkpt>
   <trkpt lat="42.00334" lon="3.04843">
    <ele>21.460000000000004</ele>
   </trkpt>
   <trkpt lat="42.003310000000006" lon="3.0487">
    <ele>21.77</ele>
   </trkpt>
   <trkpt lat="42.003130000000006" lon="3.04924">
    <ele>21.86</ele>
   </trkpt>
   <trkpt lat="42.00283" lon="3.04985">
    <ele>21.5</ele>
   </trkpt>
   <trkpt lat="42.0024" lon="3.05046">
    <ele>21.27</ele>
   </trkpt>
   <trkpt lat="42.00233" lon="3.05065">
    <ele>21.130000000000003</ele>
   </trkpt>
   <trkpt lat="42.00218500160208" lon="3.0512500012023294">
    <ele>21.03</ele>
   </trkpt>
   <trkpt lat="42.00204" lon="3.0518500000000004">
    <ele>20.98</ele>
   </trkpt>
   <trkpt lat="42.0016300033713" lon="3.0527300056470756">
    <ele>20.71</ele>
   </trkpt>
   <trkpt lat="42.00122" lon="3.0536100000000004">
    <ele>20.6</ele>
   </trkpt>
   <trkpt lat="42.00122" lon="3.0540100000000003">
    <ele>20.380000000000003</ele>
   </trkpt>
   <trkpt lat="42.00147500167235" lon="3.0546349974395266">
    <ele>20.51</ele>
   </trkpt>
   <trkpt lat="42.00173" lon="3.05526">
    <ele>20.830000000000002</ele>
   </trkpt>
   <trkpt lat="42.001940000000005" lon="3.0559100000000003">
    <ele>21.68</ele>
   </trkpt>
   <trkpt lat="42.001990000000006" lon="3.0564400000000003">
    <ele>21.28</ele>
   </trkpt>
   <trkpt lat="42.00186" lon="3.0576200000000004">
    <ele>18.56</ele>
   </trkpt>
   <trkpt lat="42.001740000000005" lon="3.0581400000000003">
    <ele>18.340000000000003</ele>
   </trkpt>
   <trkpt lat="42.001460002251996" lon="3.0588650032652303">
    <ele>18.54</ele>
   </trkpt>
   <trkpt lat="42.001180000000005" lon="3.05959">
    <ele>18.8</ele>
   </trkpt>
   <trkpt lat="42.000960000000006" lon="3.0599000000000003">
    <ele>18.830000000000002</ele>
   </trkpt>
   <trkpt lat="42.0007" lon="3.06014">
    <ele>19.020000000000003</ele>
   </trkpt>
   <trkpt lat="42.000690000000006" lon="3.0605200000000004">
    <ele>19.1</ele>
   </trkpt>
   <trkpt lat="42.00104" lon="3.0614700000000004">
    <ele>19.19</ele>
   </trkpt>
   <trkpt lat="42.0013" lon="3.0625600000000004">
    <ele>20.87</ele>
   </trkpt>
   <trkpt lat="42.001235003796054" lon="3.06349500092038">
    <ele>23.970000000000002</ele>
   </trkpt>
   <trkpt lat="42.00117" lon="3.06443">
    <ele>27.900000000000002</ele>
   </trkpt>
   <trkpt lat="42.001070000000006" lon="3.06449">
    <ele>29.27</ele>
   </trkpt>
   <trkpt lat="42.000800000000005" lon="3.0645900000000004">
    <ele>30.6</ele>
   </trkpt>
   <trkpt lat="42.000620000000005" lon="3.0647200000000003">
    <ele>31.810000000000006</ele>
   </trkpt>
   <trkpt lat="42.000510000000006" lon="3.06475">
    <ele>31.810000000000006</ele>
   </trkpt>
   <trkpt lat="42.000400000000006" lon="3.0647400000000005">
    <ele>32.46</ele>
   </trkpt>
   <trkpt lat="42.00034" lon="3.0650000000000004">
    <ele>34.09</ele>
   </trkpt>
   <trkpt lat="42.00034" lon="3.06523">
    <ele>35.300000000000004</ele>
   </trkpt>
   <trkpt lat="42.000440000000005" lon="3.0654800000000004">
    <ele>37.06</ele>
   </trkpt>
   <trkpt lat="42.00045" lon="3.0657">
    <ele>37.85</ele>
   </trkpt>
   <trkpt lat="42.000240000000005" lon="3.0658100000000004">
    <ele>38.27</ele>
   </trkpt>
   <trkpt lat="42.00025" lon="3.0658800000000004">
    <ele>38.27</ele>
   </trkpt>
   <trkpt lat="42.00038000000001" lon="3.06612">
    <ele>39.43</ele>
   </trkpt>
   <trkpt lat="42.000550000000004" lon="3.06638">
    <ele>40.07</ele>
   </trkpt>
   <trkpt lat="42.00063" lon="3.06666">
    <ele>41.72</ele>
   </trkpt>
   <trkpt lat="42.00066" lon="3.0671600000000003">
    <ele>43.120000000000005</ele>
   </trkpt>
   <trkpt lat="42.000640000000004" lon="3.0672900000000003">
    <ele>43.4</ele>
   </trkpt>
   <trkpt lat="42.000620000000005" lon="3.0674200000000003">
    <ele>43.730000000000004</ele>
   </trkpt>
   <trkpt lat="42.000440000000005" lon="3.0676900000000002">
    <ele>45.03</ele>
   </trkpt>
   <trkpt lat="42.00038000000001" lon="3.06775">
    <ele>45.03</ele>
   </trkpt>
   <trkpt lat="42.00019" lon="3.0678500000000004">
    <ele>44.56</ele>
   </trkpt>
   <trkpt lat="42.000040000000006" lon="3.0679900000000004">
    <ele>44.76</ele>
   </trkpt>
   <trkpt lat="41.999880000000005" lon="3.0684500000000003">
    <ele>45.980000000000004</ele>
   </trkpt>
   <trkpt lat="41.99978" lon="3.0687800000000003">
    <ele>47.16</ele>
   </trkpt>
   <trkpt lat="41.999950000000005" lon="3.0691900000000003">
    <ele>46.77</ele>
   </trkpt>
   <trkpt lat="42.00014" lon="3.06943">
    <ele>45.26</ele>
   </trkpt>
   <trkpt lat="42.00025" lon="3.06949">
    <ele>44.88</ele>
   </trkpt>
   <trkpt lat="42.000400000000006" lon="3.0695">
    <ele>44.17</ele>
   </trkpt>
   <trkpt lat="42.00047" lon="3.0695400000000004">
    <ele>44.17</ele>
   </trkpt>
   <trkpt lat="42.0005" lon="3.06963">
    <ele>43.13</ele>
   </trkpt>
   <trkpt lat="42.000510000000006" lon="3.0697400000000004">
    <ele>43.08</ele>
   </trkpt>
   <trkpt lat="42.000460000000004" lon="3.0698100000000004">
    <ele>43.08</ele>
   </trkpt>
   <trkpt lat="42.000440000000005" lon="3.0698900000000005">
    <ele>42.910000000000004</ele>
   </trkpt>
   <trkpt lat="42.00054" lon="3.07018">
    <ele>41.18</ele>
   </trkpt>
   <trkpt lat="42.000490000000006" lon="3.0707700000000004">
    <ele>38.17</ele>
   </trkpt>
   <trkpt lat="42.000510000000006" lon="3.071">
    <ele>34.75</ele>
   </trkpt>
   <trkpt lat="42.00057" lon="3.0712200000000003">
    <ele>34.75</ele>
   </trkpt>
   <trkpt lat="42.00068" lon="3.0713800000000004">
    <ele>32.93</ele>
   </trkpt>
   <trkpt lat="42.00083" lon="3.0715200000000005">
    <ele>31.720000000000006</ele>
   </trkpt>
   <trkpt lat="42.000910000000005" lon="3.0716900000000003">
    <ele>31.880000000000006</ele>
   </trkpt>
   <trkpt lat="42.000840000000004" lon="3.0723100000000003">
    <ele>29.67</ele>
   </trkpt>
   <trkpt lat="42.00085000000001" lon="3.07296">
    <ele>28.19</ele>
   </trkpt>
   <trkpt lat="42.00076000000001" lon="3.0732700000000004">
    <ele>26.8</ele>
   </trkpt>
   <trkpt lat="42.000370000000004" lon="3.0741300000000003">
    <ele>24.94</ele>
   </trkpt>
   <trkpt lat="42.00014500175115" lon="3.0747600021468964">
    <ele>23.090000000000003</ele>
   </trkpt>
   <trkpt lat="41.99992" lon="3.07539">
    <ele>20.77</ele>
   </trkpt>
   <trkpt lat="41.999670001198346" lon="3.0759350023386163">
    <ele>18.830000000000002</ele>
   </trkpt>
   <trkpt lat="41.99942" lon="3.07648">
    <ele>17.240000000000002</ele>
   </trkpt>
   <trkpt lat="41.99920500196809" lon="3.0771700026454565">
    <ele>15.66</ele>
   </trkpt>
   <trkpt lat="41.998990000000006" lon="3.0778600000000003">
    <ele>14.040000000000001</ele>
   </trkpt>
   <trkpt lat="41.99869000347717" lon="3.078755004215685">
    <ele>13.920000000000002</ele>
   </trkpt>
   <trkpt lat="41.99839" lon="3.0796500000000004">
    <ele>12.860000000000001</ele>
   </trkpt>
   <trkpt lat="41.99824000165355" lon="3.080255001162985">
    <ele>12.46</ele>
   </trkpt>
   <trkpt lat="41.998090000000005" lon="3.0808600000000004">
    <ele>12.430000000000001</ele>
   </trkpt>
   <trkpt lat="41.99788" lon="3.08137">
    <ele>12.650000000000002</ele>
   </trkpt>
   <trkpt lat="41.99763500224498" lon="3.082090002785297">
    <ele>12.63</ele>
   </trkpt>
   <trkpt lat="41.99739" lon="3.0828100000000003">
    <ele>12.85</ele>
   </trkpt>
   <trkpt lat="41.997245001677136" lon="3.083435001501322">
    <ele>12.870000000000001</ele>
   </trkpt>
   <trkpt lat="41.9971" lon="3.0840600000000005">
    <ele>13.22</ele>
   </trkpt>
   <trkpt lat="41.996840000000006" lon="3.0847300000000004">
    <ele>13.72</ele>
   </trkpt>
   <trkpt lat="41.99674" lon="3.08502">
    <ele>13.72</ele>
   </trkpt>
   <trkpt lat="41.99656" lon="3.0860600000000002">
    <ele>14.950000000000001</ele>
   </trkpt>
   <trkpt lat="41.9964" lon="3.0866900000000004">
    <ele>16.3</ele>
   </trkpt>
   <trkpt lat="41.99625" lon="3.08747">
    <ele>15.56</ele>
   </trkpt>
   <trkpt lat="41.99618" lon="3.0876200000000003">
    <ele>15.150000000000002</ele>
   </trkpt>
   <trkpt lat="41.995720000000006" lon="3.0883200000000004">
    <ele>13.170000000000002</ele>
   </trkpt>
   <trkpt lat="41.99546" lon="3.0888400000000003">
    <ele>13.030000000000001</ele>
   </trkpt>
   <trkpt lat="41.99528" lon="3.0891400000000004">
    <ele>13.070000000000002</ele>
   </trkpt>
   <trkpt lat="41.9947" lon="3.0898800000000004">
    <ele>13.35</ele>
   </trkpt>
   <trkpt lat="41.994550000000004" lon="3.0900900000000004">
    <ele>13.690000000000001</ele>
   </trkpt>
   <trkpt lat="41.99448" lon="3.0902200000000004">
    <ele>13.690000000000001</ele>
   </trkpt>
   <trkpt lat="41.99443" lon="3.09046">
    <ele>13.99</ele>
   </trkpt>
   <trkpt lat="41.994400000000006" lon="3.0912">
    <ele>14.620000000000001</ele>
   </trkpt>
   <trkpt lat="41.99437" lon="3.09133">
    <ele>14.860000000000001</ele>
   </trkpt>
   <trkpt lat="41.99416" lon="3.0919000000000003">
    <ele>16.060000000000002</ele>
   </trkpt>
   <trkpt lat="41.99405" lon="3.0923100000000003">
    <ele>18.3</ele>
   </trkpt>
   <trkpt lat="41.99401" lon="3.0925900000000004">
    <ele>19.4</ele>
   </trkpt>
   <trkpt lat="41.99401" lon="3.0929400000000005">
    <ele>22.0</ele>
   </trkpt>
   <trkpt lat="41.994060000000005" lon="3.0933100000000002">
    <ele>23.46</ele>
   </trkpt>
   <trkpt lat="41.99407" lon="3.0935300000000003">
    <ele>23.83</ele>
   </trkpt>
   <trkpt lat="41.994040000000005" lon="3.09369">
    <ele>23.83</ele>
   </trkpt>
   <trkpt lat="41.993970000000004" lon="3.09384">
    <ele>25.080000000000002</ele>
   </trkpt>
   <trkpt lat="41.9936" lon="3.0944100000000003">
    <ele>27.930000000000003</ele>
   </trkpt>
   <trkpt lat="41.99322500119131" lon="3.094925002978735">
    <ele>29.93</ele>
   </trkpt>
   <trkpt lat="41.992850000000004" lon="3.0954400000000004">
    <ele>32.660000000000004</ele>
   </trkpt>
   <trkpt lat="41.99268" lon="3.0957600000000003">
    <ele>33.42</ele>
   </trkpt>
   <trkpt lat="41.992430000000006" lon="3.09663">
    <ele>35.07</ele>
   </trkpt>
   <trkpt lat="41.99217" lon="3.0971100000000003">
    <ele>36.14000000000001</ele>
   </trkpt>
   <trkpt lat="41.9919" lon="3.09728">
    <ele>37.56</ele>
   </trkpt>
   <trkpt lat="41.991780000000006" lon="3.0973">
    <ele>37.56</ele>
   </trkpt>
   <trkpt lat="41.991310000000006" lon="3.0977300000000003">
    <ele>38.650000000000006</ele>
   </trkpt>
   <trkpt lat="41.991040000000005" lon="3.0981300000000003">
    <ele>37.93000000000001</ele>
   </trkpt>
   <trkpt lat="41.990880000000004" lon="3.0986300000000004">
    <ele>36.120000000000005</ele>
   </trkpt>
   <trkpt lat="41.990880000000004" lon="3.0989400000000002">
    <ele>35.29</ele>
   </trkpt>
   <trkpt lat="41.99098" lon="3.0994900000000003">
    <ele>33.5</ele>
   </trkpt>
   <trkpt lat="41.99099500355041" lon="3.1003949995712756">
    <ele>32.440000000000005</ele>
   </trkpt>
   <trkpt lat="41.99101" lon="3.1013">
    <ele>31.71</ele>
   </trkpt>
   <trkpt lat="41.99114" lon="3.1019900000000002">
    <ele>28.03</ele>
   </trkpt>
   <trkpt lat="41.99121" lon="3.10252">
    <ele>24.35</ele>
   </trkpt>
   <trkpt lat="41.99132" lon="3.1028800000000003">
    <ele>20.330000000000002</ele>
   </trkpt>
   <trkpt lat="41.99143500325482" lon="3.1037449984978047">
    <ele>17.34</ele>
   </trkpt>
   <trkpt lat="41.991550000000004" lon="3.10461">
    <ele>16.28</ele>
   </trkpt>
   <trkpt lat="41.99166" lon="3.1057300000000003">
    <ele>15.690000000000003</ele>
   </trkpt>
   <trkpt lat="41.99166" lon="3.1057200000000003">
    <ele>15.700000000000001</ele>
   </trkpt>
   <trkpt lat="41.9917" lon="3.10596">
    <ele>15.47</ele>
   </trkpt>
   <trkpt lat="41.99168" lon="3.1061500000000004">
    <ele>15.47</ele>
   </trkpt>
   <trkpt lat="41.99156000000001" lon="3.1065500000000004">
    <ele>15.500000000000002</ele>
   </trkpt>
   <trkpt lat="41.99152" lon="3.1068300000000004">
    <ele>15.98</ele>
   </trkpt>
   <trkpt lat="41.991510000000005" lon="3.10711">
    <ele>16.19</ele>
   </trkpt>
   <trkpt lat="41.991530000000004" lon="3.1076500000000005">
    <ele>16.380000000000003</ele>
   </trkpt>
   <trkpt lat="41.99161000228688" lon="3.108374999143484">
    <ele>15.850000000000003</ele>
   </trkpt>
   <trkpt lat="41.991690000000006" lon="3.1091">
    <ele>14.700000000000001</ele>
   </trkpt>
   <trkpt lat="41.99143" lon="3.1092100000000005">
    <ele>14.58</ele>
   </trkpt>
   <trkpt lat="41.99105" lon="3.1094500000000003">
    <ele>14.97</ele>
   </trkpt>
   <trkpt lat="41.990990000000004" lon="3.10951">
    <ele>15.160000000000002</ele>
   </trkpt>
   <trkpt lat="41.99089" lon="3.1098000000000003">
    <ele>16.07</ele>
   </trkpt>
   <trkpt lat="41.99085" lon="3.1098500000000002">
    <ele>16.43</ele>
   </trkpt>
   <trkpt lat="41.99036" lon="3.11023">
    <ele>19.250000000000004</ele>
   </trkpt>
   <trkpt lat="41.990260000000006" lon="3.1102600000000002">
    <ele>19.58</ele>
   </trkpt>
   <trkpt lat="41.990230000000004" lon="3.1103400000000003">
    <ele>19.810000000000002</ele>
   </trkpt>
   <trkpt lat="41.99013" lon="3.1104600000000002">
    <ele>19.930000000000003</ele>
   </trkpt>
   <trkpt lat="41.989900000000006" lon="3.11084">
    <ele>19.5</ele>
   </trkpt>
   <trkpt lat="41.989790000000006" lon="3.1109000000000004">
    <ele>19.5</ele>
   </trkpt>
   <trkpt lat="41.98955" lon="3.11093">
    <ele>19.090000000000003</ele>
   </trkpt>
   <trkpt lat="41.989290000000004" lon="3.11086">
    <ele>19.040000000000003</ele>
   </trkpt>
   <trkpt lat="41.98921" lon="3.11126">
    <ele>17.740000000000002</ele>
   </trkpt>
   <trkpt lat="41.989180000000005" lon="3.1124400000000003">
    <ele>15.4</ele>
   </trkpt>
   <trkpt lat="41.98923000160613" lon="3.1130449997409095">
    <ele>14.120000000000001</ele>
   </trkpt>
   <trkpt lat="41.98928" lon="3.1136500000000003">
    <ele>13.8</ele>
   </trkpt>
   <trkpt lat="41.98926" lon="3.11377">
    <ele>13.47</ele>
   </trkpt>
   <trkpt lat="41.989070000000005" lon="3.1140200000000005">
    <ele>13.44</ele>
   </trkpt>
   <trkpt lat="41.98901" lon="3.1141500000000004">
    <ele>13.44</ele>
   </trkpt>
   <trkpt lat="41.989000000000004" lon="3.11431">
    <ele>13.49</ele>
   </trkpt>
   <trkpt lat="41.989020000000004" lon="3.11444">
    <ele>13.49</ele>
   </trkpt>
   <trkpt lat="41.989090000000004" lon="3.11457">
    <ele>13.450000000000001</ele>
   </trkpt>
   <trkpt lat="41.98919" lon="3.11465">
    <ele>13.3</ele>
   </trkpt>
   <trkpt lat="41.989620000174824" lon="3.1149099981720427">
    <ele>13.18</ele>
   </trkpt>
   <trkpt lat="41.990050000000004" lon="3.1151700000000004">
    <ele>13.690000000000001</ele>
   </trkpt>
   <trkpt lat="41.990280000000006" lon="3.1153600000000004">
    <ele>14.31</ele>
   </trkpt>
   <trkpt lat="41.99078" lon="3.1160900000000002">
    <ele>14.46</ele>
   </trkpt>
   <trkpt lat="41.99098" lon="3.11635">
    <ele>13.72</ele>
   </trkpt>
   <trkpt lat="41.991533336900346" lon="3.1169933221193293">
    <ele>12.020000000000001</ele>
   </trkpt>
   <trkpt lat="41.99208667020886" lon="3.1176366554236643">
    <ele>11.44</ele>
   </trkpt>
   <trkpt lat="41.99264" lon="3.1182800000000004">
    <ele>12.540000000000001</ele>
   </trkpt>
   <trkpt lat="41.99277" lon="3.1185500000000004">
    <ele>12.690000000000001</ele>
   </trkpt>
   <trkpt lat="41.99279000000001" lon="3.1187500000000004">
    <ele>12.85</ele>
   </trkpt>
   <trkpt lat="41.992760000000004" lon="3.1191600000000004">
    <ele>13.240000000000002</ele>
   </trkpt>
   <trkpt lat="41.9928" lon="3.1196200000000003">
    <ele>13.940000000000001</ele>
   </trkpt>
   <trkpt lat="41.992930002122556" lon="3.1203199985503374">
    <ele>14.48</ele>
   </trkpt>
   <trkpt lat="41.99306000000001" lon="3.12102">
    <ele>15.05</ele>
   </trkpt>
   <trkpt lat="41.99327" lon="3.1219400000000004">
    <ele>11.46</ele>
   </trkpt>
   <trkpt lat="41.993390000000005" lon="3.1219900000000003">
    <ele>11.46</ele>
   </trkpt>
   <trkpt lat="41.993460000000006" lon="3.1221400000000004">
    <ele>10.610000000000001</ele>
   </trkpt>
   <trkpt lat="41.993280000000006" lon="3.1222700000000003">
    <ele>10.15</ele>
   </trkpt>
   <trkpt lat="41.993170000000006" lon="3.1226100000000003">
    <ele>9.49</ele>
   </trkpt>
   <trkpt lat="41.99282" lon="3.12312">
    <ele>8.190000000000001</ele>
   </trkpt>
   <trkpt lat="41.99238000228431" lon="3.1238500050929447">
    <ele>7.680000000000001</ele>
   </trkpt>
   <trkpt lat="41.99194000000001" lon="3.1245800000000004">
    <ele>7.37</ele>
   </trkpt>
   <trkpt lat="41.991580000000006" lon="3.12487">
    <ele>7.320000000000001</ele>
   </trkpt>
   <trkpt lat="41.99103" lon="3.1251400000000005">
    <ele>7.29</ele>
   </trkpt>
   <trkpt lat="41.9904" lon="3.1255100000000002">
    <ele>6.800000000000001</ele>
   </trkpt>
   <trkpt lat="41.989790000000006" lon="3.12582">
    <ele>6.03</ele>
   </trkpt>
   <trkpt lat="41.989290000000004" lon="3.1261500000000004">
    <ele>5.540000000000001</ele>
   </trkpt>
   <trkpt lat="41.988406667023916" lon="3.126340005263376">
    <ele>5.21</ele>
   </trkpt>
   <trkpt lat="41.98752333373453" lon="3.1265300052538185">
    <ele>5.090000000000001</ele>
   </trkpt>
   <trkpt lat="41.98664" lon="3.12672">
    <ele>5.46</ele>
   </trkpt>
   <trkpt lat="41.98708253152565" lon="3.1277387004357253">
    <ele>4.95</ele>
   </trkpt>
   <trkpt lat="41.98752505404513" lon="3.1287574150338626">
    <ele>4.62</ele>
   </trkpt>
   <trkpt lat="41.98796756755817" lon="3.1297761437945386">
    <ele>4.33</ele>
   </trkpt>
   <trkpt lat="41.98841007206452" lon="3.130794886717884">
    <ele>4.16</ele>
   </trkpt>
   <trkpt lat="41.98885256756389" lon="3.1318136438040263">
    <ele>4.109999999999999</ele>
   </trkpt>
   <trkpt lat="41.98929505405605" lon="3.132832415053093">
    <ele>4.15</ele>
   </trkpt>
   <trkpt lat="41.98973753154071" lon="3.1338512004652146">
    <ele>4.13</ele>
   </trkpt>
   <trkpt lat="41.99018" lon="3.1348700000000003">
    <ele>4.64</ele>
   </trkpt>
   <trkpt lat="41.99031" lon="3.1352800000000003">
    <ele>5.19</ele>
   </trkpt>
   <trkpt lat="41.990400002781854" lon="3.136079998910915">
    <ele>5.090000000000001</ele>
   </trkpt>
   <trkpt lat="41.99049" lon="3.13688">
    <ele>4.9</ele>
   </trkpt>
   <trkpt lat="41.99051000594026" lon="3.138049999645293">
    <ele>5.010000000000001</ele>
   </trkpt>
   <trkpt lat="41.99053000000001" lon="3.1392200000000003">
    <ele>5.3</ele>
   </trkpt>
   <trkpt lat="41.990590000000005" lon="3.13972">
    <ele>5.2</ele>
   </trkpt>
   <trkpt lat="41.990590000000005" lon="3.1397100000000004">
    <ele>5.2</ele>
   </trkpt>
   <trkpt lat="41.99081" lon="3.1408600000000004">
    <ele>4.970000000000001</ele>
   </trkpt>
   <trkpt lat="41.990950000000005" lon="3.1413900000000003">
    <ele>4.96</ele>
   </trkpt>
   <trkpt lat="41.99120500132665" lon="3.1419049982918366">
    <ele>4.59</ele>
   </trkpt>
   <trkpt lat="41.991460000000004" lon="3.1424200000000004">
    <ele>4.59</ele>
   </trkpt>
   <trkpt lat="41.991690000000006" lon="3.14298">
    <ele>4.5</ele>
   </trkpt>
   <trkpt lat="41.99213333841509" lon="3.1437466559534384">
    <ele>4.51</ele>
   </trkpt>
   <trkpt lat="41.99257667172914" lon="3.14451332258663">
    <ele>4.33</ele>
   </trkpt>
   <trkpt lat="41.99302" lon="3.14528">
    <ele>4.32</ele>
   </trkpt>
   <trkpt lat="41.99326000000001" lon="3.1461300000000003">
    <ele>3.94</ele>
   </trkpt>
   <trkpt lat="41.99343251002632" lon="3.1470074928776564">
    <ele>3.9000000000000004</ele>
   </trkpt>
   <trkpt lat="41.99360501337009" lon="3.1478849905118986">
    <ele>4.6000000000000005</ele>
   </trkpt>
   <trkpt lat="41.99377751003128" lon="3.1487624929025984">
    <ele>5.32</ele>
   </trkpt>
   <trkpt lat="41.993950000000005" lon="3.14964">
    <ele>5.82</ele>
   </trkpt>
   <trkpt lat="41.993970000000004" lon="3.1499400000000004">
    <ele>5.74</ele>
   </trkpt>
   <trkpt lat="41.993950000000005" lon="3.1500600000000003">
    <ele>5.73</ele>
   </trkpt>
   <trkpt lat="41.99382000000001" lon="3.15025">
    <ele>5.620000000000001</ele>
   </trkpt>
   <trkpt lat="41.99323000051426" lon="3.150630003594823">
    <ele>5.930000000000001</ele>
   </trkpt>
   <trkpt lat="41.99264" lon="3.1510100000000003">
    <ele>6.140000000000001</ele>
   </trkpt>
   <trkpt lat="41.99253" lon="3.15111">
    <ele>6.32</ele>
   </trkpt>
   <trkpt lat="41.9919050007193" lon="3.1515050038518284">
    <ele>6.5</ele>
   </trkpt>
   <trkpt lat="41.99128" lon="3.1519000000000004">
    <ele>6.72</ele>
   </trkpt>
   <trkpt lat="41.9905260037621" lon="3.1523660220835024">
    <ele>6.83</ele>
   </trkpt>
   <trkpt lat="41.989772005639466" lon="3.1528320331269444">
    <ele>6.750000000000001</ele>
   </trkpt>
   <trkpt lat="41.989018005632204" lon="3.1532980331308513">
    <ele>6.73</ele>
   </trkpt>
   <trkpt lat="41.9882640037404" lon="3.1537640220957504">
    <ele>7.180000000000001</ele>
   </trkpt>
   <trkpt lat="41.98751" lon="3.15423">
    <ele>7.750000000000001</ele>
   </trkpt>
   <trkpt lat="41.9874" lon="3.1542700000000004">
    <ele>7.670000000000001</ele>
   </trkpt>
   <trkpt lat="41.98697000000001" lon="3.1544800000000004">
    <ele>7.51</ele>
   </trkpt>
   <trkpt lat="41.98657" lon="3.1546200000000004">
    <ele>7.840000000000002</ele>
   </trkpt>
   <trkpt lat="41.98619" lon="3.1546800000000004">
    <ele>8.270000000000001</ele>
   </trkpt>
   <trkpt lat="41.98579" lon="3.1546900000000004">
    <ele>8.46</ele>
   </trkpt>
   <trkpt lat="41.98541" lon="3.15464">
    <ele>9.21</ele>
   </trkpt>
   <trkpt lat="41.984970000000004" lon="3.1545400000000003">
    <ele>10.030000000000001</ele>
   </trkpt>
   <trkpt lat="41.98431666712492" lon="3.1543066618729045">
    <ele>10.620000000000001</ele>
   </trkpt>
   <trkpt lat="41.983663333777336" lon="3.1540733285345532">
    <ele>11.1</ele>
   </trkpt>
   <trkpt lat="41.98301" lon="3.15384">
    <ele>11.3</ele>
   </trkpt>
   <trkpt lat="41.983000000000004" lon="3.15384">
    <ele>11.3</ele>
   </trkpt>
   <trkpt lat="41.982337500701824" lon="3.153604992658663">
    <ele>11.38</ele>
   </trkpt>
   <trkpt lat="41.98167500092437" lon="3.153369990207654">
    <ele>11.47</ele>
   </trkpt>
   <trkpt lat="41.98101250066765" lon="3.1531349926467622">
    <ele>11.53</ele>
   </trkpt>
   <trkpt lat="41.98035" lon="3.1529000000000003">
    <ele>11.860000000000001</ele>
   </trkpt>
   <trkpt lat="41.98038500173815" lon="3.153529999940979">
    <ele>12.98</ele>
   </trkpt>
   <trkpt lat="41.98042" lon="3.15416">
    <ele>15.64</ele>
   </trkpt>
   <trkpt lat="41.98044" lon="3.15438">
    <ele>15.940000000000003</ele>
   </trkpt>
   <trkpt lat="41.98049" lon="3.1544800000000004">
    <ele>16.380000000000003</ele>
   </trkpt>
   <trkpt lat="41.98055" lon="3.15472">
    <ele>17.2</ele>
   </trkpt>
   <trkpt lat="41.98058" lon="3.15531">
    <ele>19.62</ele>
   </trkpt>
   <trkpt lat="41.980560000000004" lon="3.15552">
    <ele>20.86</ele>
   </trkpt>
   <trkpt lat="41.980470000000004" lon="3.1556200000000003">
    <ele>20.86</ele>
   </trkpt>
   <trkpt lat="41.980250000000005" lon="3.1557800000000005">
    <ele>23.700000000000003</ele>
   </trkpt>
   <trkpt lat="41.98037" lon="3.15681">
    <ele>26.580000000000002</ele>
   </trkpt>
   <trkpt lat="41.9798950002942" lon="3.1570600018527393">
    <ele>27.94</ele>
   </trkpt>
   <trkpt lat="41.979420000000005" lon="3.1573100000000003">
    <ele>29.32</ele>
   </trkpt>
   <trkpt lat="41.978860000000005" lon="3.1575900000000003">
    <ele>30.770000000000003</ele>
   </trkpt>
   <trkpt lat="41.978750000000005" lon="3.1577100000000002">
    <ele>30.88</ele>
   </trkpt>
   <trkpt lat="41.978680000000004" lon="3.1579400000000004">
    <ele>31.3</ele>
   </trkpt>
   <trkpt lat="41.97872" lon="3.1583400000000004">
    <ele>31.55</ele>
   </trkpt>
   <trkpt lat="41.97871000000001" lon="3.1584900000000005">
    <ele>31.82</ele>
   </trkpt>
   <trkpt lat="41.97867" lon="3.15871">
    <ele>32.46</ele>
   </trkpt>
   <trkpt lat="41.97854" lon="3.15897">
    <ele>33.580000000000005</ele>
   </trkpt>
   <trkpt lat="41.97838" lon="3.1591400000000003">
    <ele>34.78</ele>
   </trkpt>
   <trkpt lat="41.9782" lon="3.1592200000000004">
    <ele>36.33</ele>
   </trkpt>
   <trkpt lat="41.97786000000001" lon="3.15918">
    <ele>36.50000000000001</ele>
   </trkpt>
   <trkpt lat="41.97798" lon="3.1594">
    <ele>36.37</ele>
   </trkpt>
   <trkpt lat="41.978010000000005" lon="3.15951">
    <ele>36.37</ele>
   </trkpt>
   <trkpt lat="41.97807" lon="3.15959">
    <ele>36.39000000000001</ele>
   </trkpt>
   <trkpt lat="41.978120000000004" lon="3.1596">
    <ele>36.39000000000001</ele>
   </trkpt>
   <trkpt lat="41.978170000000006" lon="3.1598200000000003">
    <ele>36.730000000000004</ele>
   </trkpt>
   <trkpt lat="41.97818" lon="3.1599000000000004">
    <ele>36.92</ele>
   </trkpt>
   <trkpt lat="41.97805" lon="3.15992">
    <ele>36.81</ele>
   </trkpt>
   <trkpt lat="41.977380000000004" lon="3.16048">
    <ele>38.580000000000005</ele>
   </trkpt>
   <trkpt lat="41.97730000000001" lon="3.1604900000000002">
    <ele>38.77</ele>
   </trkpt>
   <trkpt lat="41.976980000000005" lon="3.1604200000000002">
    <ele>39.02</ele>
   </trkpt>
   <trkpt lat="41.97683000000001" lon="3.1603000000000003">
    <ele>39.39</ele>
   </trkpt>
   <trkpt lat="41.976670000000006" lon="3.1601000000000004">
    <ele>40.010000000000005</ele>
   </trkpt>
   <trkpt lat="41.97659" lon="3.16006">
    <ele>40.31</ele>
   </trkpt>
   <trkpt lat="41.976490000000005" lon="3.1600800000000002">
    <ele>40.85</ele>
   </trkpt>
   <trkpt lat="41.976290000000006" lon="3.16019">
    <ele>41.470000000000006</ele>
   </trkpt>
   <trkpt lat="41.976000000000006" lon="3.1605100000000004">
    <ele>43.88</ele>
   </trkpt>
   <trkpt lat="41.975730000000006" lon="3.1607700000000003">
    <ele>44.64000000000001</ele>
   </trkpt>
   <trkpt lat="41.97532000049619" lon="3.161130002375612">
    <ele>46.64</ele>
   </trkpt>
   <trkpt lat="41.97491" lon="3.16149">
    <ele>49.63000000000001</ele>
   </trkpt>
   <trkpt lat="41.97477000000001" lon="3.16157">
    <ele>50.46</ele>
   </trkpt>
   <trkpt lat="41.974540000000005" lon="3.1617200000000003">
    <ele>51.67000000000001</ele>
   </trkpt>
   <trkpt lat="41.97381" lon="3.16195">
    <ele>53.300000000000004</ele>
   </trkpt>
   <trkpt lat="41.973670000000006" lon="3.16217">
    <ele>53.21000000000001</ele>
   </trkpt>
   <trkpt lat="41.97348" lon="3.1623900000000003">
    <ele>53.21000000000001</ele>
   </trkpt>
   <trkpt lat="41.973220000000005" lon="3.16263">
    <ele>53.52</ele>
   </trkpt>
   <trkpt lat="41.97312" lon="3.1627500000000004">
    <ele>54.1</ele>
   </trkpt>
   <trkpt lat="41.973060000000004" lon="3.16291">
    <ele>54.1</ele>
   </trkpt>
   <trkpt lat="41.97303" lon="3.16306">
    <ele>54.36000000000001</ele>
   </trkpt>
   <trkpt lat="41.97305" lon="3.1632300000000004">
    <ele>54.480000000000004</ele>
   </trkpt>
   <trkpt lat="41.973420000000004" lon="3.1641600000000003">
    <ele>56.370000000000005</ele>
   </trkpt>
   <trkpt lat="41.973420000000004" lon="3.1643100000000004">
    <ele>56.88</ele>
   </trkpt>
   <trkpt lat="41.97337" lon="3.1644300000000003">
    <ele>57.53</ele>
   </trkpt>
   <trkpt lat="41.97326" lon="3.16453">
    <ele>59.010000000000005</ele>
   </trkpt>
   <trkpt lat="41.972930000000005" lon="3.16475">
    <ele>60.75000000000001</ele>
   </trkpt>
   <trkpt lat="41.97256" lon="3.1651900000000004">
    <ele>63.9</ele>
   </trkpt>
   <trkpt lat="41.97243" lon="3.1654700000000005">
    <ele>67.43</ele>
   </trkpt>
   <trkpt lat="41.97213000104267" lon="3.1659650023652017">
    <ele>70.83</ele>
   </trkpt>
   <trkpt lat="41.971830000000004" lon="3.1664600000000003">
    <ele>75.22000000000001</ele>
   </trkpt>
   <trkpt lat="41.97169" lon="3.16691">
    <ele>78.88000000000001</ele>
   </trkpt>
   <trkpt lat="41.97155" lon="3.1672300000000004">
    <ele>81.05000000000001</ele>
   </trkpt>
   <trkpt lat="41.971360000000004" lon="3.16753">
    <ele>84.27000000000001</ele>
   </trkpt>
   <trkpt lat="41.97101000000001" lon="3.1682300000000003">
    <ele>88.22</ele>
   </trkpt>
   <trkpt lat="41.970890000000004" lon="3.16834">
    <ele>88.85000000000001</ele>
   </trkpt>
   <trkpt lat="41.97073" lon="3.16841">
    <ele>88.97</ele>
   </trkpt>
   <trkpt lat="41.97048" lon="3.1686300000000003">
    <ele>88.35000000000001</ele>
   </trkpt>
   <trkpt lat="41.970380000000006" lon="3.1687800000000004">
    <ele>87.8</ele>
   </trkpt>
   <trkpt lat="41.970270000000006" lon="3.1690600000000004">
    <ele>87.06000000000002</ele>
   </trkpt>
   <trkpt lat="41.97001" lon="3.1701400000000004">
    <ele>86.36</ele>
   </trkpt>
   <trkpt lat="41.970000000000006" lon="3.1702600000000003">
    <ele>86.59</ele>
   </trkpt>
   <trkpt lat="41.96988" lon="3.1706900000000005">
    <ele>85.38000000000001</ele>
   </trkpt>
   <trkpt lat="41.96983" lon="3.17099">
    <ele>84.43</ele>
   </trkpt>
  </trkseg>
 </trk>
</gpx>
