<?xml version="1.0" encoding="UTF-8"?>
<gpx creator="StravaGPX" version="1.1" xmlns="http://www.topografix.com/GPX/1/1" xmlns:xsi="http://www.w3.org/2001/XMLSchema-instance" xsi:schemaLocation="http://www.topografix.com/GPX/1/1 http://www.topografix.com/GPX/1/1/gpx.xsd">
 <metadata>
  <name>La Ganga + Coast Sant Grau</name>
  <author>
   <name>Carl Gort</name>
   <link href="https://www.strava.com/athletes/22107721"/>
  </author>
  <copyright author="OpenStreetMap contributors">
   <year>2020</year>
   <license>https://www.openstreetmap.org/copyright</license>
  </copyright>
  <link href="https://www.strava.com/routes/3520434309601019094"/>
 </metadata>
 <trk>
  <name>La Ganga + Coast Sant Grau</name>
  <link href="https://www.strava.com/routes/3520434309601019094"/>
  <type>cycling</type>
  <trkseg>
   <trkpt lat="41.969860000000004" lon="3.1715000000000004">
    <ele>83.32000000000001</ele>
   </trkpt>
   <trkpt lat="41.96983" lon="3.17097">
    <ele>84.64</ele>
   </trkpt>
   <trkpt lat="41.96988" lon="3.1706900000000005">
    <ele>85.38000000000001</ele>
   </trkpt>
   <trkpt lat="41.970000000000006" lon="3.1702600000000003">
    <ele>86.59</ele>
   </trkpt>
   <trkpt lat="41.97001" lon="3.1701400000000004">
    <ele>86.36</ele>
   </trkpt>
   <trkpt lat="41.969480000000004" lon="3.1699900000000003">
    <ele>82.85000000000001</ele>
   </trkpt>
   <trkpt lat="41.969370000000005" lon="3.1699300000000004">
    <ele>82.07000000000001</ele>
   </trkpt>
   <trkpt lat="41.969080000000005" lon="3.1696400000000002">
    <ele>79.03</ele>
   </trkpt>
   <trkpt lat="41.96857000000001" lon="3.16949">
    <ele>76.01</ele>
   </trkpt>
   <trkpt lat="41.968430000000005" lon="3.16941">
    <ele>73.82000000000001</ele>
   </trkpt>
   <trkpt lat="41.96837" lon="3.16934">
    <ele>73.82000000000001</ele>
   </trkpt>
   <trkpt lat="41.968320000000006" lon="3.1692500000000003">
    <ele>71.97</ele>
   </trkpt>
   <trkpt lat="41.968270000000004" lon="3.1690300000000002">
    <ele>71.97</ele>
   </trkpt>
   <trkpt lat="41.968120000000006" lon="3.1688400000000003">
    <ele>66.73</ele>
   </trkpt>
   <trkpt lat="41.96786" lon="3.1684400000000004">
    <ele>62.88</ele>
   </trkpt>
   <trkpt lat="41.967850000000006" lon="3.16834">
    <ele>62.88</ele>
   </trkpt>
   <trkpt lat="41.968" lon="3.16799">
    <ele>59.81</ele>
   </trkpt>
   <trkpt lat="41.96828" lon="3.1676300000000004">
    <ele>58.45</ele>
   </trkpt>
   <trkpt lat="41.968360000000004" lon="3.1675600000000004">
    <ele>58.64</ele>
   </trkpt>
   <trkpt lat="41.968500000000006" lon="3.1675700000000004">
    <ele>59.940000000000005</ele>
   </trkpt>
   <trkpt lat="41.968610000000005" lon="3.1676100000000003">
    <ele>60.83</ele>
   </trkpt>
   <trkpt lat="41.968680000000006" lon="3.16758">
    <ele>61.68000000000001</ele>
   </trkpt>
   <trkpt lat="41.968700000000005" lon="3.1675000000000004">
    <ele>61.4</ele>
   </trkpt>
   <trkpt lat="41.96869" lon="3.16718">
    <ele>60.79</ele>
   </trkpt>
   <trkpt lat="41.968740000000004" lon="3.16685">
    <ele>59.27</ele>
   </trkpt>
   <trkpt lat="41.96885" lon="3.16658">
    <ele>58.760000000000005</ele>
   </trkpt>
   <trkpt lat="41.968810000000005" lon="3.1663400000000004">
    <ele>59.0</ele>
   </trkpt>
   <trkpt lat="41.968810000000005" lon="3.16604">
    <ele>59.71000000000001</ele>
   </trkpt>
   <trkpt lat="41.96878" lon="3.1656700000000004">
    <ele>59.49000000000001</ele>
   </trkpt>
   <trkpt lat="41.96884" lon="3.1652700000000005">
    <ele>58.370000000000005</ele>
   </trkpt>
   <trkpt lat="41.968900000000005" lon="3.1650400000000003">
    <ele>57.77</ele>
   </trkpt>
   <trkpt lat="41.968970000000006" lon="3.1648500000000004">
    <ele>57.230000000000004</ele>
   </trkpt>
   <trkpt lat="41.96916" lon="3.1645700000000003">
    <ele>57.040000000000006</ele>
   </trkpt>
   <trkpt lat="41.96932" lon="3.16467">
    <ele>57.42</ele>
   </trkpt>
   <trkpt lat="41.96945" lon="3.1646400000000003">
    <ele>57.53</ele>
   </trkpt>
   <trkpt lat="41.96954" lon="3.16448">
    <ele>57.28</ele>
   </trkpt>
   <trkpt lat="41.969590000000004" lon="3.16433">
    <ele>56.910000000000004</ele>
   </trkpt>
   <trkpt lat="41.96945" lon="3.1634">
    <ele>52.730000000000004</ele>
   </trkpt>
   <trkpt lat="41.968969999918556" lon="3.1635050008194554">
    <ele>49.74</ele>
   </trkpt>
   <trkpt lat="41.96849" lon="3.1636100000000003">
    <ele>48.6</ele>
   </trkpt>
   <trkpt lat="41.96824" lon="3.1635700000000004">
    <ele>48.160000000000004</ele>
   </trkpt>
   <trkpt lat="41.967980000000004" lon="3.1635000000000004">
    <ele>50.650000000000006</ele>
   </trkpt>
   <trkpt lat="41.96779" lon="3.1634">
    <ele>53.39000000000001</ele>
   </trkpt>
   <trkpt lat="41.967690000000005" lon="3.16332">
    <ele>54.19</ele>
   </trkpt>
   <trkpt lat="41.967650000000006" lon="3.1632100000000003">
    <ele>54.39000000000001</ele>
   </trkpt>
   <trkpt lat="41.967600000000004" lon="3.16297">
    <ele>54.580000000000005</ele>
   </trkpt>
   <trkpt lat="41.967600000000004" lon="3.1625400000000004">
    <ele>53.32000000000001</ele>
   </trkpt>
   <trkpt lat="41.9676600067693" lon="3.1616566683571037">
    <ele>50.85000000000001</ele>
   </trkpt>
   <trkpt lat="41.967720006767514" lon="3.160773335050213">
    <ele>47.68000000000001</ele>
   </trkpt>
   <trkpt lat="41.967780000000005" lon="3.1598900000000003">
    <ele>43.29</ele>
   </trkpt>
   <trkpt lat="41.968000001553314" lon="3.159290002095778">
    <ele>39.940000000000005</ele>
   </trkpt>
   <trkpt lat="41.96822" lon="3.1586900000000004">
    <ele>38.52</ele>
   </trkpt>
   <trkpt lat="41.968410000000006" lon="3.1584700000000003">
    <ele>38.21</ele>
   </trkpt>
   <trkpt lat="41.96871" lon="3.1579900000000003">
    <ele>37.88</ele>
   </trkpt>
   <trkpt lat="41.968830000000004" lon="3.1577">
    <ele>37.81</ele>
   </trkpt>
   <trkpt lat="41.968900000000005" lon="3.15757">
    <ele>37.790000000000006</ele>
   </trkpt>
   <trkpt lat="41.968990000000005" lon="3.1573">
    <ele>37.92</ele>
   </trkpt>
   <trkpt lat="41.96923" lon="3.1568500000000004">
    <ele>37.58</ele>
   </trkpt>
   <trkpt lat="41.96965" lon="3.1566">
    <ele>36.86000000000001</ele>
   </trkpt>
   <trkpt lat="41.969840000000005" lon="3.1564">
    <ele>36.86000000000001</ele>
   </trkpt>
   <trkpt lat="41.970040000000004" lon="3.15614">
    <ele>36.25000000000001</ele>
   </trkpt>
   <trkpt lat="41.970150000000004" lon="3.15593">
    <ele>36.1</ele>
   </trkpt>
   <trkpt lat="41.970220000000005" lon="3.1556200000000003">
    <ele>35.51</ele>
   </trkpt>
   <trkpt lat="41.970240000000004" lon="3.15524">
    <ele>33.620000000000005</ele>
   </trkpt>
   <trkpt lat="41.97021" lon="3.15499">
    <ele>33.190000000000005</ele>
   </trkpt>
   <trkpt lat="41.969950000000004" lon="3.1542100000000004">
    <ele>30.42</ele>
   </trkpt>
   <trkpt lat="41.96993500241221" lon="3.153465000022897">
    <ele>27.64</ele>
   </trkpt>
   <trkpt lat="41.96992" lon="3.1527200000000004">
    <ele>26.64</ele>
   </trkpt>
   <trkpt lat="41.97057" lon="3.1527600000000002">
    <ele>28.84</ele>
   </trkpt>
   <trkpt lat="41.971180000000004" lon="3.15274">
    <ele>28.200000000000003</ele>
   </trkpt>
   <trkpt lat="41.97186000000001" lon="3.15268">
    <ele>26.92</ele>
   </trkpt>
   <trkpt lat="41.971940000000004" lon="3.1526300000000003">
    <ele>26.820000000000004</ele>
   </trkpt>
   <trkpt lat="41.97196" lon="3.15254">
    <ele>26.820000000000004</ele>
   </trkpt>
   <trkpt lat="41.971940000000004" lon="3.1519000000000004">
    <ele>25.830000000000002</ele>
   </trkpt>
   <trkpt lat="41.9718" lon="3.1513400000000003">
    <ele>24.6</ele>
   </trkpt>
   <trkpt lat="41.971720000000005" lon="3.1508800000000003">
    <ele>23.58</ele>
   </trkpt>
   <trkpt lat="41.97177000203432" lon="3.1501950005601773">
    <ele>21.79</ele>
   </trkpt>
   <trkpt lat="41.97182" lon="3.1495100000000003">
    <ele>18.63</ele>
   </trkpt>
   <trkpt lat="41.971880000000006" lon="3.1494700000000004">
    <ele>18.7</ele>
   </trkpt>
   <trkpt lat="41.97187" lon="3.14942">
    <ele>18.6</ele>
   </trkpt>
   <trkpt lat="41.97184" lon="3.1493900000000004">
    <ele>18.400000000000002</ele>
   </trkpt>
   <trkpt lat="41.971880000000006" lon="3.1489800000000003">
    <ele>17.54</ele>
   </trkpt>
   <trkpt lat="41.97167" lon="3.14895">
    <ele>17.6</ele>
   </trkpt>
   <trkpt lat="41.97169" lon="3.14806">
    <ele>17.910000000000004</ele>
   </trkpt>
   <trkpt lat="41.971740000000004" lon="3.1476100000000002">
    <ele>19.520000000000003</ele>
   </trkpt>
   <trkpt lat="41.97186000000001" lon="3.14711">
    <ele>21.92</ele>
   </trkpt>
   <trkpt lat="41.972210000000004" lon="3.1460600000000003">
    <ele>24.67</ele>
   </trkpt>
   <trkpt lat="41.972240000000006" lon="3.1460000000000004">
    <ele>24.67</ele>
   </trkpt>
   <trkpt lat="41.97236" lon="3.1460000000000004">
    <ele>24.790000000000003</ele>
   </trkpt>
   <trkpt lat="41.972950000000004" lon="3.1452400000000003">
    <ele>25.730000000000004</ele>
   </trkpt>
   <trkpt lat="41.97303" lon="3.14516">
    <ele>25.730000000000004</ele>
   </trkpt>
   <trkpt lat="41.973470000000006" lon="3.14481">
    <ele>24.85</ele>
   </trkpt>
   <trkpt lat="41.973780000000005" lon="3.1445200000000004">
    <ele>23.930000000000003</ele>
   </trkpt>
   <trkpt lat="41.973850000000006" lon="3.14448">
    <ele>23.930000000000003</ele>
   </trkpt>
   <trkpt lat="41.97392000000001" lon="3.1444600000000005">
    <ele>21.990000000000002</ele>
   </trkpt>
   <trkpt lat="41.974090000000004" lon="3.1444500000000004">
    <ele>21.990000000000002</ele>
   </trkpt>
   <trkpt lat="41.97485" lon="3.14455">
    <ele>13.330000000000002</ele>
   </trkpt>
   <trkpt lat="41.97502" lon="3.14461">
    <ele>11.83</ele>
   </trkpt>
   <trkpt lat="41.97542000000001" lon="3.1446400000000003">
    <ele>10.020000000000001</ele>
   </trkpt>
   <trkpt lat="41.97581" lon="3.14455">
    <ele>9.340000000000002</ele>
   </trkpt>
   <trkpt lat="41.97592" lon="3.14434">
    <ele>8.81</ele>
   </trkpt>
   <trkpt lat="41.97608" lon="3.14413">
    <ele>8.049999999999999</ele>
   </trkpt>
   <trkpt lat="41.97628" lon="3.1439800000000004">
    <ele>7.750000000000001</ele>
   </trkpt>
   <trkpt lat="41.97684" lon="3.1438">
    <ele>7.5200000000000005</ele>
   </trkpt>
   <trkpt lat="41.977250000000005" lon="3.1434800000000003">
    <ele>7.680000000000001</ele>
   </trkpt>
   <trkpt lat="41.97729" lon="3.14345">
    <ele>7.680000000000001</ele>
   </trkpt>
   <trkpt lat="41.97733" lon="3.1431600000000004">
    <ele>7.4</ele>
   </trkpt>
   <trkpt lat="41.977340000000005" lon="3.1426700000000003">
    <ele>7.320000000000001</ele>
   </trkpt>
   <trkpt lat="41.977560006071435" lon="3.1418333391266904">
    <ele>7.16</ele>
   </trkpt>
   <trkpt lat="41.97778000606815" lon="3.140996672472655">
    <ele>7.220000000000001</ele>
   </trkpt>
   <trkpt lat="41.978" lon="3.1401600000000003">
    <ele>7.090000000000001</ele>
   </trkpt>
   <trkpt lat="41.97809" lon="3.14">
    <ele>7.090000000000001</ele>
   </trkpt>
   <trkpt lat="41.97824000000001" lon="3.1399100000000004">
    <ele>7.12</ele>
   </trkpt>
   <trkpt lat="41.97907" lon="3.13987">
    <ele>7.430000000000001</ele>
   </trkpt>
   <trkpt lat="41.97974000000001" lon="3.13972">
    <ele>8.690000000000001</ele>
   </trkpt>
   <trkpt lat="41.979910000000004" lon="3.13931">
    <ele>8.14</ele>
   </trkpt>
   <trkpt lat="41.979980000000005" lon="3.13832">
    <ele>8.56</ele>
   </trkpt>
   <trkpt lat="41.97986" lon="3.13816">
    <ele>8.56</ele>
   </trkpt>
   <trkpt lat="41.979780000000005" lon="3.1381">
    <ele>8.910000000000002</ele>
   </trkpt>
   <trkpt lat="41.979710000000004" lon="3.1379400000000004">
    <ele>9.57</ele>
   </trkpt>
   <trkpt lat="41.97961501546464" lon="3.1368499951076805">
    <ele>10.75</ele>
   </trkpt>
   <trkpt lat="41.97952002061866" lon="3.1357599934672695">
    <ele>10.530000000000001</ele>
   </trkpt>
   <trkpt lat="41.979425015462105" lon="3.1346699950790997">
    <ele>9.38</ele>
   </trkpt>
   <trkpt lat="41.979330000000004" lon="3.1335800000000003">
    <ele>8.71</ele>
   </trkpt>
   <trkpt lat="41.97961" lon="3.1331">
    <ele>8.290000000000001</ele>
   </trkpt>
   <trkpt lat="41.979890000000005" lon="3.13241">
    <ele>7.090000000000001</ele>
   </trkpt>
   <trkpt lat="41.9802" lon="3.13146">
    <ele>6.0</ele>
   </trkpt>
   <trkpt lat="41.980250000000005" lon="3.13098">
    <ele>6.23</ele>
   </trkpt>
   <trkpt lat="41.980470000000004" lon="3.1302600000000003">
    <ele>7.320000000000001</ele>
   </trkpt>
   <trkpt lat="41.980540000000005" lon="3.12949">
    <ele>7.090000000000001</ele>
   </trkpt>
   <trkpt lat="41.98053" lon="3.12929">
    <ele>7.090000000000001</ele>
   </trkpt>
   <trkpt lat="41.98051" lon="3.12868">
    <ele>6.710000000000001</ele>
   </trkpt>
   <trkpt lat="41.980440001732525" lon="3.128044999146704">
    <ele>6.44</ele>
   </trkpt>
   <trkpt lat="41.98037" lon="3.1274100000000002">
    <ele>6.34</ele>
   </trkpt>
   <trkpt lat="41.980410000000006" lon="3.1270100000000003">
    <ele>6.140000000000001</ele>
   </trkpt>
   <trkpt lat="41.98057" lon="3.1262600000000003">
    <ele>6.17</ele>
   </trkpt>
   <trkpt lat="41.98058" lon="3.1257200000000003">
    <ele>6.2</ele>
   </trkpt>
   <trkpt lat="41.98048000168699" lon="3.125089998788863">
    <ele>6.540000000000001</ele>
   </trkpt>
   <trkpt lat="41.980380000000004" lon="3.1244600000000005">
    <ele>7.55</ele>
   </trkpt>
   <trkpt lat="41.980340000000005" lon="3.1241000000000003">
    <ele>8.25</ele>
   </trkpt>
   <trkpt lat="41.980380000000004" lon="3.1236900000000003">
    <ele>8.9</ele>
   </trkpt>
   <trkpt lat="41.98063000285371" lon="3.1228800031580426">
    <ele>12.31</ele>
   </trkpt>
   <trkpt lat="41.980880000000006" lon="3.1220700000000003">
    <ele>17.67</ele>
   </trkpt>
   <trkpt lat="41.98162000000001" lon="3.1218800000000004">
    <ele>19.970000000000002</ele>
   </trkpt>
   <trkpt lat="41.98237" lon="3.1214600000000003">
    <ele>22.46</ele>
   </trkpt>
   <trkpt lat="41.98311" lon="3.1214700000000004">
    <ele>23.39</ele>
   </trkpt>
   <trkpt lat="41.98319" lon="3.1214500000000003">
    <ele>23.44</ele>
   </trkpt>
   <trkpt lat="41.983250000000005" lon="3.1214100000000005">
    <ele>23.44</ele>
   </trkpt>
   <trkpt lat="41.98337" lon="3.12122">
    <ele>23.55</ele>
   </trkpt>
   <trkpt lat="41.98353" lon="3.12109">
    <ele>23.75</ele>
   </trkpt>
   <trkpt lat="41.983940000000004" lon="3.12101">
    <ele>23.89</ele>
   </trkpt>
   <trkpt lat="41.984170000000006" lon="3.1210700000000005">
    <ele>23.930000000000003</ele>
   </trkpt>
   <trkpt lat="41.984230000000004" lon="3.1211100000000003">
    <ele>23.930000000000003</ele>
   </trkpt>
   <trkpt lat="41.98429" lon="3.1211100000000003">
    <ele>23.91</ele>
   </trkpt>
   <trkpt lat="41.984350000000006" lon="3.1210600000000004">
    <ele>23.98</ele>
   </trkpt>
   <trkpt lat="41.98438" lon="3.1209900000000004">
    <ele>23.950000000000003</ele>
   </trkpt>
   <trkpt lat="41.98436" lon="3.1208500000000003">
    <ele>23.950000000000003</ele>
   </trkpt>
   <trkpt lat="41.984280000000005" lon="3.1207800000000003">
    <ele>23.790000000000003</ele>
   </trkpt>
   <trkpt lat="41.984210000000004" lon="3.1205600000000002">
    <ele>23.790000000000003</ele>
   </trkpt>
   <trkpt lat="41.9840766974767" lon="3.119368320858999">
    <ele>22.92</ele>
   </trkpt>
   <trkpt lat="41.983943382629356" lon="3.1181766467082097">
    <ele>22.19</ele>
   </trkpt>
   <trkpt lat="41.98381005545807" lon="3.1169849775480483">
    <ele>21.59</ele>
   </trkpt>
   <trkpt lat="41.98367671596297" lon="3.115793313378933">
    <ele>19.720000000000002</ele>
   </trkpt>
   <trkpt lat="41.983543364144154" lon="3.11460165420128">
    <ele>19.64</ele>
   </trkpt>
   <trkpt lat="41.983410000000006" lon="3.1134100000000005">
    <ele>22.770000000000003</ele>
   </trkpt>
   <trkpt lat="41.98330000000001" lon="3.1127300000000004">
    <ele>24.560000000000002</ele>
   </trkpt>
   <trkpt lat="41.98315" lon="3.1119800000000004">
    <ele>25.85</ele>
   </trkpt>
   <trkpt lat="41.982892533646265" lon="3.110927470200776">
    <ele>27.12</ele>
   </trkpt>
   <trkpt lat="41.98263505767862" lon="3.1098749489138187">
    <ele>28.19</ele>
   </trkpt>
   <trkpt lat="41.98237757209724" lon="3.1088224361393006">
    <ele>29.1</ele>
   </trkpt>
   <trkpt lat="41.98212007690229" lon="3.107769931877394">
    <ele>29.240000000000002</ele>
   </trkpt>
   <trkpt lat="41.981862572093924" lon="3.1067174361282706">
    <ele>28.51</ele>
   </trkpt>
   <trkpt lat="41.98160505767232" lon="3.105664948892103">
    <ele>27.500000000000004</ele>
   </trkpt>
   <trkpt lat="41.98134753363765" lon="3.104612470169063">
    <ele>27.580000000000002</ele>
   </trkpt>
   <trkpt lat="41.98109" lon="3.1035600000000003">
    <ele>28.130000000000003</ele>
   </trkpt>
   <trkpt lat="41.98083204256357" lon="3.1025159619262364">
    <ele>28.68</ele>
   </trkpt>
   <trkpt lat="41.9805740756678" lon="3.1014719323115543">
    <ele>29.26</ele>
   </trkpt>
   <trkpt lat="41.980316099312866" lon="3.1004279111561193">
    <ele>29.48</ele>
   </trkpt>
   <trkpt lat="41.980058113498934" lon="3.0993838984600948">
    <ele>29.580000000000002</ele>
   </trkpt>
   <trkpt lat="41.97980011822616" lon="3.0983398942236473">
    <ele>30.150000000000002</ele>
   </trkpt>
   <trkpt lat="41.979542113494716" lon="3.0972958984469408">
    <ele>30.250000000000004</ele>
   </trkpt>
   <trkpt lat="41.97928409930474" lon="3.0962519111301408">
    <ele>30.310000000000002</ele>
   </trkpt>
   <trkpt lat="41.979026075656414" lon="3.0952079322734116">
    <ele>30.140000000000004</ele>
   </trkpt>
   <trkpt lat="41.9787680425499" lon="3.09416396187692">
    <ele>30.300000000000004</ele>
   </trkpt>
   <trkpt lat="41.97851" lon="3.0931200000000003">
    <ele>31.39</ele>
   </trkpt>
   <trkpt lat="41.97845" lon="3.0927100000000003">
    <ele>32.32</ele>
   </trkpt>
   <trkpt lat="41.97847" lon="3.0924600000000004">
    <ele>32.550000000000004</ele>
   </trkpt>
   <trkpt lat="41.97868501008237" lon="3.091580008905687">
    <ele>34.24</ele>
   </trkpt>
   <trkpt lat="41.97890001344445" lon="3.0907000118691133">
    <ele>37.94</ele>
   </trkpt>
   <trkpt lat="41.979115010086176" lon="3.08982000889038">
    <ele>43.22</ele>
   </trkpt>
   <trkpt lat="41.979330000000004" lon="3.0889400000000005">
    <ele>44.14000000000001</ele>
   </trkpt>
   <trkpt lat="41.979400000000005" lon="3.08874">
    <ele>43.86</ele>
   </trkpt>
   <trkpt lat="41.97975667116781" lon="3.0880200080607163">
    <ele>40.85</ele>
   </trkpt>
   <trkpt lat="41.98011333783691" lon="3.0873000080559283">
    <ele>39.71</ele>
   </trkpt>
   <trkpt lat="41.980470000000004" lon="3.08658">
    <ele>40.760000000000005</ele>
   </trkpt>
   <trkpt lat="41.98057" lon="3.08632">
    <ele>41.470000000000006</ele>
   </trkpt>
   <trkpt lat="41.980630000000005" lon="3.0860100000000004">
    <ele>42.120000000000005</ele>
   </trkpt>
   <trkpt lat="41.98079000578904" lon="3.0848550028981205">
    <ele>43.29</ele>
   </trkpt>
   <trkpt lat="41.98095" lon="3.0837000000000003">
    <ele>46.11000000000001</ele>
   </trkpt>
   <trkpt lat="41.980970000000006" lon="3.0833700000000004">
    <ele>46.74</ele>
   </trkpt>
   <trkpt lat="41.98095" lon="3.0830900000000003">
    <ele>47.120000000000005</ele>
   </trkpt>
   <trkpt lat="41.98068335732973" lon="3.0820383113161687">
    <ele>45.42</ele>
   </trkpt>
   <trkpt lat="41.98041670506098" lon="3.0809866314402536">
    <ele>42.75</ele>
   </trkpt>
   <trkpt lat="41.98015004319395" lon="3.079934960372416">
    <ele>39.53</ele>
   </trkpt>
   <trkpt lat="41.97988337172879" lon="3.0788832981128165">
    <ele>39.63</ele>
   </trkpt>
   <trkpt lat="41.979616690665694" lon="3.0778316446616163">
    <ele>42.57</ele>
   </trkpt>
   <trkpt lat="41.979350000000004" lon="3.0767800000000003">
    <ele>44.6</ele>
   </trkpt>
   <trkpt lat="41.97916" lon="3.07634">
    <ele>45.51</ele>
   </trkpt>
   <trkpt lat="41.97864000364612" lon="3.075424992551863">
    <ele>46.95</ele>
   </trkpt>
   <trkpt lat="41.978120000000004" lon="3.07451">
    <ele>43.74</ele>
   </trkpt>
   <trkpt lat="41.97770500792548" lon="3.0737299847620485">
    <ele>43.2</ele>
   </trkpt>
   <trkpt lat="41.97729001057104" lon="3.072949979690042">
    <ele>41.79</ele>
   </trkpt>
   <trkpt lat="41.97687500793683" lon="3.0721699847838293">
    <ele>40.77</ele>
   </trkpt>
   <trkpt lat="41.97646" lon="3.07139">
    <ele>40.050000000000004</ele>
   </trkpt>
   <trkpt lat="41.97636000000001" lon="3.0709000000000004">
    <ele>40.370000000000005</ele>
   </trkpt>
   <trkpt lat="41.976380000000006" lon="3.07072">
    <ele>40.32</ele>
   </trkpt>
   <trkpt lat="41.97639" lon="3.0705500000000003">
    <ele>40.160000000000004</ele>
   </trkpt>
   <trkpt lat="41.97632" lon="3.0704300000000004">
    <ele>40.330000000000005</ele>
   </trkpt>
   <trkpt lat="41.976240000000004" lon="3.07039">
    <ele>40.470000000000006</ele>
   </trkpt>
   <trkpt lat="41.97614" lon="3.0704100000000003">
    <ele>40.67</ele>
   </trkpt>
   <trkpt lat="41.97596" lon="3.0704300000000004">
    <ele>41.0</ele>
   </trkpt>
   <trkpt lat="41.97585" lon="3.07039">
    <ele>41.56</ele>
   </trkpt>
   <trkpt lat="41.975820000000006" lon="3.0704000000000002">
    <ele>41.56</ele>
   </trkpt>
   <trkpt lat="41.975730000000006" lon="3.0703400000000003">
    <ele>41.7</ele>
   </trkpt>
   <trkpt lat="41.97497503089763" lon="3.0697575823361967">
    <ele>43.95</ele>
   </trkpt>
   <trkpt lat="41.97422005885164" lon="3.0691751784801378">
    <ele>43.65</ele>
   </trkpt>
   <trkpt lat="41.97346508386219" lon="3.068592788431183">
    <ele>43.59</ele>
   </trkpt>
   <trkpt lat="41.97271010592942" lon="3.0680104121886944">
    <ele>43.99</ele>
   </trkpt>
   <trkpt lat="41.97195512505349" lon="3.067428049752032">
    <ele>44.17</ele>
   </trkpt>
   <trkpt lat="41.97120014123454" lon="3.066845701120556">
    <ele>44.33</ele>
   </trkpt>
   <trkpt lat="41.9704451544727" lon="3.066263366293628">
    <ele>44.74</ele>
   </trkpt>
   <trkpt lat="41.96969016476813" lon="3.0656810452706074">
    <ele>44.84</ele>
   </trkpt>
   <trkpt lat="41.96893517212102" lon="3.0650987380508568">
    <ele>45.17</ele>
   </trkpt>
   <trkpt lat="41.968180176531455" lon="3.064516444633736">
    <ele>45.470000000000006</ele>
   </trkpt>
   <trkpt lat="41.9674251779996" lon="3.063934165018605">
    <ele>45.74</ele>
   </trkpt>
   <trkpt lat="41.96667017652563" lon="3.063351899204826">
    <ele>46.3</ele>
   </trkpt>
   <trkpt lat="41.965915172109675" lon="3.0627696471917596">
    <ele>46.92</ele>
   </trkpt>
   <trkpt lat="41.965160164751865" lon="3.062187408978766">
    <ele>47.510000000000005</ele>
   </trkpt>
   <trkpt lat="41.96440515445237" lon="3.0616051845652072">
    <ele>48.14</ele>
   </trkpt>
   <trkpt lat="41.96365014121135" lon="3.0610229739504438">
    <ele>48.720000000000006</ele>
   </trkpt>
   <trkpt lat="41.96289512502892" lon="3.060440777133836">
    <ele>47.650000000000006</ele>
   </trkpt>
   <trkpt lat="41.96214010590525" lon="3.059858594114746">
    <ele>46.73</ele>
   </trkpt>
   <trkpt lat="41.96138508384046" lon="3.0592764248925346">
    <ele>47.7</ele>
   </trkpt>
   <trkpt lat="41.960630058834745" lon="3.058694269466562">
    <ele>49.36</ele>
   </trkpt>
   <trkpt lat="41.959875030888206" lon="3.058112127836191">
    <ele>50.0</ele>
   </trkpt>
   <trkpt lat="41.959120000000006" lon="3.0575300000000003">
    <ele>51.42000000000001</ele>
   </trkpt>
   <trkpt lat="41.958540000000006" lon="3.0572700000000004">
    <ele>52.24</ele>
   </trkpt>
   <trkpt lat="41.95837" lon="3.05709">
    <ele>52.18</ele>
   </trkpt>
   <trkpt lat="41.95834000000001" lon="3.0569800000000003">
    <ele>52.27</ele>
   </trkpt>
   <trkpt lat="41.95826" lon="3.0568700000000004">
    <ele>52.43000000000001</ele>
   </trkpt>
   <trkpt lat="41.95817" lon="3.0568400000000002">
    <ele>52.43000000000001</ele>
   </trkpt>
   <trkpt lat="41.958090000000006" lon="3.05662">
    <ele>52.76</ele>
   </trkpt>
   <trkpt lat="41.957980000000006" lon="3.05627">
    <ele>53.32000000000001</ele>
   </trkpt>
   <trkpt lat="41.957950000000004" lon="3.0559700000000003">
    <ele>53.470000000000006</ele>
   </trkpt>
   <trkpt lat="41.95794000697735" lon="3.055073333101319">
    <ele>54.38</ele>
   </trkpt>
   <trkpt lat="41.95793000697791" lon="3.054176666483946">
    <ele>58.29</ele>
   </trkpt>
   <trkpt lat="41.95792" lon="3.0532800000000004">
    <ele>60.89000000000001</ele>
   </trkpt>
   <trkpt lat="41.957910000000005" lon="3.05296">
    <ele>60.89000000000001</ele>
   </trkpt>
   <trkpt lat="41.95781" lon="3.0523800000000003">
    <ele>63.17</ele>
   </trkpt>
   <trkpt lat="41.95767" lon="3.05195">
    <ele>66.30000000000001</ele>
   </trkpt>
   <trkpt lat="41.95756" lon="3.05174">
    <ele>66.77000000000001</ele>
   </trkpt>
   <trkpt lat="41.95721" lon="3.0511600000000003">
    <ele>67.68</ele>
   </trkpt>
   <trkpt lat="41.95713000000001" lon="3.0509800000000005">
    <ele>67.47</ele>
   </trkpt>
   <trkpt lat="41.956920000000004" lon="3.0504300000000004">
    <ele>66.28</ele>
   </trkpt>
   <trkpt lat="41.95685" lon="3.05018">
    <ele>66.28</ele>
   </trkpt>
   <trkpt lat="41.956810000000004" lon="3.0499300000000003">
    <ele>65.74000000000001</ele>
   </trkpt>
   <trkpt lat="41.95678" lon="3.0494800000000004">
    <ele>64.81</ele>
   </trkpt>
   <trkpt lat="41.95682" lon="3.0489400000000004">
    <ele>64.30000000000001</ele>
   </trkpt>
   <trkpt lat="41.95698" lon="3.04829">
    <ele>63.22</ele>
   </trkpt>
   <trkpt lat="41.957240000000006" lon="3.04746">
    <ele>61.27</ele>
   </trkpt>
   <trkpt lat="41.957530000000006" lon="3.0469500000000003">
    <ele>60.53000000000001</ele>
   </trkpt>
   <trkpt lat="41.95754" lon="3.04686">
    <ele>59.27</ele>
   </trkpt>
   <trkpt lat="41.95752" lon="3.04671">
    <ele>59.24000000000001</ele>
   </trkpt>
   <trkpt lat="41.957460000000005" lon="3.0466100000000003">
    <ele>58.300000000000004</ele>
   </trkpt>
   <trkpt lat="41.95740000000001" lon="3.04658">
    <ele>58.300000000000004</ele>
   </trkpt>
   <trkpt lat="41.95727" lon="3.0463500000000003">
    <ele>56.550000000000004</ele>
   </trkpt>
   <trkpt lat="41.957025009671824" lon="3.045487490013888">
    <ele>53.69</ele>
   </trkpt>
   <trkpt lat="41.956780012888316" lon="3.0446249866592003">
    <ele>51.10000000000001</ele>
   </trkpt>
   <trkpt lat="41.95653500964961" lon="3.043762489936003">
    <ele>49.42</ele>
   </trkpt>
   <trkpt lat="41.95629" lon="3.0429000000000004">
    <ele>47.41</ele>
   </trkpt>
   <trkpt lat="41.95622000307437" lon="3.0420599992330217">
    <ele>46.00000000000001</ele>
   </trkpt>
   <trkpt lat="41.95615" lon="3.04122">
    <ele>45.160000000000004</ele>
   </trkpt>
   <trkpt lat="41.95620667298981" lon="3.0403666681175463">
    <ele>44.36</ele>
   </trkpt>
   <trkpt lat="41.95626333966091" lon="3.039513334717527">
    <ele>43.54</ele>
   </trkpt>
   <trkpt lat="41.956320000000005" lon="3.03866">
    <ele>43.13</ele>
   </trkpt>
   <trkpt lat="41.95629000309489" lon="3.037814999515981">
    <ele>42.440000000000005</ele>
   </trkpt>
   <trkpt lat="41.95626" lon="3.03697">
    <ele>42.480000000000004</ele>
   </trkpt>
   <trkpt lat="41.95548" lon="3.03723">
    <ele>43.14</ele>
   </trkpt>
   <trkpt lat="41.95515" lon="3.0370800000000004">
    <ele>43.14</ele>
   </trkpt>
   <trkpt lat="41.95459500036262" lon="3.036789997473515">
    <ele>43.7</ele>
   </trkpt>
   <trkpt lat="41.954040000000006" lon="3.0365">
    <ele>44.51</ele>
   </trkpt>
   <trkpt lat="41.95362" lon="3.0357900000000004">
    <ele>45.1</ele>
   </trkpt>
   <trkpt lat="41.95314750992491" lon="3.0349174806264383">
    <ele>45.28</ele>
   </trkpt>
   <trkpt lat="41.95267501324396" lon="3.034044974188821">
    <ele>45.03</ele>
   </trkpt>
   <trkpt lat="41.95220250995734" lon="3.0331724806869227">
    <ele>44.58</ele>
   </trkpt>
   <trkpt lat="41.951730000000005" lon="3.0323">
    <ele>44.04</ele>
   </trkpt>
   <trkpt lat="41.95165" lon="3.0322000000000005">
    <ele>43.940000000000005</ele>
   </trkpt>
   <trkpt lat="41.951480000000004" lon="3.0320600000000004">
    <ele>43.76</ele>
   </trkpt>
   <trkpt lat="41.95067000595815" lon="3.031645513423954">
    <ele>43.0</ele>
   </trkpt>
   <trkpt lat="41.94986001042559" lon="3.0312310373815845">
    <ele>44.9</ele>
   </trkpt>
   <trkpt lat="41.94905001340241" lon="3.030816571872342">
    <ele>46.830000000000005</ele>
   </trkpt>
   <trkpt lat="41.948240014888675" lon="3.0304021168956803">
    <ele>48.25</ele>
   </trkpt>
   <trkpt lat="41.947430014884496" lon="3.029987672451052">
    <ele>47.49</ele>
   </trkpt>
   <trkpt lat="41.946620013389904" lon="3.0295732385379077">
    <ele>48.040000000000006</ele>
   </trkpt>
   <trkpt lat="41.94581001040501" lon="3.029158815155701">
    <ele>48.11000000000001</ele>
   </trkpt>
   <trkpt lat="41.945000005929906" lon="3.0287444023038836">
    <ele>48.730000000000004</ele>
   </trkpt>
   <trkpt lat="41.944190000000006" lon="3.0283300000000004">
    <ele>49.230000000000004</ele>
   </trkpt>
   <trkpt lat="41.94338500065509" lon="3.027929994930394">
    <ele>49.38000000000001</ele>
   </trkpt>
   <trkpt lat="41.94258000000001" lon="3.02753">
    <ele>49.550000000000004</ele>
   </trkpt>
   <trkpt lat="41.942170000000004" lon="3.02748">
    <ele>49.75</ele>
   </trkpt>
   <trkpt lat="41.94201" lon="3.0275000000000003">
    <ele>49.75</ele>
   </trkpt>
   <trkpt lat="41.94187" lon="3.02754">
    <ele>49.89</ele>
   </trkpt>
   <trkpt lat="41.941590000000005" lon="3.02769">
    <ele>49.93</ele>
   </trkpt>
   <trkpt lat="41.9414" lon="3.0278400000000003">
    <ele>49.93</ele>
   </trkpt>
   <trkpt lat="41.940850000000005" lon="3.0284400000000002">
    <ele>49.75</ele>
   </trkpt>
   <trkpt lat="41.940420000853614" lon="3.0288850030064873">
    <ele>49.82</ele>
   </trkpt>
   <trkpt lat="41.93999" lon="3.0293300000000003">
    <ele>50.150000000000006</ele>
   </trkpt>
   <trkpt lat="41.93954" lon="3.0296800000000004">
    <ele>50.06000000000001</ele>
   </trkpt>
   <trkpt lat="41.939350000000005" lon="3.0297500000000004">
    <ele>50.0</ele>
   </trkpt>
   <trkpt lat="41.93907" lon="3.0297500000000004">
    <ele>49.7</ele>
   </trkpt>
   <trkpt lat="41.938700000000004" lon="3.02963">
    <ele>49.34</ele>
   </trkpt>
   <trkpt lat="41.9382" lon="3.02938">
    <ele>49.080000000000005</ele>
   </trkpt>
   <trkpt lat="41.93762" lon="3.0293400000000004">
    <ele>49.13</ele>
   </trkpt>
   <trkpt lat="41.93701333420655" lon="3.029653339283595">
    <ele>50.050000000000004</ele>
   </trkpt>
   <trkpt lat="41.9364066675612" lon="3.0299666726058327">
    <ele>51.46000000000001</ele>
   </trkpt>
   <trkpt lat="41.9358" lon="3.0302800000000003">
    <ele>52.45</ele>
   </trkpt>
   <trkpt lat="41.935390000000005" lon="3.0303700000000005">
    <ele>52.94</ele>
   </trkpt>
   <trkpt lat="41.93497000000001" lon="3.0302800000000003">
    <ele>53.120000000000005</ele>
   </trkpt>
   <trkpt lat="41.93427000183585" lon="3.029904987656053">
    <ele>53.75000000000001</ele>
   </trkpt>
   <trkpt lat="41.93357000245147" lon="3.029529983543641">
    <ele>54.75000000000001</ele>
   </trkpt>
   <trkpt lat="41.932870001846936" lon="3.029154987662394">
    <ele>55.31</ele>
   </trkpt>
   <trkpt lat="41.932170000000006" lon="3.0287800000000002">
    <ele>55.89</ele>
   </trkpt>
   <trkpt lat="41.93173000034664" lon="3.028474997856631">
    <ele>56.85</ele>
   </trkpt>
   <trkpt lat="41.931290000000004" lon="3.0281700000000003">
    <ele>57.1</ele>
   </trkpt>
   <trkpt lat="41.93064000261261" lon="3.027623322208921">
    <ele>58.18</ele>
   </trkpt>
   <trkpt lat="41.92999000263219" lon="3.027076655558912">
    <ele>59.760000000000005</ele>
   </trkpt>
   <trkpt lat="41.92934" lon="3.02653">
    <ele>60.7</ele>
   </trkpt>
   <trkpt lat="41.928940000000004" lon="3.0262200000000004">
    <ele>61.190000000000005</ele>
   </trkpt>
   <trkpt lat="41.928274005321846" lon="3.0256659768620824">
    <ele>61.75000000000001</ele>
   </trkpt>
   <trkpt lat="41.92760800798055" lon="3.0251119652918463">
    <ele>62.870000000000005</ele>
   </trkpt>
   <trkpt lat="41.926942007976244" lon="3.024557965288826">
    <ele>64.08000000000001</ele>
   </trkpt>
   <trkpt lat="41.92627600530904" lon="3.0240039768525544">
    <ele>65.28</ele>
   </trkpt>
   <trkpt lat="41.925610000000006" lon="3.0234500000000004">
    <ele>66.61</ele>
   </trkpt>
   <trkpt lat="41.92507333498363" lon="3.023013325983894">
    <ele>66.61</ele>
   </trkpt>
   <trkpt lat="41.9245366683128" lon="3.0225766593139443">
    <ele>68.13000000000001</ele>
   </trkpt>
   <trkpt lat="41.92400000000001" lon="3.0221400000000003">
    <ele>68.97</ele>
   </trkpt>
   <trkpt lat="41.9239" lon="3.02197">
    <ele>69.35000000000001</ele>
   </trkpt>
   <trkpt lat="41.92389" lon="3.02184">
    <ele>69.35000000000001</ele>
   </trkpt>
   <trkpt lat="41.92391000000001" lon="3.0216700000000003">
    <ele>70.05</ele>
   </trkpt>
   <trkpt lat="41.92401" lon="3.02136">
    <ele>70.54</ele>
   </trkpt>
   <trkpt lat="41.92401" lon="3.0212800000000004">
    <ele>70.54</ele>
   </trkpt>
   <trkpt lat="41.923970000000004" lon="3.0211900000000003">
    <ele>70.48</ele>
   </trkpt>
   <trkpt lat="41.92389" lon="3.0211400000000004">
    <ele>70.45000000000002</ele>
   </trkpt>
   <trkpt lat="41.923460000000006" lon="3.02103">
    <ele>70.66</ele>
   </trkpt>
   <trkpt lat="41.923210000000005" lon="3.0209400000000004">
    <ele>71.23</ele>
   </trkpt>
   <trkpt lat="41.92259000000001" lon="3.02082">
    <ele>71.60000000000001</ele>
   </trkpt>
   <trkpt lat="41.92239" lon="3.0208700000000004">
    <ele>71.51</ele>
   </trkpt>
   <trkpt lat="41.92231" lon="3.02091">
    <ele>71.51</ele>
   </trkpt>
   <trkpt lat="41.922160000000005" lon="3.0210600000000003">
    <ele>71.51</ele>
   </trkpt>
   <trkpt lat="41.92179" lon="3.02152">
    <ele>71.53000000000002</ele>
   </trkpt>
   <trkpt lat="41.921310000000005" lon="3.02206">
    <ele>72.12</ele>
   </trkpt>
   <trkpt lat="41.92078333665656" lon="3.022680010248479">
    <ele>72.96000000000001</ele>
   </trkpt>
   <trkpt lat="41.9202566699779" lon="3.023300010262454">
    <ele>73.79</ele>
   </trkpt>
   <trkpt lat="41.91973" lon="3.0239200000000004">
    <ele>74.68</ele>
   </trkpt>
   <trkpt lat="41.919230000000006" lon="3.02449">
    <ele>75.56</ele>
   </trkpt>
   <trkpt lat="41.91906" lon="3.02462">
    <ele>75.86000000000001</ele>
   </trkpt>
   <trkpt lat="41.91879" lon="3.0247400000000004">
    <ele>76.13</ele>
   </trkpt>
   <trkpt lat="41.91861" lon="3.02476">
    <ele>76.13</ele>
   </trkpt>
   <trkpt lat="41.918330000000005" lon="3.0247400000000004">
    <ele>76.51</ele>
   </trkpt>
   <trkpt lat="41.917540000052696" lon="3.024745000061562">
    <ele>78.45</ele>
   </trkpt>
   <trkpt lat="41.91675" lon="3.02475">
    <ele>80.51</ele>
   </trkpt>
   <trkpt lat="41.916610000000006" lon="3.0247800000000002">
    <ele>80.51</ele>
   </trkpt>
   <trkpt lat="41.91649" lon="3.02484">
    <ele>80.91000000000001</ele>
   </trkpt>
   <trkpt lat="41.916290000000004" lon="3.0250600000000003">
    <ele>81.19000000000001</ele>
   </trkpt>
   <trkpt lat="41.91617" lon="3.0252800000000004">
    <ele>81.39</ele>
   </trkpt>
   <trkpt lat="41.915940000000006" lon="3.0259500000000004">
    <ele>82.57000000000001</ele>
   </trkpt>
   <trkpt lat="41.915820000000004" lon="3.02617">
    <ele>83.4</ele>
   </trkpt>
   <trkpt lat="41.91554" lon="3.02645">
    <ele>84.0</ele>
   </trkpt>
   <trkpt lat="41.91501" lon="3.0269000000000004">
    <ele>86.72</ele>
   </trkpt>
   <trkpt lat="41.91483" lon="3.0270900000000003">
    <ele>87.65</ele>
   </trkpt>
   <trkpt lat="41.91474" lon="3.0272300000000003">
    <ele>87.65</ele>
   </trkpt>
   <trkpt lat="41.91435500393931" lon="3.028175005540003">
    <ele>89.47000000000001</ele>
   </trkpt>
   <trkpt lat="41.913970000000006" lon="3.0291200000000003">
    <ele>89.52</ele>
   </trkpt>
   <trkpt lat="41.91382" lon="3.02938">
    <ele>89.53000000000002</ele>
   </trkpt>
   <trkpt lat="41.91375" lon="3.0294600000000003">
    <ele>89.53000000000002</ele>
   </trkpt>
   <trkpt lat="41.91317" lon="3.02991">
    <ele>90.11000000000001</ele>
   </trkpt>
   <trkpt lat="41.912760000000006" lon="3.0302000000000002">
    <ele>91.23</ele>
   </trkpt>
   <trkpt lat="41.912310000000005" lon="3.0305700000000004">
    <ele>92.14000000000001</ele>
   </trkpt>
   <trkpt lat="41.912200000000006" lon="3.0306300000000004">
    <ele>93.66000000000001</ele>
   </trkpt>
   <trkpt lat="41.91208" lon="3.03067">
    <ele>93.66000000000001</ele>
   </trkpt>
   <trkpt lat="41.91198000000001" lon="3.03065">
    <ele>93.66000000000001</ele>
   </trkpt>
   <trkpt lat="41.91113" lon="3.0302800000000003">
    <ele>95.09</ele>
   </trkpt>
   <trkpt lat="41.910900000000005" lon="3.0302000000000002">
    <ele>95.27000000000001</ele>
   </trkpt>
   <trkpt lat="41.910790000000006" lon="3.0302100000000003">
    <ele>95.85000000000001</ele>
   </trkpt>
   <trkpt lat="41.91067" lon="3.0302800000000003">
    <ele>95.85000000000001</ele>
   </trkpt>
   <trkpt lat="41.910310000715675" lon="3.030700002426449">
    <ele>96.54</ele>
   </trkpt>
   <trkpt lat="41.90995" lon="3.03112">
    <ele>97.56</ele>
   </trkpt>
   <trkpt lat="41.90932" lon="3.0318300000000002">
    <ele>98.37</ele>
   </trkpt>
   <trkpt lat="41.909200000000006" lon="3.03201">
    <ele>98.81</ele>
   </trkpt>
   <trkpt lat="41.90914" lon="3.03215">
    <ele>99.09</ele>
   </trkpt>
   <trkpt lat="41.90889667760388" lon="3.0332733419466074">
    <ele>100.21000000000001</ele>
   </trkpt>
   <trkpt lat="41.90865334425974" lon="3.0343966753295812">
    <ele>101.95000000000002</ele>
   </trkpt>
   <trkpt lat="41.90841" lon="3.0355200000000004">
    <ele>103.22</ele>
   </trkpt>
   <trkpt lat="41.908350000000006" lon="3.0357200000000004">
    <ele>103.22</ele>
   </trkpt>
   <trkpt lat="41.908210000000004" lon="3.0359700000000003">
    <ele>104.14000000000001</ele>
   </trkpt>
   <trkpt lat="41.90811" lon="3.03608">
    <ele>104.14000000000001</ele>
   </trkpt>
   <trkpt lat="41.90785" lon="3.0362400000000003">
    <ele>104.28000000000002</ele>
   </trkpt>
   <trkpt lat="41.907050000000005" lon="3.0365900000000003">
    <ele>105.84</ele>
   </trkpt>
   <trkpt lat="41.9069" lon="3.03683">
    <ele>106.12</ele>
   </trkpt>
   <trkpt lat="41.90650500345674" lon="3.0377200054599256">
    <ele>110.49000000000001</ele>
   </trkpt>
   <trkpt lat="41.906110000000005" lon="3.0386100000000003">
    <ele>115.58000000000001</ele>
   </trkpt>
   <trkpt lat="41.90597" lon="3.0388800000000002">
    <ele>116.08</ele>
   </trkpt>
   <trkpt lat="41.90588" lon="3.0390200000000003">
    <ele>117.24000000000001</ele>
   </trkpt>
   <trkpt lat="41.90532" lon="3.03968">
    <ele>120.63000000000001</ele>
   </trkpt>
   <trkpt lat="41.90484" lon="3.0404400000000003">
    <ele>121.99000000000001</ele>
   </trkpt>
   <trkpt lat="41.904540000000004" lon="3.0410000000000004">
    <ele>123.17000000000002</ele>
   </trkpt>
   <trkpt lat="41.90446" lon="3.04136">
    <ele>124.27</ele>
   </trkpt>
   <trkpt lat="41.90435" lon="3.0416600000000003">
    <ele>125.99000000000001</ele>
   </trkpt>
   <trkpt lat="41.904090000000004" lon="3.04198">
    <ele>127.48</ele>
   </trkpt>
   <trkpt lat="41.903980000000004" lon="3.04199">
    <ele>129.03</ele>
   </trkpt>
   <trkpt lat="41.903670000000005" lon="3.0418100000000003">
    <ele>130.14000000000001</ele>
   </trkpt>
   <trkpt lat="41.90353" lon="3.04177">
    <ele>130.98000000000002</ele>
   </trkpt>
   <trkpt lat="41.90343" lon="3.0418200000000004">
    <ele>130.98000000000002</ele>
   </trkpt>
   <trkpt lat="41.903360000000006" lon="3.0419600000000004">
    <ele>131.62</ele>
   </trkpt>
   <trkpt lat="41.903380000000006" lon="3.04211">
    <ele>132.15</ele>
   </trkpt>
   <trkpt lat="41.90355" lon="3.0423400000000003">
    <ele>134.17000000000002</ele>
   </trkpt>
   <trkpt lat="41.90361" lon="3.04246">
    <ele>134.68</ele>
   </trkpt>
   <trkpt lat="41.90359" lon="3.0426100000000003">
    <ele>135.17000000000002</ele>
   </trkpt>
   <trkpt lat="41.90339" lon="3.043">
    <ele>137.20000000000002</ele>
   </trkpt>
   <trkpt lat="41.90321" lon="3.04353">
    <ele>139.08</ele>
   </trkpt>
   <trkpt lat="41.902950000000004" lon="3.0439900000000004">
    <ele>142.65</ele>
   </trkpt>
   <trkpt lat="41.90285" lon="3.0440400000000003">
    <ele>142.65</ele>
   </trkpt>
   <trkpt lat="41.90272" lon="3.0440600000000004">
    <ele>145.00000000000003</ele>
   </trkpt>
   <trkpt lat="41.90245" lon="3.0440400000000003">
    <ele>145.96</ele>
   </trkpt>
   <trkpt lat="41.90236" lon="3.0441100000000003">
    <ele>147.20000000000002</ele>
   </trkpt>
   <trkpt lat="41.90231" lon="3.0442600000000004">
    <ele>148.85</ele>
   </trkpt>
   <trkpt lat="41.90232" lon="3.04443">
    <ele>148.85</ele>
   </trkpt>
   <trkpt lat="41.90238" lon="3.0447200000000003">
    <ele>149.9</ele>
   </trkpt>
   <trkpt lat="41.90238" lon="3.04488">
    <ele>152.12</ele>
   </trkpt>
   <trkpt lat="41.90223" lon="3.0456900000000005">
    <ele>157.60999999999999</ele>
   </trkpt>
   <trkpt lat="41.902170000000005" lon="3.0458200000000004">
    <ele>158.28</ele>
   </trkpt>
   <trkpt lat="41.902100000000004" lon="3.0458700000000003">
    <ele>158.28</ele>
   </trkpt>
   <trkpt lat="41.901970000000006" lon="3.04592">
    <ele>159.88000000000002</ele>
   </trkpt>
   <trkpt lat="41.90162" lon="3.0459600000000004">
    <ele>162.79000000000002</ele>
   </trkpt>
   <trkpt lat="41.90149" lon="3.0460200000000004">
    <ele>162.79000000000002</ele>
   </trkpt>
   <trkpt lat="41.90142" lon="3.0460900000000004">
    <ele>164.79000000000002</ele>
   </trkpt>
   <trkpt lat="41.90124" lon="3.04644">
    <ele>167.44</ele>
   </trkpt>
   <trkpt lat="41.900960000000005" lon="3.04659">
    <ele>168.62</ele>
   </trkpt>
   <trkpt lat="41.9009" lon="3.04673">
    <ele>168.9</ele>
   </trkpt>
   <trkpt lat="41.90093" lon="3.04687">
    <ele>169.36</ele>
   </trkpt>
   <trkpt lat="41.90106" lon="3.0470200000000003">
    <ele>170.12</ele>
   </trkpt>
   <trkpt lat="41.9012" lon="3.04713">
    <ele>170.42000000000002</ele>
   </trkpt>
   <trkpt lat="41.90128000000001" lon="3.0472400000000004">
    <ele>170.42000000000002</ele>
   </trkpt>
   <trkpt lat="41.901390000000006" lon="3.04746">
    <ele>171.54000000000002</ele>
   </trkpt>
   <trkpt lat="41.901410000000006" lon="3.04762">
    <ele>172.06</ele>
   </trkpt>
   <trkpt lat="41.90138" lon="3.0477900000000004">
    <ele>172.06</ele>
   </trkpt>
   <trkpt lat="41.901230000000005" lon="3.04827">
    <ele>174.37000000000003</ele>
   </trkpt>
   <trkpt lat="41.90111" lon="3.04883">
    <ele>177.01</ele>
   </trkpt>
   <trkpt lat="41.900940000000006" lon="3.0500000000000003">
    <ele>184.19000000000003</ele>
   </trkpt>
   <trkpt lat="41.900890000000004" lon="3.0502200000000004">
    <ele>185.87</ele>
   </trkpt>
   <trkpt lat="41.900800000000004" lon="3.0503700000000005">
    <ele>185.87</ele>
   </trkpt>
   <trkpt lat="41.9007" lon="3.05045">
    <ele>186.92</ele>
   </trkpt>
   <trkpt lat="41.900310000000005" lon="3.05053">
    <ele>188.76000000000002</ele>
   </trkpt>
   <trkpt lat="41.90023" lon="3.0506200000000003">
    <ele>189.06</ele>
   </trkpt>
   <trkpt lat="41.900200000000005" lon="3.0507500000000003">
    <ele>189.33</ele>
   </trkpt>
   <trkpt lat="41.900220000000004" lon="3.05092">
    <ele>189.56</ele>
   </trkpt>
   <trkpt lat="41.9003" lon="3.0511100000000004">
    <ele>189.97000000000003</ele>
   </trkpt>
   <trkpt lat="41.90034" lon="3.05128">
    <ele>190.41000000000003</ele>
   </trkpt>
   <trkpt lat="41.900310000000005" lon="3.0514500000000004">
    <ele>190.95000000000002</ele>
   </trkpt>
   <trkpt lat="41.90025000000001" lon="3.05162">
    <ele>191.4</ele>
   </trkpt>
   <trkpt lat="41.900150000000004" lon="3.0517900000000004">
    <ele>193.19000000000003</ele>
   </trkpt>
   <trkpt lat="41.89996" lon="3.052">
    <ele>195.56</ele>
   </trkpt>
   <trkpt lat="41.899820000000005" lon="3.05208">
    <ele>195.56</ele>
   </trkpt>
   <trkpt lat="41.89954" lon="3.0521700000000003">
    <ele>198.19</ele>
   </trkpt>
   <trkpt lat="41.899440000000006" lon="3.05228">
    <ele>198.19</ele>
   </trkpt>
   <trkpt lat="41.899170000000005" lon="3.0527300000000004">
    <ele>202.22</ele>
   </trkpt>
   <trkpt lat="41.899150000000006" lon="3.0531200000000003">
    <ele>203.43000000000004</ele>
   </trkpt>
   <trkpt lat="41.89913000000001" lon="3.0532000000000004">
    <ele>205.32000000000002</ele>
   </trkpt>
   <trkpt lat="41.89896" lon="3.0535500000000004">
    <ele>205.96</ele>
   </trkpt>
   <trkpt lat="41.898880000000005" lon="3.0538100000000004">
    <ele>207.03</ele>
   </trkpt>
   <trkpt lat="41.8988" lon="3.0539500000000004">
    <ele>209.14000000000001</ele>
   </trkpt>
   <trkpt lat="41.89840000044598" lon="3.054270002002927">
    <ele>210.62000000000003</ele>
   </trkpt>
   <trkpt lat="41.898" lon="3.05459">
    <ele>209.74</ele>
   </trkpt>
   <trkpt lat="41.89788" lon="3.05473">
    <ele>209.47</ele>
   </trkpt>
   <trkpt lat="41.89781000000001" lon="3.0549000000000004">
    <ele>209.24</ele>
   </trkpt>
   <trkpt lat="41.897760000000005" lon="3.05519">
    <ele>208.98000000000002</ele>
   </trkpt>
   <trkpt lat="41.89775" lon="3.05541">
    <ele>208.85</ele>
   </trkpt>
   <trkpt lat="41.89777" lon="3.05553">
    <ele>208.85</ele>
   </trkpt>
   <trkpt lat="41.89784" lon="3.0556500000000004">
    <ele>208.57</ele>
   </trkpt>
   <trkpt lat="41.8979" lon="3.0558300000000003">
    <ele>208.57</ele>
   </trkpt>
   <trkpt lat="41.8979" lon="3.0559900000000004">
    <ele>208.57</ele>
   </trkpt>
   <trkpt lat="41.89777" lon="3.05635">
    <ele>208.54000000000002</ele>
   </trkpt>
   <trkpt lat="41.89772000248159" lon="3.057110000958332">
    <ele>208.48000000000002</ele>
   </trkpt>
   <trkpt lat="41.897670000000005" lon="3.0578700000000003">
    <ele>208.82</ele>
   </trkpt>
   <trkpt lat="41.89761" lon="3.05846">
    <ele>208.83</ele>
   </trkpt>
   <trkpt lat="41.89757" lon="3.0585700000000005">
    <ele>208.83</ele>
   </trkpt>
   <trkpt lat="41.89744" lon="3.0586300000000004">
    <ele>208.42000000000002</ele>
   </trkpt>
   <trkpt lat="41.897330000000004" lon="3.05858">
    <ele>208.42000000000002</ele>
   </trkpt>
   <trkpt lat="41.89725000000001" lon="3.0584300000000004">
    <ele>208.19</ele>
   </trkpt>
   <trkpt lat="41.89716000000001" lon="3.0581500000000004">
    <ele>207.33</ele>
   </trkpt>
   <trkpt lat="41.8971" lon="3.0579">
    <ele>207.02</ele>
   </trkpt>
   <trkpt lat="41.89705" lon="3.0574500000000002">
    <ele>205.29000000000002</ele>
   </trkpt>
   <trkpt lat="41.89706" lon="3.05715">
    <ele>204.55</ele>
   </trkpt>
   <trkpt lat="41.897110000000005" lon="3.0566600000000004">
    <ele>203.15000000000003</ele>
   </trkpt>
   <trkpt lat="41.89707000000001" lon="3.05648">
    <ele>202.73000000000002</ele>
   </trkpt>
   <trkpt lat="41.89697" lon="3.0563800000000003">
    <ele>201.15</ele>
   </trkpt>
   <trkpt lat="41.89681" lon="3.0563900000000004">
    <ele>200.67000000000002</ele>
   </trkpt>
   <trkpt lat="41.89672" lon="3.05642">
    <ele>200.67000000000002</ele>
   </trkpt>
   <trkpt lat="41.89593" lon="3.05689">
    <ele>195.27</ele>
   </trkpt>
   <trkpt lat="41.89575000000001" lon="3.05702">
    <ele>193.98000000000002</ele>
   </trkpt>
   <trkpt lat="41.89567" lon="3.05709">
    <ele>193.98000000000002</ele>
   </trkpt>
   <trkpt lat="41.895500000000006" lon="3.0574500000000002">
    <ele>192.99</ele>
   </trkpt>
   <trkpt lat="41.895360000000004" lon="3.0574500000000002">
    <ele>191.02</ele>
   </trkpt>
   <trkpt lat="41.895210000000006" lon="3.0574000000000003">
    <ele>190.49</ele>
   </trkpt>
   <trkpt lat="41.89504" lon="3.0574700000000004">
    <ele>189.16000000000003</ele>
   </trkpt>
   <trkpt lat="41.894490000000005" lon="3.0578800000000004">
    <ele>186.37</ele>
   </trkpt>
   <trkpt lat="41.894400000000005" lon="3.05805">
    <ele>185.03000000000003</ele>
   </trkpt>
   <trkpt lat="41.89437" lon="3.0582200000000004">
    <ele>184.61</ele>
   </trkpt>
   <trkpt lat="41.894400000000005" lon="3.0586300000000004">
    <ele>183.73</ele>
   </trkpt>
   <trkpt lat="41.89439" lon="3.05905">
    <ele>182.26</ele>
   </trkpt>
   <trkpt lat="41.89434000000001" lon="3.0592200000000003">
    <ele>181.89000000000001</ele>
   </trkpt>
   <trkpt lat="41.89423" lon="3.05933">
    <ele>180.65</ele>
   </trkpt>
   <trkpt lat="41.8941" lon="3.0593100000000004">
    <ele>180.65</ele>
   </trkpt>
   <trkpt lat="41.893660000000004" lon="3.0587400000000002">
    <ele>178.22000000000003</ele>
   </trkpt>
   <trkpt lat="41.893510000000006" lon="3.0586900000000004">
    <ele>177.75000000000003</ele>
   </trkpt>
   <trkpt lat="41.893330000000006" lon="3.0587600000000004">
    <ele>177.25000000000003</ele>
   </trkpt>
   <trkpt lat="41.89305" lon="3.05893">
    <ele>176.20000000000002</ele>
   </trkpt>
   <trkpt lat="41.89265" lon="3.0590200000000003">
    <ele>173.91</ele>
   </trkpt>
   <trkpt lat="41.892500000000005" lon="3.0591500000000003">
    <ele>173.56</ele>
   </trkpt>
   <trkpt lat="41.892410000000005" lon="3.0593500000000002">
    <ele>173.09000000000003</ele>
   </trkpt>
   <trkpt lat="41.8924" lon="3.0595700000000003">
    <ele>172.19</ele>
   </trkpt>
   <trkpt lat="41.89246000000001" lon="3.0597800000000004">
    <ele>172.19</ele>
   </trkpt>
   <trkpt lat="41.89247" lon="3.0599700000000003">
    <ele>171.51000000000002</ele>
   </trkpt>
   <trkpt lat="41.892390000000006" lon="3.0601100000000003">
    <ele>171.11</ele>
   </trkpt>
   <trkpt lat="41.89226" lon="3.0601200000000004">
    <ele>170.23000000000002</ele>
   </trkpt>
   <trkpt lat="41.89211" lon="3.06002">
    <ele>168.88</ele>
   </trkpt>
   <trkpt lat="41.89175" lon="3.05954">
    <ele>166.54000000000002</ele>
   </trkpt>
   <trkpt lat="41.89159" lon="3.05941">
    <ele>165.72</ele>
   </trkpt>
   <trkpt lat="41.89141" lon="3.0593600000000003">
    <ele>164.98000000000002</ele>
   </trkpt>
   <trkpt lat="41.891310000000004" lon="3.0593700000000004">
    <ele>164.98000000000002</ele>
   </trkpt>
   <trkpt lat="41.89112" lon="3.0594300000000003">
    <ele>163.88000000000002</ele>
   </trkpt>
   <trkpt lat="41.890980000000006" lon="3.05955">
    <ele>163.63000000000002</ele>
   </trkpt>
   <trkpt lat="41.890890000000006" lon="3.05975">
    <ele>163.19</ele>
   </trkpt>
   <trkpt lat="41.890930000000004" lon="3.06021">
    <ele>162.18</ele>
   </trkpt>
   <trkpt lat="41.8909" lon="3.0604000000000005">
    <ele>160.92000000000002</ele>
   </trkpt>
   <trkpt lat="41.89079" lon="3.0605">
    <ele>159.74</ele>
   </trkpt>
   <trkpt lat="41.89067" lon="3.0604400000000003">
    <ele>159.74</ele>
   </trkpt>
   <trkpt lat="41.89049000000001" lon="3.06007">
    <ele>158.12</ele>
   </trkpt>
   <trkpt lat="41.89043" lon="3.0599800000000004">
    <ele>156.95000000000002</ele>
   </trkpt>
   <trkpt lat="41.89036" lon="3.0599000000000003">
    <ele>156.95000000000002</ele>
   </trkpt>
   <trkpt lat="41.8902" lon="3.0598">
    <ele>156.28</ele>
   </trkpt>
   <trkpt lat="41.89005" lon="3.05982">
    <ele>154.64</ele>
   </trkpt>
   <trkpt lat="41.88993000000001" lon="3.0599600000000002">
    <ele>154.64</ele>
   </trkpt>
   <trkpt lat="41.889770000000006" lon="3.0602500000000004">
    <ele>153.05</ele>
   </trkpt>
   <trkpt lat="41.889630000000004" lon="3.0603800000000003">
    <ele>152.47000000000003</ele>
   </trkpt>
   <trkpt lat="41.88937000000001" lon="3.0604400000000003">
    <ele>151.60000000000002</ele>
   </trkpt>
   <trkpt lat="41.88890000000001" lon="3.0607200000000003">
    <ele>149.73</ele>
   </trkpt>
   <trkpt lat="41.888780000000004" lon="3.0608500000000003">
    <ele>148.67000000000002</ele>
   </trkpt>
   <trkpt lat="41.88875" lon="3.06103">
    <ele>148.36</ele>
   </trkpt>
   <trkpt lat="41.88881000000001" lon="3.0612100000000004">
    <ele>147.74</ele>
   </trkpt>
   <trkpt lat="41.888920000000006" lon="3.06138">
    <ele>147.31000000000003</ele>
   </trkpt>
   <trkpt lat="41.888940000000005" lon="3.06157">
    <ele>147.31000000000003</ele>
   </trkpt>
   <trkpt lat="41.888870000000004" lon="3.06171">
    <ele>145.78000000000003</ele>
   </trkpt>
   <trkpt lat="41.888720000000006" lon="3.06178">
    <ele>145.78000000000003</ele>
   </trkpt>
   <trkpt lat="41.888450000000006" lon="3.06185">
    <ele>144.57</ele>
   </trkpt>
   <trkpt lat="41.88835" lon="3.06185">
    <ele>144.57</ele>
   </trkpt>
   <trkpt lat="41.88787000000001" lon="3.0617500000000004">
    <ele>141.88</ele>
   </trkpt>
   <trkpt lat="41.887690000000006" lon="3.06177">
    <ele>141.88</ele>
   </trkpt>
   <trkpt lat="41.88761" lon="3.0618200000000004">
    <ele>140.43</ele>
   </trkpt>
   <trkpt lat="41.88754" lon="3.0618900000000004">
    <ele>140.43</ele>
   </trkpt>
   <trkpt lat="41.887460000000004" lon="3.0620700000000003">
    <ele>139.92000000000002</ele>
   </trkpt>
   <trkpt lat="41.88747" lon="3.0622800000000003">
    <ele>138.58</ele>
   </trkpt>
   <trkpt lat="41.887530000000005" lon="3.0624800000000003">
    <ele>137.81</ele>
   </trkpt>
   <trkpt lat="41.887510000000006" lon="3.0627000000000004">
    <ele>136.43</ele>
   </trkpt>
   <trkpt lat="41.88747" lon="3.0628900000000003">
    <ele>135.94</ele>
   </trkpt>
   <trkpt lat="41.887530000000005" lon="3.06307">
    <ele>135.94</ele>
   </trkpt>
   <trkpt lat="41.887620000000005" lon="3.0632400000000004">
    <ele>133.78</ele>
   </trkpt>
   <trkpt lat="41.887620000000005" lon="3.0634400000000004">
    <ele>133.78</ele>
   </trkpt>
   <trkpt lat="41.88736" lon="3.06394">
    <ele>130.58</ele>
   </trkpt>
   <trkpt lat="41.88725" lon="3.0641000000000003">
    <ele>129.15</ele>
   </trkpt>
   <trkpt lat="41.88711000000001" lon="3.0641700000000003">
    <ele>128.60000000000002</ele>
   </trkpt>
   <trkpt lat="41.886970000000005" lon="3.06408">
    <ele>127.57000000000001</ele>
   </trkpt>
   <trkpt lat="41.886590000000005" lon="3.06346">
    <ele>124.66000000000001</ele>
   </trkpt>
   <trkpt lat="41.88645" lon="3.06327">
    <ele>123.92000000000002</ele>
   </trkpt>
   <trkpt lat="41.88637000000001" lon="3.06321">
    <ele>123.92000000000002</ele>
   </trkpt>
   <trkpt lat="41.886280000000006" lon="3.0631800000000005">
    <ele>122.89000000000001</ele>
   </trkpt>
   <trkpt lat="41.886100000000006" lon="3.0632200000000003">
    <ele>122.89000000000001</ele>
   </trkpt>
   <trkpt lat="41.88602" lon="3.0632800000000002">
    <ele>121.78000000000002</ele>
   </trkpt>
   <trkpt lat="41.88566" lon="3.0636300000000003">
    <ele>120.73</ele>
   </trkpt>
   <trkpt lat="41.88557" lon="3.06374">
    <ele>120.73</ele>
   </trkpt>
   <trkpt lat="41.885510000000004" lon="3.0638300000000003">
    <ele>120.72</ele>
   </trkpt>
   <trkpt lat="41.885450000000006" lon="3.06395">
    <ele>120.08</ele>
   </trkpt>
   <trkpt lat="41.88542" lon="3.06408">
    <ele>120.08</ele>
   </trkpt>
   <trkpt lat="41.88541" lon="3.06434">
    <ele>118.95000000000002</ele>
   </trkpt>
   <trkpt lat="41.88535" lon="3.06455">
    <ele>117.76</ele>
   </trkpt>
   <trkpt lat="41.88521" lon="3.0646700000000004">
    <ele>117.76</ele>
   </trkpt>
   <trkpt lat="41.885040000000004" lon="3.0646400000000003">
    <ele>116.89</ele>
   </trkpt>
   <trkpt lat="41.88481" lon="3.0644600000000004">
    <ele>115.16000000000001</ele>
   </trkpt>
   <trkpt lat="41.88472" lon="3.06443">
    <ele>114.61</ele>
   </trkpt>
   <trkpt lat="41.88463" lon="3.06443">
    <ele>114.61</ele>
   </trkpt>
   <trkpt lat="41.884530000000005" lon="3.0644600000000004">
    <ele>113.13000000000001</ele>
   </trkpt>
   <trkpt lat="41.884350000000005" lon="3.0645900000000004">
    <ele>112.57000000000001</ele>
   </trkpt>
   <trkpt lat="41.884170000000005" lon="3.0647900000000003">
    <ele>112.57000000000001</ele>
   </trkpt>
   <trkpt lat="41.884100000000004" lon="3.0649">
    <ele>108.34</ele>
   </trkpt>
   <trkpt lat="41.88392" lon="3.0652800000000004">
    <ele>108.34</ele>
   </trkpt>
   <trkpt lat="41.883770000000005" lon="3.0654800000000004">
    <ele>106.78000000000002</ele>
   </trkpt>
   <trkpt lat="41.883680000000005" lon="3.0655400000000004">
    <ele>106.78000000000002</ele>
   </trkpt>
   <trkpt lat="41.88302" lon="3.0657">
    <ele>102.54</ele>
   </trkpt>
   <trkpt lat="41.88253" lon="3.0656600000000003">
    <ele>99.42</ele>
   </trkpt>
   <trkpt lat="41.882380000000005" lon="3.06577">
    <ele>98.82000000000001</ele>
   </trkpt>
   <trkpt lat="41.88208" lon="3.0663500000000004">
    <ele>94.09</ele>
   </trkpt>
   <trkpt lat="41.88194" lon="3.0665500000000003">
    <ele>93.50000000000001</ele>
   </trkpt>
   <trkpt lat="41.88176" lon="3.0666800000000003">
    <ele>93.50000000000001</ele>
   </trkpt>
   <trkpt lat="41.88132" lon="3.06679">
    <ele>89.14000000000001</ele>
   </trkpt>
   <trkpt lat="41.8811" lon="3.0668200000000003">
    <ele>87.57000000000001</ele>
   </trkpt>
   <trkpt lat="41.880900000000004" lon="3.0668">
    <ele>86.18</ele>
   </trkpt>
   <trkpt lat="41.88054" lon="3.0666800000000003">
    <ele>84.14</ele>
   </trkpt>
   <trkpt lat="41.880430000000004" lon="3.0667000000000004">
    <ele>83.60000000000001</ele>
   </trkpt>
   <trkpt lat="41.880340000000004" lon="3.06678">
    <ele>83.01</ele>
   </trkpt>
   <trkpt lat="41.880230000000005" lon="3.0670800000000003">
    <ele>80.41000000000001</ele>
   </trkpt>
   <trkpt lat="41.880160000000004" lon="3.06719">
    <ele>80.41000000000001</ele>
   </trkpt>
   <trkpt lat="41.88008000000001" lon="3.06726">
    <ele>80.41000000000001</ele>
   </trkpt>
   <trkpt lat="41.87979000000001" lon="3.06741">
    <ele>77.18</ele>
   </trkpt>
   <trkpt lat="41.879690000000004" lon="3.0674">
    <ele>76.61000000000001</ele>
   </trkpt>
   <trkpt lat="41.8796" lon="3.0673600000000003">
    <ele>76.00000000000001</ele>
   </trkpt>
   <trkpt lat="41.878980000000006" lon="3.0668900000000003">
    <ele>70.98</ele>
   </trkpt>
   <trkpt lat="41.87883" lon="3.0667600000000004">
    <ele>69.18</ele>
   </trkpt>
   <trkpt lat="41.87874" lon="3.0666100000000003">
    <ele>69.18</ele>
   </trkpt>
   <trkpt lat="41.878620000000005" lon="3.0663500000000004">
    <ele>67.57000000000001</ele>
   </trkpt>
   <trkpt lat="41.87837500173565" lon="3.065704997345989">
    <ele>63.6</ele>
   </trkpt>
   <trkpt lat="41.878130000000006" lon="3.0650600000000003">
    <ele>59.31</ele>
   </trkpt>
   <trkpt lat="41.878060000000005" lon="3.0649400000000004">
    <ele>58.74000000000001</ele>
   </trkpt>
   <trkpt lat="41.877970000000005" lon="3.0648400000000002">
    <ele>58.24000000000001</ele>
   </trkpt>
   <trkpt lat="41.8774" lon="3.0644400000000003">
    <ele>56.63</ele>
   </trkpt>
   <trkpt lat="41.87692000035307" lon="3.064119997535856">
    <ele>55.42</ele>
   </trkpt>
   <trkpt lat="41.87644" lon="3.0638">
    <ele>54.25000000000001</ele>
   </trkpt>
   <trkpt lat="41.87635" lon="3.06373">
    <ele>54.25000000000001</ele>
   </trkpt>
   <trkpt lat="41.87619" lon="3.06354">
    <ele>52.480000000000004</ele>
   </trkpt>
   <trkpt lat="41.87614000000001" lon="3.0634300000000003">
    <ele>52.480000000000004</ele>
   </trkpt>
   <trkpt lat="41.876070000000006" lon="3.0631700000000004">
    <ele>52.480000000000004</ele>
   </trkpt>
   <trkpt lat="41.87592" lon="3.0621600000000004">
    <ele>50.550000000000004</ele>
   </trkpt>
   <trkpt lat="41.875870000000006" lon="3.0619300000000003">
    <ele>50.03</ele>
   </trkpt>
   <trkpt lat="41.87577" lon="3.0617300000000003">
    <ele>49.75</ele>
   </trkpt>
   <trkpt lat="41.875640000000004" lon="3.06156">
    <ele>49.43</ele>
   </trkpt>
   <trkpt lat="41.87556" lon="3.06149">
    <ele>49.43</ele>
   </trkpt>
   <trkpt lat="41.875400000000006" lon="3.0614100000000004">
    <ele>49.21</ele>
   </trkpt>
   <trkpt lat="41.875240000000005" lon="3.06143">
    <ele>49.02</ele>
   </trkpt>
   <trkpt lat="41.875080000000004" lon="3.0615400000000004">
    <ele>48.400000000000006</ele>
   </trkpt>
   <trkpt lat="41.8746500018763" lon="3.0621700040117306">
    <ele>47.45</ele>
   </trkpt>
   <trkpt lat="41.87422" lon="3.0628">
    <ele>46.43000000000001</ele>
   </trkpt>
   <trkpt lat="41.87377" lon="3.0635000000000003">
    <ele>45.02</ele>
   </trkpt>
   <trkpt lat="41.87369" lon="3.0635700000000003">
    <ele>44.58</ele>
   </trkpt>
   <trkpt lat="41.873490000000004" lon="3.0636400000000004">
    <ele>44.02</ele>
   </trkpt>
   <trkpt lat="41.873380000000004" lon="3.0636500000000004">
    <ele>43.38</ele>
   </trkpt>
   <trkpt lat="41.87317" lon="3.06361">
    <ele>41.54</ele>
   </trkpt>
   <trkpt lat="41.873050000000006" lon="3.06355">
    <ele>41.54</ele>
   </trkpt>
   <trkpt lat="41.87277" lon="3.0633700000000004">
    <ele>39.82</ele>
   </trkpt>
   <trkpt lat="41.87265" lon="3.0633600000000003">
    <ele>39.290000000000006</ele>
   </trkpt>
   <trkpt lat="41.87252" lon="3.0633700000000004">
    <ele>39.0</ele>
   </trkpt>
   <trkpt lat="41.872040000000005" lon="3.06353">
    <ele>37.96</ele>
   </trkpt>
   <trkpt lat="41.87178" lon="3.0636900000000002">
    <ele>37.84</ele>
   </trkpt>
   <trkpt lat="41.871280000000006" lon="3.0641200000000004">
    <ele>37.74</ele>
   </trkpt>
   <trkpt lat="41.87068" lon="3.0647200000000003">
    <ele>37.33</ele>
   </trkpt>
   <trkpt lat="41.87039" lon="3.0650000000000004">
    <ele>37.08</ele>
   </trkpt>
   <trkpt lat="41.87024" lon="3.0652700000000004">
    <ele>37.08</ele>
   </trkpt>
   <trkpt lat="41.87019" lon="3.0654600000000003">
    <ele>37.040000000000006</ele>
   </trkpt>
   <trkpt lat="41.87019" lon="3.0657300000000003">
    <ele>37.03</ele>
   </trkpt>
   <trkpt lat="41.87024" lon="3.0660000000000003">
    <ele>37.03</ele>
   </trkpt>
   <trkpt lat="41.870470006287526" lon="3.0668499939576126">
    <ele>36.88</ele>
   </trkpt>
   <trkpt lat="41.87070000630768" lon="3.067699994031979">
    <ele>36.52</ele>
   </trkpt>
   <trkpt lat="41.87093" lon="3.06855">
    <ele>36.33</ele>
   </trkpt>
   <trkpt lat="41.87104" lon="3.06902">
    <ele>36.050000000000004</ele>
   </trkpt>
   <trkpt lat="41.87104" lon="3.0692800000000005">
    <ele>35.82000000000001</ele>
   </trkpt>
   <trkpt lat="41.87099500210034" lon="3.0699750004073714">
    <ele>35.0</ele>
   </trkpt>
   <trkpt lat="41.87095" lon="3.0706700000000002">
    <ele>33.75</ele>
   </trkpt>
   <trkpt lat="41.87089" lon="3.07106">
    <ele>33.54</ele>
   </trkpt>
   <trkpt lat="41.8708" lon="3.07133">
    <ele>32.400000000000006</ele>
   </trkpt>
   <trkpt lat="41.87066" lon="3.0716200000000002">
    <ele>32.160000000000004</ele>
   </trkpt>
   <trkpt lat="41.870520000000006" lon="3.0717600000000003">
    <ele>31.61</ele>
   </trkpt>
   <trkpt lat="41.869705000539206" lon="3.072085004111187">
    <ele>29.730000000000004</ele>
   </trkpt>
   <trkpt lat="41.86889" lon="3.07241">
    <ele>29.39</ele>
   </trkpt>
   <trkpt lat="41.86869" lon="3.0725100000000003">
    <ele>29.450000000000003</ele>
   </trkpt>
   <trkpt lat="41.86826000000001" lon="3.0728700000000004">
    <ele>29.17</ele>
   </trkpt>
   <trkpt lat="41.86811" lon="3.0729100000000003">
    <ele>29.17</ele>
   </trkpt>
   <trkpt lat="41.8674" lon="3.0727900000000004">
    <ele>28.450000000000003</ele>
   </trkpt>
   <trkpt lat="41.86669000016385" lon="3.072925001483127">
    <ele>27.92</ele>
   </trkpt>
   <trkpt lat="41.86598" lon="3.0730600000000003">
    <ele>27.21</ele>
   </trkpt>
   <trkpt lat="41.86552000025672" lon="3.073145000569914">
    <ele>26.94</ele>
   </trkpt>
   <trkpt lat="41.86506000000001" lon="3.07323">
    <ele>26.580000000000002</ele>
   </trkpt>
   <trkpt lat="41.864920000000005" lon="3.0732100000000004">
    <ele>26.42</ele>
   </trkpt>
   <trkpt lat="41.86448" lon="3.0729900000000003">
    <ele>26.310000000000002</ele>
   </trkpt>
   <trkpt lat="41.864290000000004" lon="3.0729400000000004">
    <ele>26.35</ele>
   </trkpt>
   <trkpt lat="41.86361" lon="3.07302">
    <ele>27.06</ele>
   </trkpt>
   <trkpt lat="41.86343" lon="3.0730000000000004">
    <ele>27.22</ele>
   </trkpt>
   <trkpt lat="41.86295500019441" lon="3.07282499872265">
    <ele>26.89</ele>
   </trkpt>
   <trkpt lat="41.862480000000005" lon="3.0726500000000003">
    <ele>26.320000000000004</ele>
   </trkpt>
   <trkpt lat="41.86173" lon="3.07256">
    <ele>25.92</ele>
   </trkpt>
   <trkpt lat="41.86159000000001" lon="3.07261">
    <ele>25.92</ele>
   </trkpt>
   <trkpt lat="41.861450000000005" lon="3.0727300000000004">
    <ele>25.85</ele>
   </trkpt>
   <trkpt lat="41.86131" lon="3.07296">
    <ele>25.85</ele>
   </trkpt>
   <trkpt lat="41.86119" lon="3.0732700000000004">
    <ele>25.77</ele>
   </trkpt>
   <trkpt lat="41.861070000000005" lon="3.0736700000000003">
    <ele>25.84</ele>
   </trkpt>
   <trkpt lat="41.860913343707246" lon="3.0747633386570605">
    <ele>26.36</ele>
   </trkpt>
   <trkpt lat="41.86075667704536" lon="3.075856671956895">
    <ele>28.73</ele>
   </trkpt>
   <trkpt lat="41.860600000000005" lon="3.07695">
    <ele>28.19</ele>
   </trkpt>
   <trkpt lat="41.860440000000004" lon="3.0779900000000002">
    <ele>23.900000000000002</ele>
   </trkpt>
   <trkpt lat="41.86036" lon="3.0782000000000003">
    <ele>23.900000000000002</ele>
   </trkpt>
   <trkpt lat="41.860290000000006" lon="3.07831">
    <ele>23.78</ele>
   </trkpt>
   <trkpt lat="41.860200000000006" lon="3.0784300000000004">
    <ele>22.820000000000004</ele>
   </trkpt>
   <trkpt lat="41.8601" lon="3.07851">
    <ele>22.820000000000004</ele>
   </trkpt>
   <trkpt lat="41.85943" lon="3.0789700000000004">
    <ele>19.55</ele>
   </trkpt>
   <trkpt lat="41.858920000000005" lon="3.0793500000000003">
    <ele>18.11</ele>
   </trkpt>
   <trkpt lat="41.85875" lon="3.0794200000000003">
    <ele>18.35</ele>
   </trkpt>
   <trkpt lat="41.85871" lon="3.07939">
    <ele>18.35</ele>
   </trkpt>
   <trkpt lat="41.858630000000005" lon="3.0794">
    <ele>17.820000000000004</ele>
   </trkpt>
   <trkpt lat="41.85857" lon="3.0794500000000005">
    <ele>17.820000000000004</ele>
   </trkpt>
   <trkpt lat="41.85853" lon="3.0795700000000004">
    <ele>17.27</ele>
   </trkpt>
   <trkpt lat="41.8584" lon="3.0797200000000005">
    <ele>17.27</ele>
   </trkpt>
   <trkpt lat="41.85782000152924" lon="3.080136674207668">
    <ele>16.450000000000003</ele>
   </trkpt>
   <trkpt lat="41.857240001552526" lon="3.0805533408575068">
    <ele>15.72</ele>
   </trkpt>
   <trkpt lat="41.856660000000005" lon="3.08097">
    <ele>14.540000000000001</ele>
   </trkpt>
   <trkpt lat="41.856230000000004" lon="3.0812600000000003">
    <ele>13.690000000000001</ele>
   </trkpt>
   <trkpt lat="41.855750000496876" lon="3.081565002229695">
    <ele>13.750000000000002</ele>
   </trkpt>
   <trkpt lat="41.855270000000004" lon="3.0818700000000003">
    <ele>14.790000000000001</ele>
   </trkpt>
   <trkpt lat="41.85526" lon="3.0819">
    <ele>14.790000000000001</ele>
   </trkpt>
   <trkpt lat="41.8552" lon="3.0818600000000003">
    <ele>14.790000000000001</ele>
   </trkpt>
   <trkpt lat="41.85512000000001" lon="3.0818600000000003">
    <ele>14.940000000000001</ele>
   </trkpt>
   <trkpt lat="41.85504" lon="3.08192">
    <ele>14.940000000000001</ele>
   </trkpt>
   <trkpt lat="41.855000000000004" lon="3.0820100000000004">
    <ele>14.940000000000001</ele>
   </trkpt>
   <trkpt lat="41.85499" lon="3.08211">
    <ele>14.940000000000001</ele>
   </trkpt>
   <trkpt lat="41.854800000000004" lon="3.0824800000000003">
    <ele>14.770000000000001</ele>
   </trkpt>
   <trkpt lat="41.854260000000004" lon="3.0832400000000004">
    <ele>14.280000000000001</ele>
   </trkpt>
   <trkpt lat="41.85364377155255" lon="3.0840825568153543">
    <ele>13.8</ele>
   </trkpt>
   <trkpt lat="41.85302753694748" lon="3.084925097395712">
    <ele>13.46</ele>
   </trkpt>
   <trkpt lat="41.85241129618504" lon="3.085767621741577">
    <ele>13.18</ele>
   </trkpt>
   <trkpt lat="41.851795049265505" lon="3.0866101298534496">
    <ele>12.76</ele>
   </trkpt>
   <trkpt lat="41.851178796189075" lon="3.087452621731833">
    <ele>12.38</ele>
   </trkpt>
   <trkpt lat="41.85056253695605" lon="3.088295097377229">
    <ele>12.0</ele>
   </trkpt>
   <trkpt lat="41.84994627156666" lon="3.0891375567901385">
    <ele>11.520000000000001</ele>
   </trkpt>
   <trkpt lat="41.84933" lon="3.08998">
    <ele>10.950000000000001</ele>
   </trkpt>
   <trkpt lat="41.84872801218173" lon="3.090818031544086">
    <ele>10.450000000000001</ele>
   </trkpt>
   <trkpt lat="41.848126018271934" lon="3.091656047316256">
    <ele>9.600000000000001</ele>
   </trkpt>
   <trkpt lat="41.84752401827083" lon="3.0924940473169804">
    <ele>9.06</ele>
   </trkpt>
   <trkpt lat="41.84692201217867" lon="3.0933320315467308">
    <ele>8.780000000000001</ele>
   </trkpt>
   <trkpt lat="41.846320000000006" lon="3.09417">
    <ele>7.9700000000000015</ele>
   </trkpt>
   <trkpt lat="41.846005000821975" lon="3.094600002089706">
    <ele>7.82</ele>
   </trkpt>
   <trkpt lat="41.845690000000005" lon="3.0950300000000004">
    <ele>7.470000000000001</ele>
   </trkpt>
   <trkpt lat="41.8455" lon="3.0953100000000004">
    <ele>7.410000000000001</ele>
   </trkpt>
   <trkpt lat="41.84537" lon="3.0953700000000004">
    <ele>7.48</ele>
   </trkpt>
   <trkpt lat="41.84528" lon="3.09533">
    <ele>7.580000000000001</ele>
   </trkpt>
   <trkpt lat="41.84519" lon="3.0952400000000004">
    <ele>7.72</ele>
   </trkpt>
   <trkpt lat="41.84501" lon="3.095">
    <ele>8.190000000000001</ele>
   </trkpt>
   <trkpt lat="41.844570000000004" lon="3.09432">
    <ele>8.66</ele>
   </trkpt>
   <trkpt lat="41.844170000000005" lon="3.09377">
    <ele>8.38</ele>
   </trkpt>
   <trkpt lat="41.84362333889309" lon="3.0929699863424207">
    <ele>7.6000000000000005</ele>
   </trkpt>
   <trkpt lat="41.843076672234886" lon="3.0921699863550294">
    <ele>6.840000000000001</ele>
   </trkpt>
   <trkpt lat="41.842530000000004" lon="3.0913700000000004">
    <ele>9.27</ele>
   </trkpt>
   <trkpt lat="41.84237" lon="3.0912">
    <ele>10.560000000000002</ele>
   </trkpt>
   <trkpt lat="41.842200000000005" lon="3.0910900000000003">
    <ele>10.560000000000002</ele>
   </trkpt>
   <trkpt lat="41.841910000000006" lon="3.0910400000000005">
    <ele>13.770000000000001</ele>
   </trkpt>
   <trkpt lat="41.84143499987816" lon="3.091060000153668">
    <ele>16.5</ele>
   </trkpt>
   <trkpt lat="41.84096" lon="3.0910800000000003">
    <ele>19.17</ele>
   </trkpt>
   <trkpt lat="41.84057000000001" lon="3.09106">
    <ele>21.95</ele>
   </trkpt>
   <trkpt lat="41.840140000000005" lon="3.09092">
    <ele>24.110000000000003</ele>
   </trkpt>
   <trkpt lat="41.83997" lon="3.09084">
    <ele>26.140000000000004</ele>
   </trkpt>
   <trkpt lat="41.839740000000006" lon="3.0906800000000003">
    <ele>26.140000000000004</ele>
   </trkpt>
   <trkpt lat="41.839400000000005" lon="3.0903300000000002">
    <ele>30.67</ele>
   </trkpt>
   <trkpt lat="41.839180000000006" lon="3.09004">
    <ele>31.84</ele>
   </trkpt>
   <trkpt lat="41.83866250962584" lon="3.0891799791423127">
    <ele>37.08</ele>
   </trkpt>
   <trkpt lat="41.83814501283651" lon="3.088319972193602">
    <ele>37.93000000000001</ele>
   </trkpt>
   <trkpt lat="41.83762750963221" lon="3.087459979153563">
    <ele>35.76</ele>
   </trkpt>
   <trkpt lat="41.83711" lon="3.0866000000000002">
    <ele>31.3</ele>
   </trkpt>
   <trkpt lat="41.83695" lon="3.08639">
    <ele>30.54</ele>
   </trkpt>
   <trkpt lat="41.836760000000005" lon="3.08619">
    <ele>29.01</ele>
   </trkpt>
   <trkpt lat="41.836510000000004" lon="3.0860100000000004">
    <ele>28.330000000000002</ele>
   </trkpt>
   <trkpt lat="41.836330000000004" lon="3.0859">
    <ele>28.130000000000003</ele>
   </trkpt>
   <trkpt lat="41.8361" lon="3.0858000000000003">
    <ele>27.610000000000003</ele>
   </trkpt>
   <trkpt lat="41.83579" lon="3.0857200000000002">
    <ele>27.35</ele>
   </trkpt>
   <trkpt lat="41.835370000000005" lon="3.0857">
    <ele>27.01</ele>
   </trkpt>
   <trkpt lat="41.83478999993366" lon="3.085760000552197">
    <ele>27.39</ele>
   </trkpt>
   <trkpt lat="41.834210000000006" lon="3.0858200000000005">
    <ele>27.51</ele>
   </trkpt>
   <trkpt lat="41.833960000000005" lon="3.0858200000000005">
    <ele>27.51</ele>
   </trkpt>
   <trkpt lat="41.833740000000006" lon="3.0857900000000003">
    <ele>27.62</ele>
   </trkpt>
   <trkpt lat="41.83326" lon="3.0856100000000004">
    <ele>27.66</ele>
   </trkpt>
   <trkpt lat="41.833090000000006" lon="3.0855200000000003">
    <ele>27.66</ele>
   </trkpt>
   <trkpt lat="41.8329" lon="3.08537">
    <ele>27.73</ele>
   </trkpt>
   <trkpt lat="41.83244000076431" lon="3.084944996928178">
    <ele>27.91</ele>
   </trkpt>
   <trkpt lat="41.83198" lon="3.0845200000000004">
    <ele>28.12</ele>
   </trkpt>
   <trkpt lat="41.831700000000005" lon="3.0843200000000004">
    <ele>28.64</ele>
   </trkpt>
   <trkpt lat="41.8314" lon="3.0841600000000002">
    <ele>28.91</ele>
   </trkpt>
   <trkpt lat="41.83119000000001" lon="3.08409">
    <ele>29.1</ele>
   </trkpt>
   <trkpt lat="41.83052" lon="3.08395">
    <ele>29.77</ele>
   </trkpt>
   <trkpt lat="41.82988666678226" lon="3.08383333102439">
    <ele>30.69</ele>
   </trkpt>
   <trkpt lat="41.82925333344647" lon="3.083716664357303">
    <ele>32.11</ele>
   </trkpt>
   <trkpt lat="41.82862" lon="3.0836">
    <ele>33.260000000000005</ele>
   </trkpt>
   <trkpt lat="41.82836" lon="3.08353">
    <ele>33.88</ele>
   </trkpt>
   <trkpt lat="41.8282" lon="3.08346">
    <ele>34.09</ele>
   </trkpt>
   <trkpt lat="41.82802" lon="3.08334">
    <ele>34.36</ele>
   </trkpt>
   <trkpt lat="41.82784" lon="3.0831700000000004">
    <ele>34.57</ele>
   </trkpt>
   <trkpt lat="41.82773" lon="3.0830300000000004">
    <ele>34.57</ele>
   </trkpt>
   <trkpt lat="41.827600000000004" lon="3.0828100000000003">
    <ele>34.61</ele>
   </trkpt>
   <trkpt lat="41.827180002309674" lon="3.082069995030717">
    <ele>34.56</ele>
   </trkpt>
   <trkpt lat="41.82676" lon="3.0813300000000003">
    <ele>34.77</ele>
   </trkpt>
   <trkpt lat="41.826640000000005" lon="3.0811800000000003">
    <ele>34.88</ele>
   </trkpt>
   <trkpt lat="41.82593000000001" lon="3.08047">
    <ele>34.67</ele>
   </trkpt>
   <trkpt lat="41.825790000000005" lon="3.0802600000000004">
    <ele>34.260000000000005</ele>
   </trkpt>
   <trkpt lat="41.82571" lon="3.08007">
    <ele>34.07</ele>
   </trkpt>
   <trkpt lat="41.82545201461072" lon="3.079151985176614">
    <ele>32.34</ele>
   </trkpt>
   <trkpt lat="41.82519402191224" lon="3.078233977751537">
    <ele>31.75</ele>
   </trkpt>
   <trkpt lat="41.82493602190463" lon="3.0773159777248518">
    <ele>30.7</ele>
   </trkpt>
   <trkpt lat="41.824678014588045" lon="3.0763979850966416">
    <ele>28.560000000000002</ele>
   </trkpt>
   <trkpt lat="41.82442" lon="3.07548">
    <ele>26.730000000000004</ele>
   </trkpt>
   <trkpt lat="41.82435" lon="3.07507">
    <ele>25.94</ele>
   </trkpt>
   <trkpt lat="41.82426" lon="3.07471">
    <ele>25.32</ele>
   </trkpt>
   <trkpt lat="41.82423" lon="3.07452">
    <ele>25.080000000000002</ele>
   </trkpt>
   <trkpt lat="41.824220000000004" lon="3.07432">
    <ele>25.27</ele>
   </trkpt>
   <trkpt lat="41.82428" lon="3.0742300000000005">
    <ele>25.32</ele>
   </trkpt>
   <trkpt lat="41.82426" lon="3.07411">
    <ele>25.240000000000002</ele>
   </trkpt>
   <trkpt lat="41.82421" lon="3.0740600000000002">
    <ele>25.240000000000002</ele>
   </trkpt>
   <trkpt lat="41.82415" lon="3.0740600000000002">
    <ele>24.270000000000003</ele>
   </trkpt>
   <trkpt lat="41.824040000000004" lon="3.0739300000000003">
    <ele>22.21</ele>
   </trkpt>
   <trkpt lat="41.82392" lon="3.0736700000000003">
    <ele>22.17</ele>
   </trkpt>
   <trkpt lat="41.82373500177825" lon="3.0730249980462188">
    <ele>20.43</ele>
   </trkpt>
   <trkpt lat="41.823550000000004" lon="3.0723800000000003">
    <ele>19.790000000000003</ele>
   </trkpt>
   <trkpt lat="41.82347" lon="3.0719200000000004">
    <ele>19.91</ele>
   </trkpt>
   <trkpt lat="41.8235" lon="3.0717600000000003">
    <ele>20.240000000000002</ele>
   </trkpt>
   <trkpt lat="41.823550000000004" lon="3.07166">
    <ele>20.240000000000002</ele>
   </trkpt>
   <trkpt lat="41.823550000000004" lon="3.07154">
    <ele>20.580000000000002</ele>
   </trkpt>
   <trkpt lat="41.82352" lon="3.0714500000000005">
    <ele>20.580000000000002</ele>
   </trkpt>
   <trkpt lat="41.823460000000004" lon="3.0713800000000004">
    <ele>20.69</ele>
   </trkpt>
   <trkpt lat="41.82338" lon="3.0713600000000003">
    <ele>20.69</ele>
   </trkpt>
   <trkpt lat="41.8233" lon="3.07139">
    <ele>20.57</ele>
   </trkpt>
   <trkpt lat="41.82316" lon="3.0714">
    <ele>20.26</ele>
   </trkpt>
   <trkpt lat="41.82305" lon="3.0713800000000004">
    <ele>19.919999999999998</ele>
   </trkpt>
   <trkpt lat="41.82291" lon="3.07133">
    <ele>19.919999999999998</ele>
   </trkpt>
   <trkpt lat="41.82229000439669" lon="3.070749983171186">
    <ele>17.41</ele>
   </trkpt>
   <trkpt lat="41.821670005875674" lon="3.0701699775744746">
    <ele>14.290000000000001</ele>
   </trkpt>
   <trkpt lat="41.82105000443704" lon="3.069589983209455">
    <ele>10.540000000000001</ele>
   </trkpt>
   <trkpt lat="41.82043" lon="3.0690100000000005">
    <ele>9.44</ele>
   </trkpt>
   <trkpt lat="41.8203" lon="3.06882">
    <ele>9.11</ele>
   </trkpt>
   <trkpt lat="41.82027" lon="3.0687">
    <ele>9.11</ele>
   </trkpt>
   <trkpt lat="41.82020000000001" lon="3.0686600000000004">
    <ele>9.01</ele>
   </trkpt>
   <trkpt lat="41.820150000000005" lon="3.0686700000000005">
    <ele>9.01</ele>
   </trkpt>
   <trkpt lat="41.81996" lon="3.06856">
    <ele>8.94</ele>
   </trkpt>
   <trkpt lat="41.81950500059755" lon="3.068149996968475">
    <ele>8.46</ele>
   </trkpt>
   <trkpt lat="41.819050000000004" lon="3.06774">
    <ele>8.4</ele>
   </trkpt>
   <trkpt lat="41.818340000000006" lon="3.0672400000000004">
    <ele>8.5</ele>
   </trkpt>
   <trkpt lat="41.818070000000006" lon="3.06706">
    <ele>8.5</ele>
   </trkpt>
   <trkpt lat="41.81795" lon="3.06687">
    <ele>8.5</ele>
   </trkpt>
   <trkpt lat="41.81794" lon="3.06679">
    <ele>8.5</ele>
   </trkpt>
   <trkpt lat="41.817890000000006" lon="3.0667400000000002">
    <ele>8.5</ele>
   </trkpt>
   <trkpt lat="41.817820000000005" lon="3.0667500000000003">
    <ele>8.59</ele>
   </trkpt>
   <trkpt lat="41.817800000000005" lon="3.0667700000000004">
    <ele>8.59</ele>
   </trkpt>
   <trkpt lat="41.817640000000004" lon="3.06679">
    <ele>8.59</ele>
   </trkpt>
   <trkpt lat="41.81696" lon="3.0662900000000004">
    <ele>8.58</ele>
   </trkpt>
   <trkpt lat="41.81655500027743" lon="3.066009998186123">
    <ele>8.55</ele>
   </trkpt>
   <trkpt lat="41.81615" lon="3.0657300000000003">
    <ele>8.55</ele>
   </trkpt>
   <trkpt lat="41.81547333705866" lon="3.06507331944377">
    <ele>8.520000000000001</ele>
   </trkpt>
   <trkpt lat="41.81479667037744" lon="3.064416652763217">
    <ele>8.08</ele>
   </trkpt>
   <trkpt lat="41.81412" lon="3.0637600000000003">
    <ele>7.620000000000001</ele>
   </trkpt>
   <trkpt lat="41.814080000000004" lon="3.0636300000000003">
    <ele>7.5</ele>
   </trkpt>
   <trkpt lat="41.81407" lon="3.0635200000000005">
    <ele>7.5</ele>
   </trkpt>
   <trkpt lat="41.81401" lon="3.0634300000000003">
    <ele>7.5</ele>
   </trkpt>
   <trkpt lat="41.813930000000006" lon="3.0634">
    <ele>7.34</ele>
   </trkpt>
   <trkpt lat="41.81385" lon="3.0634200000000003">
    <ele>7.34</ele>
   </trkpt>
   <trkpt lat="41.81374" lon="3.06339">
    <ele>7.25</ele>
   </trkpt>
   <trkpt lat="41.81309500539522" lon="3.0627449804980373">
    <ele>7.3100000000000005</ele>
   </trkpt>
   <trkpt lat="41.81245000718224" lon="3.0620999739864154">
    <ele>7.3500000000000005</ele>
   </trkpt>
   <trkpt lat="41.81180500536119" lon="3.061454980464651">
    <ele>7.450000000000001</ele>
   </trkpt>
   <trkpt lat="41.81116" lon="3.06081">
    <ele>7.5200000000000005</ele>
   </trkpt>
   <trkpt lat="41.81044000000001" lon="3.0601300000000005">
    <ele>7.580000000000001</ele>
   </trkpt>
   <trkpt lat="41.81045" lon="3.06">
    <ele>7.580000000000001</ele>
   </trkpt>
   <trkpt lat="41.810410000000005" lon="3.05993">
    <ele>7.5200000000000005</ele>
   </trkpt>
   <trkpt lat="41.81035000000001" lon="3.0599100000000004">
    <ele>7.5200000000000005</ele>
   </trkpt>
   <trkpt lat="41.81031" lon="3.0599100000000004">
    <ele>7.53</ele>
   </trkpt>
   <trkpt lat="41.81015" lon="3.0598300000000003">
    <ele>7.59</ele>
   </trkpt>
   <trkpt lat="41.809656668775" lon="3.0593266588236236">
    <ele>8.450000000000001</ele>
   </trkpt>
   <trkpt lat="41.80916333535281" lon="3.0588233253997337">
    <ele>10.23</ele>
   </trkpt>
   <trkpt lat="41.808670000000006" lon="3.05832">
    <ele>10.010000000000002</ele>
   </trkpt>
   <trkpt lat="41.807950000000005" lon="3.05763">
    <ele>8.51</ele>
   </trkpt>
   <trkpt lat="41.80789" lon="3.0574000000000003">
    <ele>8.360000000000001</ele>
   </trkpt>
   <trkpt lat="41.80789" lon="3.0573200000000003">
    <ele>8.360000000000001</ele>
   </trkpt>
   <trkpt lat="41.80783" lon="3.05723">
    <ele>8.14</ele>
   </trkpt>
   <trkpt lat="41.807790000000004" lon="3.05722">
    <ele>7.95</ele>
   </trkpt>
   <trkpt lat="41.80773000000001" lon="3.0572500000000002">
    <ele>7.95</ele>
   </trkpt>
   <trkpt lat="41.80747" lon="3.05715">
    <ele>7.760000000000001</ele>
   </trkpt>
   <trkpt lat="41.80688000000001" lon="3.05655">
    <ele>7.74</ele>
   </trkpt>
   <trkpt lat="41.80637" lon="3.0560600000000004">
    <ele>7.55</ele>
   </trkpt>
   <trkpt lat="41.806270000000005" lon="3.0558400000000003">
    <ele>7.490000000000001</ele>
   </trkpt>
   <trkpt lat="41.80622" lon="3.05567">
    <ele>7.540000000000001</ele>
   </trkpt>
   <trkpt lat="41.806180000000005" lon="3.0556400000000004">
    <ele>7.59</ele>
   </trkpt>
   <trkpt lat="41.806090000000005" lon="3.0556300000000003">
    <ele>7.59</ele>
   </trkpt>
   <trkpt lat="41.80604" lon="3.0556500000000004">
    <ele>7.73</ele>
   </trkpt>
   <trkpt lat="41.805800000000005" lon="3.0555100000000004">
    <ele>7.69</ele>
   </trkpt>
   <trkpt lat="41.80526000251027" lon="3.054969990878871">
    <ele>7.65</ele>
   </trkpt>
   <trkpt lat="41.80472000249162" lon="3.0544299908603407">
    <ele>7.470000000000001</ele>
   </trkpt>
   <trkpt lat="41.80418" lon="3.0538900000000004">
    <ele>9.07</ele>
   </trkpt>
   <trkpt lat="41.803650000000005" lon="3.0534100000000004">
    <ele>14.520000000000001</ele>
   </trkpt>
   <trkpt lat="41.80353" lon="3.0533400000000004">
    <ele>14.520000000000001</ele>
   </trkpt>
   <trkpt lat="41.803340000000006" lon="3.0532700000000004">
    <ele>15.21</ele>
   </trkpt>
   <trkpt lat="41.803140000000006" lon="3.05323">
    <ele>16.87</ele>
   </trkpt>
   <trkpt lat="41.802595000026955" lon="3.05316499944817">
    <ele>20.400000000000002</ele>
   </trkpt>
   <trkpt lat="41.80205" lon="3.0531">
    <ele>24.540000000000003</ele>
   </trkpt>
   <trkpt lat="41.80162000000001" lon="3.05296">
    <ele>26.19</ele>
   </trkpt>
   <trkpt lat="41.801230000000004" lon="3.0525700000000002">
    <ele>31.68</ele>
   </trkpt>
   <trkpt lat="41.801" lon="3.05222">
    <ele>32.230000000000004</ele>
   </trkpt>
   <trkpt lat="41.80078" lon="3.0518300000000003">
    <ele>33.35</ele>
   </trkpt>
   <trkpt lat="41.800740000000005" lon="3.0517100000000004">
    <ele>33.35</ele>
   </trkpt>
   <trkpt lat="41.80066" lon="3.0516500000000004">
    <ele>33.52</ele>
   </trkpt>
   <trkpt lat="41.80066" lon="3.0514200000000002">
    <ele>33.85</ele>
   </trkpt>
   <trkpt lat="41.80059000000001" lon="3.05126">
    <ele>34.190000000000005</ele>
   </trkpt>
   <trkpt lat="41.80049" lon="3.0511500000000003">
    <ele>34.4</ele>
   </trkpt>
   <trkpt lat="41.800430000000006" lon="3.05112">
    <ele>34.4</ele>
   </trkpt>
   <trkpt lat="41.8003" lon="3.0511000000000004">
    <ele>34.14</ele>
   </trkpt>
   <trkpt lat="41.80022" lon="3.0510200000000003">
    <ele>33.89</ele>
   </trkpt>
   <trkpt lat="41.79986000107108" lon="3.0505149971142758">
    <ele>30.520000000000003</ele>
   </trkpt>
   <trkpt lat="41.7995" lon="3.0500100000000003">
    <ele>27.46</ele>
   </trkpt>
   <trkpt lat="41.799220000000005" lon="3.0496600000000003">
    <ele>22.520000000000003</ele>
   </trkpt>
   <trkpt lat="41.79896" lon="3.0494000000000003">
    <ele>20.66</ele>
   </trkpt>
   <trkpt lat="41.79872" lon="3.0492500000000002">
    <ele>18.590000000000003</ele>
   </trkpt>
   <trkpt lat="41.798143333836705" lon="3.049023329276836">
    <ele>14.75</ele>
   </trkpt>
   <trkpt lat="41.79756666722786" lon="3.0487966626329452">
    <ele>12.72</ele>
   </trkpt>
   <trkpt lat="41.79699" lon="3.0485700000000002">
    <ele>11.99</ele>
   </trkpt>
   <trkpt lat="41.79623333403138" lon="3.0482966602307195">
    <ele>11.38</ele>
   </trkpt>
   <trkpt lat="41.79547666741482" lon="3.0480233269155987">
    <ele>11.01</ele>
   </trkpt>
   <trkpt lat="41.794720000000005" lon="3.04775">
    <ele>10.650000000000002</ele>
   </trkpt>
   <trkpt lat="41.79471" lon="3.04775">
    <ele>10.650000000000002</ele>
   </trkpt>
   <trkpt lat="41.793925000304306" lon="3.0474799966891633">
    <ele>10.6</ele>
   </trkpt>
   <trkpt lat="41.79314" lon="3.04721">
    <ele>10.98</ele>
   </trkpt>
   <trkpt lat="41.792950000000005" lon="3.04706">
    <ele>11.14</ele>
   </trkpt>
   <trkpt lat="41.79289" lon="3.0469800000000005">
    <ele>11.14</ele>
   </trkpt>
   <trkpt lat="41.79285" lon="3.04686">
    <ele>11.28</ele>
   </trkpt>
   <trkpt lat="41.79276" lon="3.04678">
    <ele>11.28</ele>
   </trkpt>
   <trkpt lat="41.79265" lon="3.0467500000000003">
    <ele>11.53</ele>
   </trkpt>
   <trkpt lat="41.79252" lon="3.04685">
    <ele>11.53</ele>
   </trkpt>
   <trkpt lat="41.79243" lon="3.0468800000000003">
    <ele>11.53</ele>
   </trkpt>
   <trkpt lat="41.79224000000001" lon="3.0468900000000003">
    <ele>11.62</ele>
   </trkpt>
   <trkpt lat="41.791720000000005" lon="3.0467000000000004">
    <ele>11.71</ele>
   </trkpt>
   <trkpt lat="41.791140000000006" lon="3.0463000000000005">
    <ele>12.25</ele>
   </trkpt>
   <trkpt lat="41.79083000000001" lon="3.0460300000000005">
    <ele>13.36</ele>
   </trkpt>
   <trkpt lat="41.79063" lon="3.0457600000000005">
    <ele>14.63</ele>
   </trkpt>
   <trkpt lat="41.790355001272864" lon="3.045209997562977">
    <ele>16.64</ele>
   </trkpt>
   <trkpt lat="41.79008" lon="3.0446600000000004">
    <ele>21.34</ele>
   </trkpt>
   <trkpt lat="41.78985" lon="3.04395">
    <ele>22.340000000000003</ele>
   </trkpt>
   <trkpt lat="41.789630004152535" lon="3.0429699965845503">
    <ele>26.680000000000003</ele>
   </trkpt>
   <trkpt lat="41.789410000000004" lon="3.04199">
    <ele>29.990000000000002</ele>
   </trkpt>
   <trkpt lat="41.789320000000004" lon="3.0412800000000004">
    <ele>33.11</ele>
   </trkpt>
   <trkpt lat="41.78934" lon="3.04117">
    <ele>33.54</ele>
   </trkpt>
   <trkpt lat="41.789300000000004" lon="3.0410500000000003">
    <ele>34.29</ele>
   </trkpt>
   <trkpt lat="41.789260000000006" lon="3.04102">
    <ele>34.29</ele>
   </trkpt>
   <trkpt lat="41.789210000000004" lon="3.0410100000000004">
    <ele>34.4</ele>
   </trkpt>
   <trkpt lat="41.78915000000001" lon="3.04103">
    <ele>34.45</ele>
   </trkpt>
   <trkpt lat="41.788920000000005" lon="3.04102">
    <ele>34.5</ele>
   </trkpt>
   <trkpt lat="41.788740000000004" lon="3.0409300000000004">
    <ele>34.67</ele>
   </trkpt>
   <trkpt lat="41.78853" lon="3.0408600000000003">
    <ele>34.81</ele>
   </trkpt>
   <trkpt lat="41.78783000000001" lon="3.04084">
    <ele>37.14000000000001</ele>
   </trkpt>
   <trkpt lat="41.78732" lon="3.0408500000000003">
    <ele>39.68</ele>
   </trkpt>
   <trkpt lat="41.78708" lon="3.04077">
    <ele>41.2</ele>
   </trkpt>
   <trkpt lat="41.786860000000004" lon="3.04062">
    <ele>42.230000000000004</ele>
   </trkpt>
   <trkpt lat="41.78672" lon="3.04049">
    <ele>42.63</ele>
   </trkpt>
   <trkpt lat="41.78676" lon="3.04034">
    <ele>42.940000000000005</ele>
   </trkpt>
   <trkpt lat="41.7867" lon="3.04023">
    <ele>43.06</ele>
   </trkpt>
   <trkpt lat="41.786590000000004" lon="3.0401800000000003">
    <ele>42.550000000000004</ele>
   </trkpt>
   <trkpt lat="41.78652" lon="3.0402000000000005">
    <ele>42.550000000000004</ele>
   </trkpt>
   <trkpt lat="41.786350000000006" lon="3.0401300000000004">
    <ele>40.440000000000005</ele>
   </trkpt>
   <trkpt lat="41.786190000000005" lon="3.03996">
    <ele>38.8</ele>
   </trkpt>
   <trkpt lat="41.78564500169769" lon="3.039324994543196">
    <ele>33.03</ele>
   </trkpt>
   <trkpt lat="41.7851" lon="3.0386900000000003">
    <ele>29.16</ele>
   </trkpt>
   <trkpt lat="41.78482" lon="3.03831">
    <ele>25.980000000000004</ele>
   </trkpt>
   <trkpt lat="41.78431250460876" lon="3.037714985875818">
    <ele>23.64</ele>
   </trkpt>
   <trkpt lat="41.78380500614738" lon="3.0371199811708136">
    <ele>19.290000000000003</ele>
   </trkpt>
   <trkpt lat="41.783297504616016" lon="3.036524985884726">
    <ele>16.220000000000002</ele>
   </trkpt>
   <trkpt lat="41.782790000000006" lon="3.0359300000000005">
    <ele>11.330000000000002</ele>
   </trkpt>
   <trkpt lat="41.782430000000005" lon="3.0352900000000003">
    <ele>10.040000000000001</ele>
   </trkpt>
   <trkpt lat="41.782450000000004" lon="3.03519">
    <ele>10.040000000000001</ele>
   </trkpt>
   <trkpt lat="41.782430000000005" lon="3.03512">
    <ele>10.040000000000001</ele>
   </trkpt>
   <trkpt lat="41.7824" lon="3.0350900000000003">
    <ele>9.64</ele>
   </trkpt>
   <trkpt lat="41.782340000000005" lon="3.0350800000000002">
    <ele>9.64</ele>
   </trkpt>
   <trkpt lat="41.78231" lon="3.0351000000000004">
    <ele>9.64</ele>
   </trkpt>
   <trkpt lat="41.78199" lon="3.03453">
    <ele>8.94</ele>
   </trkpt>
   <trkpt lat="41.78175" lon="3.03446">
    <ele>8.67</ele>
   </trkpt>
   <trkpt lat="41.78163000000001" lon="3.03445">
    <ele>8.67</ele>
   </trkpt>
   <trkpt lat="41.781470000000006" lon="3.03439">
    <ele>8.63</ele>
   </trkpt>
   <trkpt lat="41.78139" lon="3.03419">
    <ele>8.63</ele>
   </trkpt>
   <trkpt lat="41.78140000366922" lon="3.03327000019895">
    <ele>8.46</ele>
   </trkpt>
   <trkpt lat="41.78141" lon="3.03235">
    <ele>8.89</ele>
   </trkpt>
   <trkpt lat="41.781380000000006" lon="3.0322600000000004">
    <ele>8.97</ele>
   </trkpt>
   <trkpt lat="41.781420000000004" lon="3.0322400000000003">
    <ele>8.97</ele>
   </trkpt>
   <trkpt lat="41.78145000000001" lon="3.0321700000000003">
    <ele>9.05</ele>
   </trkpt>
   <trkpt lat="41.78141" lon="3.03209">
    <ele>8.97</ele>
   </trkpt>
   <trkpt lat="41.78137" lon="3.03208">
    <ele>8.97</ele>
   </trkpt>
   <trkpt lat="41.781240000000004" lon="3.0319000000000003">
    <ele>8.93</ele>
   </trkpt>
   <trkpt lat="41.78081000696682" lon="3.0311674852432833">
    <ele>8.910000000000002</ele>
   </trkpt>
   <trkpt lat="41.78038000928071" lon="3.0304349803103654">
    <ele>9.13</ele>
   </trkpt>
   <trkpt lat="41.77995000694181" lon="3.029702485201073">
    <ele>8.010000000000002</ele>
   </trkpt>
   <trkpt lat="41.779520000000005" lon="3.02897">
    <ele>8.47</ele>
   </trkpt>
   <trkpt lat="41.77948000000001" lon="3.02884">
    <ele>8.51</ele>
   </trkpt>
   <trkpt lat="41.77951" lon="3.0288100000000004">
    <ele>8.58</ele>
   </trkpt>
   <trkpt lat="41.779500000000006" lon="3.0287300000000004">
    <ele>8.58</ele>
   </trkpt>
   <trkpt lat="41.77964" lon="3.0285100000000003">
    <ele>8.690000000000001</ele>
   </trkpt>
   <trkpt lat="41.77967" lon="3.0283900000000004">
    <ele>8.690000000000001</ele>
   </trkpt>
   <trkpt lat="41.780060001177524" lon="3.0278600032782137">
    <ele>8.89</ele>
   </trkpt>
   <trkpt lat="41.78045" lon="3.02733">
    <ele>9.58</ele>
   </trkpt>
   <trkpt lat="41.78056" lon="3.0271100000000004">
    <ele>9.66</ele>
   </trkpt>
   <trkpt lat="41.78063" lon="3.02708">
    <ele>9.7</ele>
   </trkpt>
   <trkpt lat="41.78065" lon="3.02699">
    <ele>9.7</ele>
   </trkpt>
   <trkpt lat="41.780640000000005" lon="3.02693">
    <ele>9.690000000000001</ele>
   </trkpt>
   <trkpt lat="41.78060000000001" lon="3.0268900000000003">
    <ele>9.690000000000001</ele>
   </trkpt>
   <trkpt lat="41.78061" lon="3.0267700000000004">
    <ele>9.62</ele>
   </trkpt>
   <trkpt lat="41.78076" lon="3.02626">
    <ele>9.840000000000002</ele>
   </trkpt>
   <trkpt lat="41.780590000000004" lon="3.0262000000000002">
    <ele>10.13</ele>
   </trkpt>
   <trkpt lat="41.780460000000005" lon="3.0260700000000003">
    <ele>10.34</ele>
   </trkpt>
   <trkpt lat="41.78043" lon="3.0260200000000004">
    <ele>10.66</ele>
   </trkpt>
   <trkpt lat="41.78042000000001" lon="3.02586">
    <ele>10.66</ele>
   </trkpt>
   <trkpt lat="41.78052" lon="3.02517">
    <ele>11.860000000000001</ele>
   </trkpt>
   <trkpt lat="41.780550000000005" lon="3.0248700000000004">
    <ele>12.200000000000001</ele>
   </trkpt>
   <trkpt lat="41.78054" lon="3.0246500000000003">
    <ele>13.55</ele>
   </trkpt>
   <trkpt lat="41.7805" lon="3.02442">
    <ele>13.55</ele>
   </trkpt>
   <trkpt lat="41.780280000000005" lon="3.02396">
    <ele>16.41</ele>
   </trkpt>
   <trkpt lat="41.780170000000005" lon="3.0237800000000004">
    <ele>16.77</ele>
   </trkpt>
   <trkpt lat="41.78011" lon="3.02373">
    <ele>16.77</ele>
   </trkpt>
   <trkpt lat="41.780030000000004" lon="3.0237100000000003">
    <ele>17.93</ele>
   </trkpt>
   <trkpt lat="41.779590000000006" lon="3.0237200000000004">
    <ele>20.25</ele>
   </trkpt>
   <trkpt lat="41.77949" lon="3.02367">
    <ele>22.1</ele>
   </trkpt>
   <trkpt lat="41.779410000000006" lon="3.02354">
    <ele>22.76</ele>
   </trkpt>
   <trkpt lat="41.77938" lon="3.0233800000000004">
    <ele>22.76</ele>
   </trkpt>
   <trkpt lat="41.77938" lon="3.0232500000000004">
    <ele>24.540000000000003</ele>
   </trkpt>
   <trkpt lat="41.7794" lon="3.02313">
    <ele>24.540000000000003</ele>
   </trkpt>
   <trkpt lat="41.77953" lon="3.02267">
    <ele>26.950000000000003</ele>
   </trkpt>
   <trkpt lat="41.779540000000004" lon="3.0225700000000004">
    <ele>28.51</ele>
   </trkpt>
   <trkpt lat="41.779520000000005" lon="3.0223500000000003">
    <ele>29.09</ele>
   </trkpt>
   <trkpt lat="41.779360000000004" lon="3.02206">
    <ele>30.8</ele>
   </trkpt>
   <trkpt lat="41.77929" lon="3.02184">
    <ele>31.8</ele>
   </trkpt>
   <trkpt lat="41.779160000000005" lon="3.02164">
    <ele>33.620000000000005</ele>
   </trkpt>
   <trkpt lat="41.779090000000004" lon="3.02159">
    <ele>34.33</ele>
   </trkpt>
   <trkpt lat="41.778850000000006" lon="3.0215">
    <ele>34.33</ele>
   </trkpt>
   <trkpt lat="41.778710000000004" lon="3.0214200000000004">
    <ele>38.48</ele>
   </trkpt>
   <trkpt lat="41.77848" lon="3.0212200000000005">
    <ele>38.48</ele>
   </trkpt>
   <trkpt lat="41.778400000000005" lon="3.02111">
    <ele>38.48</ele>
   </trkpt>
   <trkpt lat="41.778360000000006" lon="3.0210000000000004">
    <ele>41.42</ele>
   </trkpt>
   <trkpt lat="41.778360000000006" lon="3.02083">
    <ele>41.42</ele>
   </trkpt>
   <trkpt lat="41.778470000000006" lon="3.0204400000000002">
    <ele>44.0</ele>
   </trkpt>
   <trkpt lat="41.7785" lon="3.02028">
    <ele>44.0</ele>
   </trkpt>
   <trkpt lat="41.778470000000006" lon="3.0199900000000004">
    <ele>46.44</ele>
   </trkpt>
   <trkpt lat="41.77839" lon="3.01981">
    <ele>46.44</ele>
   </trkpt>
   <trkpt lat="41.77801" lon="3.01942">
    <ele>49.39</ele>
   </trkpt>
   <trkpt lat="41.77792" lon="3.0192">
    <ele>51.42000000000001</ele>
   </trkpt>
   <trkpt lat="41.777910000000006" lon="3.0190200000000003">
    <ele>52.08</ele>
   </trkpt>
   <trkpt lat="41.777930000000005" lon="3.01833">
    <ele>56.410000000000004</ele>
   </trkpt>
   <trkpt lat="41.777860000000004" lon="3.0180800000000003">
    <ele>58.24000000000001</ele>
   </trkpt>
   <trkpt lat="41.77776" lon="3.0179600000000004">
    <ele>58.24000000000001</ele>
   </trkpt>
   <trkpt lat="41.777550000000005" lon="3.0178200000000004">
    <ele>59.67000000000001</ele>
   </trkpt>
   <trkpt lat="41.77752" lon="3.01778">
    <ele>59.67000000000001</ele>
   </trkpt>
   <trkpt lat="41.777460000000005" lon="3.0176600000000002">
    <ele>61.09</ele>
   </trkpt>
   <trkpt lat="41.777440000000006" lon="3.0175">
    <ele>61.09</ele>
   </trkpt>
   <trkpt lat="41.777440000000006" lon="3.01729">
    <ele>62.690000000000005</ele>
   </trkpt>
   <trkpt lat="41.777460000000005" lon="3.0171500000000004">
    <ele>62.690000000000005</ele>
   </trkpt>
   <trkpt lat="41.77752" lon="3.0169900000000003">
    <ele>63.81</ele>
   </trkpt>
   <trkpt lat="41.77772" lon="3.0166500000000003">
    <ele>65.58</ele>
   </trkpt>
   <trkpt lat="41.777770000000004" lon="3.0164400000000002">
    <ele>67.72</ele>
   </trkpt>
   <trkpt lat="41.777800000000006" lon="3.0162000000000004">
    <ele>68.89</ele>
   </trkpt>
   <trkpt lat="41.777840000000005" lon="3.0161100000000003">
    <ele>68.89</ele>
   </trkpt>
   <trkpt lat="41.777930000000005" lon="3.01601">
    <ele>68.89</ele>
   </trkpt>
   <trkpt lat="41.77819" lon="3.0159700000000003">
    <ele>71.06000000000002</ele>
   </trkpt>
   <trkpt lat="41.778330000000004" lon="3.0159100000000003">
    <ele>73.00000000000001</ele>
   </trkpt>
   <trkpt lat="41.778870000000005" lon="3.0152400000000004">
    <ele>76.05000000000001</ele>
   </trkpt>
   <trkpt lat="41.77899" lon="3.0150200000000003">
    <ele>77.58000000000001</ele>
   </trkpt>
   <trkpt lat="41.779030000000006" lon="3.01485">
    <ele>78.87</ele>
   </trkpt>
   <trkpt lat="41.779090000000004" lon="3.01474">
    <ele>80.23</ele>
   </trkpt>
   <trkpt lat="41.77948000000001" lon="3.0144200000000003">
    <ele>83.30000000000001</ele>
   </trkpt>
   <trkpt lat="41.7796" lon="3.0143400000000002">
    <ele>83.30000000000001</ele>
   </trkpt>
   <trkpt lat="41.77987" lon="3.0142200000000003">
    <ele>85.27000000000001</ele>
   </trkpt>
   <trkpt lat="41.77998" lon="3.0140800000000003">
    <ele>85.27000000000001</ele>
   </trkpt>
   <trkpt lat="41.78002" lon="3.01391">
    <ele>87.82000000000001</ele>
   </trkpt>
   <trkpt lat="41.780010000000004" lon="3.0138000000000003">
    <ele>87.82000000000001</ele>
   </trkpt>
   <trkpt lat="41.77989" lon="3.0134000000000003">
    <ele>89.94</ele>
   </trkpt>
   <trkpt lat="41.7798" lon="3.01296">
    <ele>92.82000000000001</ele>
   </trkpt>
   <trkpt lat="41.77975" lon="3.0128800000000004">
    <ele>93.53</ele>
   </trkpt>
   <trkpt lat="41.779520000000005" lon="3.0127">
    <ele>96.30000000000001</ele>
   </trkpt>
   <trkpt lat="41.779300000000006" lon="3.0126100000000005">
    <ele>97.25</ele>
   </trkpt>
   <trkpt lat="41.779210000000006" lon="3.0125400000000004">
    <ele>97.25</ele>
   </trkpt>
   <trkpt lat="41.77913" lon="3.0124400000000002">
    <ele>97.25</ele>
   </trkpt>
   <trkpt lat="41.77877" lon="3.0121100000000003">
    <ele>102.14</ele>
   </trkpt>
   <trkpt lat="41.778650000000006" lon="3.01207">
    <ele>103.16</ele>
   </trkpt>
   <trkpt lat="41.77857" lon="3.01207">
    <ele>103.48</ele>
   </trkpt>
   <trkpt lat="41.77841" lon="3.0121200000000004">
    <ele>104.08</ele>
   </trkpt>
   <trkpt lat="41.778270000000006" lon="3.0121900000000004">
    <ele>105.21000000000001</ele>
   </trkpt>
   <trkpt lat="41.777910000000006" lon="3.01242">
    <ele>108.67</ele>
   </trkpt>
   <trkpt lat="41.77779" lon="3.0124700000000004">
    <ele>108.67</ele>
   </trkpt>
   <trkpt lat="41.777680000000004" lon="3.0125400000000004">
    <ele>110.08000000000001</ele>
   </trkpt>
   <trkpt lat="41.77727" lon="3.0129">
    <ele>114.83000000000001</ele>
   </trkpt>
   <trkpt lat="41.77711" lon="3.01298">
    <ele>115.53</ele>
   </trkpt>
   <trkpt lat="41.77689" lon="3.0130600000000003">
    <ele>118.4</ele>
   </trkpt>
   <trkpt lat="41.77633" lon="3.0133400000000004">
    <ele>120.69</ele>
   </trkpt>
   <trkpt lat="41.77622" lon="3.0133500000000004">
    <ele>120.72</ele>
   </trkpt>
   <trkpt lat="41.776070000000004" lon="3.0133400000000004">
    <ele>120.69</ele>
   </trkpt>
   <trkpt lat="41.775960000000005" lon="3.0133">
    <ele>120.56000000000002</ele>
   </trkpt>
   <trkpt lat="41.775260001044586" lon="3.0127999945148827">
    <ele>119.19</ele>
   </trkpt>
   <trkpt lat="41.77456" lon="3.0123">
    <ele>118.25</ele>
   </trkpt>
   <trkpt lat="41.773720000000004" lon="3.0119000000000002">
    <ele>115.91000000000001</ele>
   </trkpt>
   <trkpt lat="41.77362" lon="3.01181">
    <ele>115.91000000000001</ele>
   </trkpt>
   <trkpt lat="41.773540000000004" lon="3.0117100000000003">
    <ele>115.64</ele>
   </trkpt>
   <trkpt lat="41.773300000000006" lon="3.0111600000000003">
    <ele>115.28</ele>
   </trkpt>
   <trkpt lat="41.77324" lon="3.01094">
    <ele>115.21000000000001</ele>
   </trkpt>
   <trkpt lat="41.77317" lon="3.01054">
    <ele>114.72</ele>
   </trkpt>
   <trkpt lat="41.773160000000004" lon="3.01026">
    <ele>114.19000000000001</ele>
   </trkpt>
   <trkpt lat="41.77319000000001" lon="3.00972">
    <ele>112.42</ele>
   </trkpt>
   <trkpt lat="41.77322" lon="3.0095400000000003">
    <ele>111.49000000000001</ele>
   </trkpt>
   <trkpt lat="41.773270000000004" lon="3.00944">
    <ele>111.49000000000001</ele>
   </trkpt>
   <trkpt lat="41.773340000000005" lon="3.00937">
    <ele>110.86000000000001</ele>
   </trkpt>
   <trkpt lat="41.77346" lon="3.00937">
    <ele>110.86000000000001</ele>
   </trkpt>
   <trkpt lat="41.77371" lon="3.0095400000000003">
    <ele>108.22000000000001</ele>
   </trkpt>
   <trkpt lat="41.77387" lon="3.0096000000000003">
    <ele>108.22000000000001</ele>
   </trkpt>
   <trkpt lat="41.773920000000004" lon="3.0096000000000003">
    <ele>108.22000000000001</ele>
   </trkpt>
   <trkpt lat="41.77403" lon="3.0095500000000004">
    <ele>106.02</ele>
   </trkpt>
   <trkpt lat="41.774100000000004" lon="3.00943">
    <ele>106.02</ele>
   </trkpt>
   <trkpt lat="41.77418" lon="3.0092000000000003">
    <ele>105.32000000000001</ele>
   </trkpt>
   <trkpt lat="41.77431000000001" lon="3.0087">
    <ele>103.95000000000002</ele>
   </trkpt>
   <trkpt lat="41.774370000000005" lon="3.0086000000000004">
    <ele>101.4</ele>
   </trkpt>
   <trkpt lat="41.774480000000004" lon="3.0085">
    <ele>101.4</ele>
   </trkpt>
   <trkpt lat="41.77467" lon="3.0083800000000003">
    <ele>101.11</ele>
   </trkpt>
   <trkpt lat="41.77503" lon="3.0080400000000003">
    <ele>100.08</ele>
   </trkpt>
   <trkpt lat="41.77535" lon="3.0079000000000002">
    <ele>100.02000000000001</ele>
   </trkpt>
   <trkpt lat="41.77543" lon="3.0078400000000003">
    <ele>100.16000000000001</ele>
   </trkpt>
   <trkpt lat="41.775760000000005" lon="3.0074600000000005">
    <ele>100.56</ele>
   </trkpt>
   <trkpt lat="41.77581" lon="3.00733">
    <ele>101.18</ele>
   </trkpt>
   <trkpt lat="41.775830000000006" lon="3.00713">
    <ele>101.49000000000001</ele>
   </trkpt>
   <trkpt lat="41.77577" lon="3.0069500000000002">
    <ele>101.49000000000001</ele>
   </trkpt>
   <trkpt lat="41.77564" lon="3.00672">
    <ele>101.82000000000001</ele>
   </trkpt>
   <trkpt lat="41.77554000000001" lon="3.0066">
    <ele>101.82000000000001</ele>
   </trkpt>
   <trkpt lat="41.77537" lon="3.0064800000000003">
    <ele>101.9</ele>
   </trkpt>
   <trkpt lat="41.77501" lon="3.0063700000000004">
    <ele>101.91000000000001</ele>
   </trkpt>
   <trkpt lat="41.7749" lon="3.00632">
    <ele>101.91000000000001</ele>
   </trkpt>
   <trkpt lat="41.774730000000005" lon="3.0061500000000003">
    <ele>101.95000000000002</ele>
   </trkpt>
   <trkpt lat="41.77456" lon="3.0058700000000003">
    <ele>102.09000000000002</ele>
   </trkpt>
   <trkpt lat="41.77451000000001" lon="3.0058200000000004">
    <ele>102.09000000000002</ele>
   </trkpt>
   <trkpt lat="41.774370000000005" lon="3.0058000000000002">
    <ele>102.27000000000001</ele>
   </trkpt>
   <trkpt lat="41.77409" lon="3.00584">
    <ele>102.77000000000001</ele>
   </trkpt>
   <trkpt lat="41.77402" lon="3.00585">
    <ele>104.09</ele>
   </trkpt>
   <trkpt lat="41.7738" lon="3.00578">
    <ele>104.09</ele>
   </trkpt>
   <trkpt lat="41.77371" lon="3.0057">
    <ele>104.46000000000001</ele>
   </trkpt>
   <trkpt lat="41.773160000000004" lon="3.0050600000000003">
    <ele>106.92000000000002</ele>
   </trkpt>
   <trkpt lat="41.772960000000005" lon="3.0049300000000003">
    <ele>107.49</ele>
   </trkpt>
   <trkpt lat="41.77282" lon="3.00476">
    <ele>108.66000000000001</ele>
   </trkpt>
   <trkpt lat="41.77275" lon="3.00457">
    <ele>109.52000000000001</ele>
   </trkpt>
   <trkpt lat="41.772580000000005" lon="3.00387">
    <ele>112.67</ele>
   </trkpt>
   <trkpt lat="41.772580000000005" lon="3.0035100000000003">
    <ele>113.47000000000001</ele>
   </trkpt>
   <trkpt lat="41.77252" lon="3.0033800000000004">
    <ele>113.59</ele>
   </trkpt>
   <trkpt lat="41.772450000000006" lon="3.00334">
    <ele>113.86</ele>
   </trkpt>
   <trkpt lat="41.772200000000005" lon="3.0033000000000003">
    <ele>114.48</ele>
   </trkpt>
   <trkpt lat="41.7721" lon="3.0032500000000004">
    <ele>115.39</ele>
   </trkpt>
   <trkpt lat="41.77177500132981" lon="3.0027299976172745">
    <ele>117.37000000000002</ele>
   </trkpt>
   <trkpt lat="41.77145" lon="3.0022100000000003">
    <ele>119.60000000000001</ele>
   </trkpt>
   <trkpt lat="41.77122000000001" lon="3.0019600000000004">
    <ele>120.84</ele>
   </trkpt>
   <trkpt lat="41.770860000000006" lon="3.0015">
    <ele>122.58000000000001</ele>
   </trkpt>
   <trkpt lat="41.770790000000005" lon="3.00145">
    <ele>122.58000000000001</ele>
   </trkpt>
   <trkpt lat="41.77069" lon="3.0014100000000004">
    <ele>124.92000000000002</ele>
   </trkpt>
   <trkpt lat="41.770450000000004" lon="3.0014100000000004">
    <ele>124.92000000000002</ele>
   </trkpt>
   <trkpt lat="41.77033" lon="3.0013400000000003">
    <ele>124.92000000000002</ele>
   </trkpt>
   <trkpt lat="41.770100000000006" lon="3.0009300000000003">
    <ele>126.74000000000002</ele>
   </trkpt>
   <trkpt lat="41.76997" lon="3.0007800000000002">
    <ele>128.09</ele>
   </trkpt>
   <trkpt lat="41.76975" lon="3.00064">
    <ele>128.4</ele>
   </trkpt>
   <trkpt lat="41.76959" lon="3.00057">
    <ele>129.13000000000002</ele>
   </trkpt>
   <trkpt lat="41.769400000000005" lon="3.0005300000000004">
    <ele>129.61</ele>
   </trkpt>
   <trkpt lat="41.769130000000004" lon="3.00056">
    <ele>129.61</ele>
   </trkpt>
   <trkpt lat="41.76892" lon="3.00056">
    <ele>132.16</ele>
   </trkpt>
   <trkpt lat="41.76874" lon="3.0004700000000004">
    <ele>132.16</ele>
   </trkpt>
   <trkpt lat="41.76867" lon="3.0004100000000005">
    <ele>132.16</ele>
   </trkpt>
   <trkpt lat="41.768440000000005" lon="3.00008">
    <ele>133.32000000000002</ele>
   </trkpt>
   <trkpt lat="41.76816" lon="2.9997900000000004">
    <ele>134.81</ele>
   </trkpt>
   <trkpt lat="41.768080000000005" lon="2.9996400000000003">
    <ele>135.20000000000002</ele>
   </trkpt>
   <trkpt lat="41.767920000000004" lon="2.9992400000000004">
    <ele>136.18</ele>
   </trkpt>
   <trkpt lat="41.76774" lon="2.9989500000000002">
    <ele>136.70000000000002</ele>
   </trkpt>
   <trkpt lat="41.767570000000006" lon="2.99879">
    <ele>137.18000000000004</ele>
   </trkpt>
   <trkpt lat="41.76731" lon="2.99865">
    <ele>138.05</ele>
   </trkpt>
   <trkpt lat="41.767210000000006" lon="2.99853">
    <ele>138.20000000000002</ele>
   </trkpt>
   <trkpt lat="41.76718" lon="2.99845">
    <ele>138.20000000000002</ele>
   </trkpt>
   <trkpt lat="41.7672" lon="2.9982100000000003">
    <ele>138.26000000000002</ele>
   </trkpt>
   <trkpt lat="41.767320000000005" lon="2.9978700000000003">
    <ele>138.36</ele>
   </trkpt>
   <trkpt lat="41.767390000000006" lon="2.9977400000000003">
    <ele>138.34</ele>
   </trkpt>
   <trkpt lat="41.76765" lon="2.9974900000000004">
    <ele>137.95000000000002</ele>
   </trkpt>
   <trkpt lat="41.76771" lon="2.99731">
    <ele>137.76000000000002</ele>
   </trkpt>
   <trkpt lat="41.76771" lon="2.9971">
    <ele>136.65</ele>
   </trkpt>
   <trkpt lat="41.76767" lon="2.9970200000000005">
    <ele>136.65</ele>
   </trkpt>
   <trkpt lat="41.767500000000005" lon="2.99683">
    <ele>135.24</ele>
   </trkpt>
   <trkpt lat="41.76746000000001" lon="2.99675">
    <ele>135.24</ele>
   </trkpt>
   <trkpt lat="41.76746000000001" lon="2.9965900000000003">
    <ele>133.86</ele>
   </trkpt>
   <trkpt lat="41.76756" lon="2.9961800000000003">
    <ele>133.01000000000002</ele>
   </trkpt>
   <trkpt lat="41.767680000000006" lon="2.99596">
    <ele>129.19</ele>
   </trkpt>
   <trkpt lat="41.76773" lon="2.99582">
    <ele>129.19</ele>
   </trkpt>
   <trkpt lat="41.76776" lon="2.9954400000000003">
    <ele>128.65</ele>
   </trkpt>
   <trkpt lat="41.767720000000004" lon="2.9950500000000004">
    <ele>126.59</ele>
   </trkpt>
   <trkpt lat="41.767770000000006" lon="2.99492">
    <ele>126.02000000000002</ele>
   </trkpt>
   <trkpt lat="41.76785" lon="2.9948500000000005">
    <ele>124.88</ele>
   </trkpt>
   <trkpt lat="41.76791" lon="2.9948400000000004">
    <ele>124.16000000000001</ele>
   </trkpt>
   <trkpt lat="41.768040000000006" lon="2.99487">
    <ele>122.75000000000001</ele>
   </trkpt>
   <trkpt lat="41.7682" lon="2.9949500000000002">
    <ele>121.74000000000001</ele>
   </trkpt>
   <trkpt lat="41.768260000000005" lon="2.99494">
    <ele>121.73</ele>
   </trkpt>
   <trkpt lat="41.768330000000006" lon="2.9948900000000003">
    <ele>121.73</ele>
   </trkpt>
   <trkpt lat="41.768370000000004" lon="2.99472">
    <ele>120.87</ele>
   </trkpt>
   <trkpt lat="41.768390000000004" lon="2.9944900000000003">
    <ele>118.39</ele>
   </trkpt>
   <trkpt lat="41.768480000000004" lon="2.99413">
    <ele>117.54</ele>
   </trkpt>
   <trkpt lat="41.768480000000004" lon="2.99384">
    <ele>115.51000000000002</ele>
   </trkpt>
   <trkpt lat="41.7685" lon="2.9937500000000004">
    <ele>115.51000000000002</ele>
   </trkpt>
   <trkpt lat="41.76854" lon="2.9936700000000003">
    <ele>115.51000000000002</ele>
   </trkpt>
   <trkpt lat="41.768660000000004" lon="2.9935500000000004">
    <ele>113.67</ele>
   </trkpt>
   <trkpt lat="41.76928" lon="2.9928000000000003">
    <ele>111.32</ele>
   </trkpt>
   <trkpt lat="41.76943000000001" lon="2.99264">
    <ele>111.39</ele>
   </trkpt>
   <trkpt lat="41.76975" lon="2.9919900000000004">
    <ele>111.86000000000001</ele>
   </trkpt>
   <trkpt lat="41.769760000000005" lon="2.9918600000000004">
    <ele>112.17</ele>
   </trkpt>
   <trkpt lat="41.769740000000006" lon="2.99181">
    <ele>112.17</ele>
   </trkpt>
   <trkpt lat="41.76963000000001" lon="2.99168">
    <ele>112.80000000000001</ele>
   </trkpt>
   <trkpt lat="41.769510000000004" lon="2.99167">
    <ele>113.11000000000001</ele>
   </trkpt>
   <trkpt lat="41.76915" lon="2.99175">
    <ele>115.56</ele>
   </trkpt>
   <trkpt lat="41.76897" lon="2.99176">
    <ele>116.08</ele>
   </trkpt>
   <trkpt lat="41.76885" lon="2.99187">
    <ele>116.08</ele>
   </trkpt>
   <trkpt lat="41.76869000000001" lon="2.99209">
    <ele>119.74000000000001</ele>
   </trkpt>
   <trkpt lat="41.76825" lon="2.9924000000000004">
    <ele>121.00000000000001</ele>
   </trkpt>
   <trkpt lat="41.768100000000004" lon="2.9924600000000003">
    <ele>121.74000000000001</ele>
   </trkpt>
   <trkpt lat="41.768040000000006" lon="2.9924600000000003">
    <ele>121.74000000000001</ele>
   </trkpt>
   <trkpt lat="41.76794" lon="2.9924000000000004">
    <ele>122.65</ele>
   </trkpt>
   <trkpt lat="41.76782" lon="2.9922400000000002">
    <ele>123.36000000000001</ele>
   </trkpt>
   <trkpt lat="41.76773" lon="2.99217">
    <ele>124.46000000000001</ele>
   </trkpt>
   <trkpt lat="41.76751" lon="2.99216">
    <ele>124.46000000000001</ele>
   </trkpt>
   <trkpt lat="41.767320000000005" lon="2.99203">
    <ele>126.96000000000001</ele>
   </trkpt>
   <trkpt lat="41.767100000000006" lon="2.9919300000000004">
    <ele>127.66000000000003</ele>
   </trkpt>
   <trkpt lat="41.76699000000001" lon="2.9919000000000002">
    <ele>128.10000000000002</ele>
   </trkpt>
   <trkpt lat="41.766940000000005" lon="2.9919100000000003">
    <ele>128.10000000000002</ele>
   </trkpt>
   <trkpt lat="41.76686" lon="2.99196">
    <ele>129.16</ele>
   </trkpt>
   <trkpt lat="41.76673" lon="2.9921200000000003">
    <ele>129.62</ele>
   </trkpt>
   <trkpt lat="41.76666" lon="2.99217">
    <ele>129.87</ele>
   </trkpt>
   <trkpt lat="41.76662" lon="2.9921900000000003">
    <ele>129.87</ele>
   </trkpt>
   <trkpt lat="41.766510000000004" lon="2.9922000000000004">
    <ele>131.25</ele>
   </trkpt>
   <trkpt lat="41.76632" lon="2.9921900000000003">
    <ele>131.85000000000002</ele>
   </trkpt>
   <trkpt lat="41.766200000000005" lon="2.9922700000000004">
    <ele>133.20000000000002</ele>
   </trkpt>
   <trkpt lat="41.76606" lon="2.9924500000000003">
    <ele>133.95000000000002</ele>
   </trkpt>
   <trkpt lat="41.76601" lon="2.9924700000000004">
    <ele>136.01000000000002</ele>
   </trkpt>
   <trkpt lat="41.765950000000004" lon="2.9924600000000003">
    <ele>136.01000000000002</ele>
   </trkpt>
   <trkpt lat="41.76586" lon="2.99237">
    <ele>136.78</ele>
   </trkpt>
   <trkpt lat="41.76576" lon="2.9920500000000003">
    <ele>139.36</ele>
   </trkpt>
   <trkpt lat="41.76568" lon="2.9919000000000002">
    <ele>139.36</ele>
   </trkpt>
   <trkpt lat="41.76559" lon="2.9917700000000003">
    <ele>140.78</ele>
   </trkpt>
   <trkpt lat="41.76547" lon="2.9917100000000003">
    <ele>140.78</ele>
   </trkpt>
   <trkpt lat="41.765390000000004" lon="2.9917200000000004">
    <ele>140.78</ele>
   </trkpt>
   <trkpt lat="41.7652" lon="2.99182">
    <ele>143.4</ele>
   </trkpt>
   <trkpt lat="41.765100000000004" lon="2.99181">
    <ele>143.4</ele>
   </trkpt>
   <trkpt lat="41.764970000000005" lon="2.9918400000000003">
    <ele>143.4</ele>
   </trkpt>
   <trkpt lat="41.764920000000004" lon="2.99187">
    <ele>143.4</ele>
   </trkpt>
   <trkpt lat="41.764720000000004" lon="2.9921">
    <ele>143.4</ele>
   </trkpt>
   <trkpt lat="41.764500000000005" lon="2.99221">
    <ele>149.86</ele>
   </trkpt>
   <trkpt lat="41.76442" lon="2.9922400000000002">
    <ele>149.86</ele>
   </trkpt>
   <trkpt lat="41.76431" lon="2.9922400000000002">
    <ele>149.86</ele>
   </trkpt>
   <trkpt lat="41.7642" lon="2.9921900000000003">
    <ele>149.86</ele>
   </trkpt>
   <trkpt lat="41.764050000000005" lon="2.9919900000000004">
    <ele>151.22000000000003</ele>
   </trkpt>
   <trkpt lat="41.76397" lon="2.99181">
    <ele>151.73</ele>
   </trkpt>
   <trkpt lat="41.763720000000006" lon="2.99066">
    <ele>152.73</ele>
   </trkpt>
   <trkpt lat="41.763720000000006" lon="2.99047">
    <ele>152.73</ele>
   </trkpt>
   <trkpt lat="41.76379" lon="2.99034">
    <ele>152.57000000000002</ele>
   </trkpt>
   <trkpt lat="41.764010000000006" lon="2.9901500000000003">
    <ele>152.38000000000002</ele>
   </trkpt>
   <trkpt lat="41.76408" lon="2.9900700000000002">
    <ele>152.03000000000003</ele>
   </trkpt>
   <trkpt lat="41.76415" lon="2.9898800000000003">
    <ele>152.03000000000003</ele>
   </trkpt>
   <trkpt lat="41.764190000000006" lon="2.98883">
    <ele>149.97000000000003</ele>
   </trkpt>
   <trkpt lat="41.764210000000006" lon="2.9887200000000003">
    <ele>149.97000000000003</ele>
   </trkpt>
   <trkpt lat="41.764300000000006" lon="2.9884100000000005">
    <ele>149.62</ele>
   </trkpt>
   <trkpt lat="41.76429" lon="2.9882400000000002">
    <ele>149.55</ele>
   </trkpt>
   <trkpt lat="41.76426" lon="2.9881900000000003">
    <ele>149.43</ele>
   </trkpt>
   <trkpt lat="41.764160000000004" lon="2.98809">
    <ele>149.43</ele>
   </trkpt>
   <trkpt lat="41.76406" lon="2.9880700000000004">
    <ele>149.16000000000003</ele>
   </trkpt>
   <trkpt lat="41.76393" lon="2.98817">
    <ele>149.16000000000003</ele>
   </trkpt>
   <trkpt lat="41.763740000000006" lon="2.98837">
    <ele>149.01</ele>
   </trkpt>
   <trkpt lat="41.763490000000004" lon="2.9888100000000004">
    <ele>148.95</ele>
   </trkpt>
   <trkpt lat="41.76339" lon="2.9888800000000004">
    <ele>148.78000000000003</ele>
   </trkpt>
   <trkpt lat="41.763000000000005" lon="2.98896">
    <ele>148.66000000000003</ele>
   </trkpt>
   <trkpt lat="41.76292" lon="2.9889400000000004">
    <ele>148.57</ele>
   </trkpt>
   <trkpt lat="41.76287000000001" lon="2.98891">
    <ele>148.57</ele>
   </trkpt>
   <trkpt lat="41.76268" lon="2.98857">
    <ele>147.81000000000003</ele>
   </trkpt>
   <trkpt lat="41.762600000000006" lon="2.9883900000000003">
    <ele>147.81000000000003</ele>
   </trkpt>
   <trkpt lat="41.762570000000004" lon="2.98828">
    <ele>147.81000000000003</ele>
   </trkpt>
   <trkpt lat="41.76254" lon="2.98782">
    <ele>146.99</ele>
   </trkpt>
   <trkpt lat="41.762600000000006" lon="2.9871700000000003">
    <ele>144.82</ele>
   </trkpt>
   <trkpt lat="41.76287000000001" lon="2.98647">
    <ele>141.54</ele>
   </trkpt>
   <trkpt lat="41.76288" lon="2.98618">
    <ele>141.08</ele>
   </trkpt>
   <trkpt lat="41.762930000000004" lon="2.9860300000000004">
    <ele>140.55</ele>
   </trkpt>
   <trkpt lat="41.763020000000004" lon="2.9859600000000004">
    <ele>139.64000000000001</ele>
   </trkpt>
   <trkpt lat="41.7631" lon="2.9859600000000004">
    <ele>138.96</ele>
   </trkpt>
   <trkpt lat="41.76328" lon="2.9861000000000004">
    <ele>136.03</ele>
   </trkpt>
   <trkpt lat="41.763400000000004" lon="2.98612">
    <ele>136.03</ele>
   </trkpt>
   <trkpt lat="41.763490000000004" lon="2.98611">
    <ele>136.03</ele>
   </trkpt>
   <trkpt lat="41.76359" lon="2.98605">
    <ele>134.53</ele>
   </trkpt>
   <trkpt lat="41.763690000000004" lon="2.9858200000000004">
    <ele>133.47</ele>
   </trkpt>
   <trkpt lat="41.763780000000004" lon="2.98545">
    <ele>130.91</ele>
   </trkpt>
   <trkpt lat="41.76377" lon="2.9853300000000003">
    <ele>130.59</ele>
   </trkpt>
   <trkpt lat="41.7637" lon="2.98505">
    <ele>128.54000000000002</ele>
   </trkpt>
   <trkpt lat="41.76373" lon="2.9848000000000003">
    <ele>127.56</ele>
   </trkpt>
   <trkpt lat="41.763720000000006" lon="2.98462">
    <ele>126.69</ele>
   </trkpt>
   <trkpt lat="41.76359" lon="2.9842700000000004">
    <ele>125.19000000000003</ele>
   </trkpt>
   <trkpt lat="41.763540000000006" lon="2.98417">
    <ele>124.76</ele>
   </trkpt>
   <trkpt lat="41.76346" lon="2.98408">
    <ele>123.83000000000001</ele>
   </trkpt>
   <trkpt lat="41.76328" lon="2.9840400000000002">
    <ele>123.63</ele>
   </trkpt>
   <trkpt lat="41.763200000000005" lon="2.98394">
    <ele>122.52</ele>
   </trkpt>
   <trkpt lat="41.763110000000005" lon="2.98369">
    <ele>122.52</ele>
   </trkpt>
   <trkpt lat="41.76303" lon="2.98356">
    <ele>121.19</ele>
   </trkpt>
   <trkpt lat="41.76297" lon="2.9833900000000004">
    <ele>120.74000000000001</ele>
   </trkpt>
   <trkpt lat="41.76299" lon="2.9832">
    <ele>119.77000000000001</ele>
   </trkpt>
   <trkpt lat="41.76324" lon="2.9825500000000003">
    <ele>117.43</ele>
   </trkpt>
   <trkpt lat="41.763270000000006" lon="2.9825100000000004">
    <ele>116.88000000000001</ele>
   </trkpt>
   <trkpt lat="41.76332" lon="2.9824900000000003">
    <ele>116.88000000000001</ele>
   </trkpt>
   <trkpt lat="41.763540000000006" lon="2.9824800000000002">
    <ele>115.65</ele>
   </trkpt>
   <trkpt lat="41.76361" lon="2.9824400000000004">
    <ele>113.85000000000001</ele>
   </trkpt>
   <trkpt lat="41.763670000000005" lon="2.98234">
    <ele>113.85000000000001</ele>
   </trkpt>
   <trkpt lat="41.76368" lon="2.9822800000000003">
    <ele>113.85000000000001</ele>
   </trkpt>
   <trkpt lat="41.76364" lon="2.98199">
    <ele>112.24000000000001</ele>
   </trkpt>
   <trkpt lat="41.763560000000005" lon="2.98164">
    <ele>110.56</ele>
   </trkpt>
   <trkpt lat="41.763470000000005" lon="2.9814700000000003">
    <ele>109.02000000000001</ele>
   </trkpt>
   <trkpt lat="41.763270000000006" lon="2.98124">
    <ele>108.46000000000001</ele>
   </trkpt>
   <trkpt lat="41.763180000000006" lon="2.9810200000000004">
    <ele>105.57000000000001</ele>
   </trkpt>
   <trkpt lat="41.76321" lon="2.98062">
    <ele>104.02000000000001</ele>
   </trkpt>
   <trkpt lat="41.763200000000005" lon="2.98021">
    <ele>102.92000000000002</ele>
   </trkpt>
   <trkpt lat="41.763220000000004" lon="2.9801200000000003">
    <ele>102.92000000000002</ele>
   </trkpt>
   <trkpt lat="41.76335" lon="2.97994">
    <ele>100.95</ele>
   </trkpt>
   <trkpt lat="41.763380000000005" lon="2.9798600000000004">
    <ele>100.7</ele>
   </trkpt>
   <trkpt lat="41.76339" lon="2.97968">
    <ele>100.01</ele>
   </trkpt>
   <trkpt lat="41.76337" lon="2.97934">
    <ele>98.78</ele>
   </trkpt>
   <trkpt lat="41.763380000000005" lon="2.97922">
    <ele>98.78</ele>
   </trkpt>
   <trkpt lat="41.76343000000001" lon="2.9791000000000003">
    <ele>97.46000000000001</ele>
   </trkpt>
   <trkpt lat="41.763540000000006" lon="2.9789200000000005">
    <ele>97.46000000000001</ele>
   </trkpt>
   <trkpt lat="41.76382" lon="2.9786300000000003">
    <ele>94.9</ele>
   </trkpt>
   <trkpt lat="41.76390000000001" lon="2.97859">
    <ele>94.9</ele>
   </trkpt>
   <trkpt lat="41.764070000000004" lon="2.9785800000000004">
    <ele>93.32000000000001</ele>
   </trkpt>
   <trkpt lat="41.76427" lon="2.97873">
    <ele>92.34</ele>
   </trkpt>
   <trkpt lat="41.7644" lon="2.9788900000000003">
    <ele>91.65</ele>
   </trkpt>
   <trkpt lat="41.76451" lon="2.9791100000000004">
    <ele>91.65</ele>
   </trkpt>
   <trkpt lat="41.764590000000005" lon="2.9791900000000004">
    <ele>89.27</ele>
   </trkpt>
   <trkpt lat="41.76475000000001" lon="2.9792500000000004">
    <ele>89.27</ele>
   </trkpt>
   <trkpt lat="41.76485" lon="2.9792400000000003">
    <ele>88.81000000000002</ele>
   </trkpt>
   <trkpt lat="41.764900000000004" lon="2.97921">
    <ele>88.55</ele>
   </trkpt>
   <trkpt lat="41.76496" lon="2.97914">
    <ele>87.96000000000001</ele>
   </trkpt>
   <trkpt lat="41.76498" lon="2.97907">
    <ele>87.63000000000001</ele>
   </trkpt>
   <trkpt lat="41.764970000000005" lon="2.9788500000000004">
    <ele>85.10000000000001</ele>
   </trkpt>
   <trkpt lat="41.764810000000004" lon="2.9781700000000004">
    <ele>81.61</ele>
   </trkpt>
   <trkpt lat="41.764610000000005" lon="2.97772">
    <ele>79.66000000000001</ele>
   </trkpt>
   <trkpt lat="41.76453" lon="2.9772900000000004">
    <ele>77.47000000000001</ele>
   </trkpt>
   <trkpt lat="41.764320000000005" lon="2.97677">
    <ele>75.31</ele>
   </trkpt>
   <trkpt lat="41.76429" lon="2.97656">
    <ele>74.76</ele>
   </trkpt>
   <trkpt lat="41.764320000000005" lon="2.97642">
    <ele>73.59</ele>
   </trkpt>
   <trkpt lat="41.764450000000004" lon="2.97622">
    <ele>72.98</ele>
   </trkpt>
   <trkpt lat="41.764520000000005" lon="2.9761400000000005">
    <ele>71.38</ele>
   </trkpt>
   <trkpt lat="41.76458" lon="2.9761">
    <ele>71.38</ele>
   </trkpt>
   <trkpt lat="41.764720000000004" lon="2.9760600000000004">
    <ele>70.19</ele>
   </trkpt>
   <trkpt lat="41.764880000000005" lon="2.9760500000000003">
    <ele>69.18</ele>
   </trkpt>
   <trkpt lat="41.76509" lon="2.9759800000000003">
    <ele>68.76</ele>
   </trkpt>
   <trkpt lat="41.765190000000004" lon="2.9759900000000004">
    <ele>67.75</ele>
   </trkpt>
   <trkpt lat="41.76540000000001" lon="2.9761300000000004">
    <ele>66.92</ele>
   </trkpt>
   <trkpt lat="41.765510000000006" lon="2.9761800000000003">
    <ele>66.69</ele>
   </trkpt>
   <trkpt lat="41.76563" lon="2.97621">
    <ele>66.27000000000001</ele>
   </trkpt>
   <trkpt lat="41.765800000000006" lon="2.97621">
    <ele>65.9</ele>
   </trkpt>
   <trkpt lat="41.765890000000006" lon="2.97616">
    <ele>65.78</ele>
   </trkpt>
   <trkpt lat="41.76592" lon="2.9761100000000003">
    <ele>65.64</ele>
   </trkpt>
   <trkpt lat="41.76594" lon="2.97602">
    <ele>65.25999999999999</ele>
   </trkpt>
   <trkpt lat="41.76592" lon="2.9759100000000003">
    <ele>65.02000000000001</ele>
   </trkpt>
   <trkpt lat="41.76586" lon="2.97581">
    <ele>64.47</ele>
   </trkpt>
   <trkpt lat="41.76574" lon="2.97569">
    <ele>62.96</ele>
   </trkpt>
   <trkpt lat="41.76567" lon="2.9755900000000004">
    <ele>62.96</ele>
   </trkpt>
   <trkpt lat="41.76565" lon="2.9754500000000004">
    <ele>62.00000000000001</ele>
   </trkpt>
   <trkpt lat="41.765660000000004" lon="2.9754">
    <ele>62.00000000000001</ele>
   </trkpt>
   <trkpt lat="41.76578000000001" lon="2.9751600000000002">
    <ele>60.11</ele>
   </trkpt>
   <trkpt lat="41.765840000000004" lon="2.97494">
    <ele>59.830000000000005</ele>
   </trkpt>
   <trkpt lat="41.765800000000006" lon="2.9747600000000003">
    <ele>59.63</ele>
   </trkpt>
   <trkpt lat="41.765570000000004" lon="2.9745500000000002">
    <ele>59.690000000000005</ele>
   </trkpt>
   <trkpt lat="41.765510000000006" lon="2.97453">
    <ele>59.7</ele>
   </trkpt>
   <trkpt lat="41.76541" lon="2.9745500000000002">
    <ele>59.97</ele>
   </trkpt>
   <trkpt lat="41.76523" lon="2.97466">
    <ele>60.65</ele>
   </trkpt>
   <trkpt lat="41.76507" lon="2.9747100000000004">
    <ele>61.33</ele>
   </trkpt>
   <trkpt lat="41.76494" lon="2.9747100000000004">
    <ele>62.42</ele>
   </trkpt>
   <trkpt lat="41.76482" lon="2.97467">
    <ele>63.6</ele>
   </trkpt>
   <trkpt lat="41.76465" lon="2.97453">
    <ele>65.64</ele>
   </trkpt>
   <trkpt lat="41.7646" lon="2.9744300000000004">
    <ele>65.64</ele>
   </trkpt>
   <trkpt lat="41.764570000000006" lon="2.9743500000000003">
    <ele>65.89</ele>
   </trkpt>
   <trkpt lat="41.76451" lon="2.97393">
    <ele>67.42</ele>
   </trkpt>
   <trkpt lat="41.76449" lon="2.97386">
    <ele>68.8</ele>
   </trkpt>
   <trkpt lat="41.764450000000004" lon="2.9738">
    <ele>68.8</ele>
   </trkpt>
   <trkpt lat="41.76437000000001" lon="2.9737500000000003">
    <ele>68.8</ele>
   </trkpt>
   <trkpt lat="41.76429" lon="2.97377">
    <ele>70.5</ele>
   </trkpt>
   <trkpt lat="41.763980000000004" lon="2.97392">
    <ele>71.67000000000002</ele>
   </trkpt>
   <trkpt lat="41.76390000000001" lon="2.9739000000000004">
    <ele>72.23</ele>
   </trkpt>
   <trkpt lat="41.76382" lon="2.97385">
    <ele>72.74</ele>
   </trkpt>
   <trkpt lat="41.76368" lon="2.97372">
    <ele>73.45</ele>
   </trkpt>
   <trkpt lat="41.763510000000004" lon="2.9734800000000003">
    <ele>75.08000000000001</ele>
   </trkpt>
   <trkpt lat="41.76346" lon="2.9734700000000003">
    <ele>75.08000000000001</ele>
   </trkpt>
   <trkpt lat="41.76337" lon="2.9735">
    <ele>75.78</ele>
   </trkpt>
   <trkpt lat="41.76324" lon="2.97364">
    <ele>76.16000000000001</ele>
   </trkpt>
   <trkpt lat="41.763180000000006" lon="2.9736800000000003">
    <ele>76.16000000000001</ele>
   </trkpt>
   <trkpt lat="41.76312" lon="2.9737000000000005">
    <ele>76.16000000000001</ele>
   </trkpt>
   <trkpt lat="41.763040000000004" lon="2.9736900000000004">
    <ele>77.45</ele>
   </trkpt>
   <trkpt lat="41.76277" lon="2.97345">
    <ele>79.03</ele>
   </trkpt>
   <trkpt lat="41.762420000000006" lon="2.9730200000000004">
    <ele>80.84</ele>
   </trkpt>
   <trkpt lat="41.7623" lon="2.97298">
    <ele>81.71000000000001</ele>
   </trkpt>
   <trkpt lat="41.762240000000006" lon="2.9730000000000003">
    <ele>81.71000000000001</ele>
   </trkpt>
   <trkpt lat="41.76214" lon="2.97311">
    <ele>81.71000000000001</ele>
   </trkpt>
   <trkpt lat="41.76209" lon="2.97325">
    <ele>83.31</ele>
   </trkpt>
   <trkpt lat="41.762060000000005" lon="2.9734000000000003">
    <ele>84.05000000000001</ele>
   </trkpt>
   <trkpt lat="41.762040000000006" lon="2.9736000000000002">
    <ele>84.05000000000001</ele>
   </trkpt>
   <trkpt lat="41.762130000000006" lon="2.97399">
    <ele>85.95000000000002</ele>
   </trkpt>
   <trkpt lat="41.762130000000006" lon="2.9740800000000003">
    <ele>87.12</ele>
   </trkpt>
   <trkpt lat="41.762100000000004" lon="2.97425">
    <ele>87.66</ele>
   </trkpt>
   <trkpt lat="41.762040000000006" lon="2.9743600000000003">
    <ele>87.66</ele>
   </trkpt>
   <trkpt lat="41.7618" lon="2.9745500000000002">
    <ele>90.60000000000001</ele>
   </trkpt>
   <trkpt lat="41.76137000000001" lon="2.9745600000000003">
    <ele>92.44000000000001</ele>
   </trkpt>
   <trkpt lat="41.761250000000004" lon="2.97461">
    <ele>92.92</ele>
   </trkpt>
   <trkpt lat="41.7612" lon="2.9746500000000005">
    <ele>92.92</ele>
   </trkpt>
   <trkpt lat="41.76115" lon="2.97479">
    <ele>94.01</ele>
   </trkpt>
   <trkpt lat="41.761160000000004" lon="2.9750900000000002">
    <ele>95.41000000000001</ele>
   </trkpt>
   <trkpt lat="41.761100000000006" lon="2.97527">
    <ele>95.41000000000001</ele>
   </trkpt>
   <trkpt lat="41.761030000000005" lon="2.9753200000000004">
    <ele>96.77000000000001</ele>
   </trkpt>
   <trkpt lat="41.76098" lon="2.97534">
    <ele>96.77000000000001</ele>
   </trkpt>
   <trkpt lat="41.76088" lon="2.97533">
    <ele>96.77000000000001</ele>
   </trkpt>
   <trkpt lat="41.76037" lon="2.97514">
    <ele>99.25</ele>
   </trkpt>
   <trkpt lat="41.760310000000004" lon="2.97513">
    <ele>100.61</ele>
   </trkpt>
   <trkpt lat="41.76026" lon="2.97514">
    <ele>100.61</ele>
   </trkpt>
   <trkpt lat="41.76017" lon="2.9752300000000003">
    <ele>100.61</ele>
   </trkpt>
   <trkpt lat="41.760110000000005" lon="2.9754300000000002">
    <ele>101.85000000000001</ele>
   </trkpt>
   <trkpt lat="41.76008" lon="2.97548">
    <ele>101.85000000000001</ele>
   </trkpt>
   <trkpt lat="41.760000000000005" lon="2.97554">
    <ele>103.18</ele>
   </trkpt>
   <trkpt lat="41.75995" lon="2.97554">
    <ele>103.18</ele>
   </trkpt>
   <trkpt lat="41.759710000000005" lon="2.9754400000000003">
    <ele>103.18</ele>
   </trkpt>
   <trkpt lat="41.75965" lon="2.9754400000000003">
    <ele>105.69</ele>
   </trkpt>
   <trkpt lat="41.75956" lon="2.9755000000000003">
    <ele>105.69</ele>
   </trkpt>
   <trkpt lat="41.759510000000006" lon="2.97562">
    <ele>105.69</ele>
   </trkpt>
   <trkpt lat="41.75945" lon="2.9759100000000003">
    <ele>106.77</ele>
   </trkpt>
   <trkpt lat="41.75941" lon="2.9759900000000004">
    <ele>107.95</ele>
   </trkpt>
   <trkpt lat="41.75921" lon="2.97617">
    <ele>110.49000000000001</ele>
   </trkpt>
   <trkpt lat="41.759190000000004" lon="2.97624">
    <ele>110.49000000000001</ele>
   </trkpt>
   <trkpt lat="41.75916" lon="2.97676">
    <ele>112.56</ele>
   </trkpt>
   <trkpt lat="41.75912" lon="2.97683">
    <ele>112.56</ele>
   </trkpt>
   <trkpt lat="41.75907" lon="2.9768800000000004">
    <ele>112.56</ele>
   </trkpt>
   <trkpt lat="41.75896" lon="2.9768800000000004">
    <ele>114.17</ele>
   </trkpt>
   <trkpt lat="41.758860000000006" lon="2.97682">
    <ele>114.69000000000001</ele>
   </trkpt>
   <trkpt lat="41.758700000000005" lon="2.9766800000000004">
    <ele>115.78</ele>
   </trkpt>
   <trkpt lat="41.75862" lon="2.97656">
    <ele>115.84</ele>
   </trkpt>
   <trkpt lat="41.758430000000004" lon="2.97616">
    <ele>115.64</ele>
   </trkpt>
   <trkpt lat="41.758340000000004" lon="2.9759300000000004">
    <ele>115.15000000000002</ele>
   </trkpt>
   <trkpt lat="41.75831" lon="2.9758000000000004">
    <ele>114.47000000000001</ele>
   </trkpt>
   <trkpt lat="41.75831" lon="2.9756400000000003">
    <ele>113.92</ele>
   </trkpt>
   <trkpt lat="41.7584" lon="2.9753200000000004">
    <ele>112.49000000000001</ele>
   </trkpt>
   <trkpt lat="41.758480000000006" lon="2.9747600000000003">
    <ele>108.86000000000001</ele>
   </trkpt>
   <trkpt lat="41.758610000000004" lon="2.97446">
    <ele>107.69000000000001</ele>
   </trkpt>
   <trkpt lat="41.758610000000004" lon="2.9740800000000003">
    <ele>106.29</ele>
   </trkpt>
   <trkpt lat="41.75882" lon="2.97359">
    <ele>103.15</ele>
   </trkpt>
   <trkpt lat="41.758860000000006" lon="2.9734700000000003">
    <ele>102.5</ele>
   </trkpt>
   <trkpt lat="41.758860000000006" lon="2.9734100000000003">
    <ele>102.5</ele>
   </trkpt>
   <trkpt lat="41.75873" lon="2.97284">
    <ele>98.32000000000001</ele>
   </trkpt>
   <trkpt lat="41.758520000000004" lon="2.9721900000000003">
    <ele>94.74000000000001</ele>
   </trkpt>
   <trkpt lat="41.758" lon="2.97134">
    <ele>90.37</ele>
   </trkpt>
   <trkpt lat="41.75791" lon="2.9712300000000003">
    <ele>89.25000000000001</ele>
   </trkpt>
   <trkpt lat="41.75784" lon="2.97121">
    <ele>88.71000000000001</ele>
   </trkpt>
   <trkpt lat="41.757720000000006" lon="2.9712600000000005">
    <ele>88.05</ele>
   </trkpt>
   <trkpt lat="41.757670000000005" lon="2.9713100000000003">
    <ele>87.87</ele>
   </trkpt>
   <trkpt lat="41.757630000000006" lon="2.9714300000000002">
    <ele>87.47</ele>
   </trkpt>
   <trkpt lat="41.757630000000006" lon="2.97176">
    <ele>87.04</ele>
   </trkpt>
   <trkpt lat="41.75761000000001" lon="2.9719900000000004">
    <ele>86.99000000000001</ele>
   </trkpt>
   <trkpt lat="41.757650000000005" lon="2.9724500000000003">
    <ele>87.41</ele>
   </trkpt>
   <trkpt lat="41.757580000000004" lon="2.9726100000000004">
    <ele>87.41</ele>
   </trkpt>
   <trkpt lat="41.757360000000006" lon="2.9728100000000004">
    <ele>87.81000000000002</ele>
   </trkpt>
   <trkpt lat="41.757110000000004" lon="2.9729300000000003">
    <ele>88.49000000000001</ele>
   </trkpt>
   <trkpt lat="41.756890000000006" lon="2.9732700000000003">
    <ele>89.9</ele>
   </trkpt>
   <trkpt lat="41.75668" lon="2.97338">
    <ele>91.64000000000001</ele>
   </trkpt>
   <trkpt lat="41.756440000000005" lon="2.9734200000000004">
    <ele>93.32000000000001</ele>
   </trkpt>
   <trkpt lat="41.756280000000004" lon="2.97351">
    <ele>93.99000000000001</ele>
   </trkpt>
   <trkpt lat="41.755990000000004" lon="2.9737500000000003">
    <ele>95.55000000000001</ele>
   </trkpt>
   <trkpt lat="41.755810000000004" lon="2.9738700000000002">
    <ele>96.49000000000001</ele>
   </trkpt>
   <trkpt lat="41.7556" lon="2.97398">
    <ele>96.84</ele>
   </trkpt>
   <trkpt lat="41.75551" lon="2.9739700000000004">
    <ele>96.82000000000001</ele>
   </trkpt>
   <trkpt lat="41.755410000000005" lon="2.97392">
    <ele>96.58000000000001</ele>
   </trkpt>
   <trkpt lat="41.755370000000006" lon="2.97386">
    <ele>96.58000000000001</ele>
   </trkpt>
   <trkpt lat="41.755100000000006" lon="2.9729400000000004">
    <ele>94.34</ele>
   </trkpt>
   <trkpt lat="41.755100000000006" lon="2.97285">
    <ele>94.34</ele>
   </trkpt>
   <trkpt lat="41.755160000000004" lon="2.97271">
    <ele>93.59</ele>
   </trkpt>
   <trkpt lat="41.755210000000005" lon="2.9726600000000003">
    <ele>93.59</ele>
   </trkpt>
   <trkpt lat="41.755880000000005" lon="2.97228">
    <ele>90.84</ele>
   </trkpt>
   <trkpt lat="41.756" lon="2.97217">
    <ele>89.79</ele>
   </trkpt>
   <trkpt lat="41.75616" lon="2.97156">
    <ele>88.4</ele>
   </trkpt>
   <trkpt lat="41.75616" lon="2.9714">
    <ele>88.04</ele>
   </trkpt>
   <trkpt lat="41.75603" lon="2.9709100000000004">
    <ele>87.31000000000002</ele>
   </trkpt>
   <trkpt lat="41.75602000000001" lon="2.9705800000000004">
    <ele>87.18</ele>
   </trkpt>
   <trkpt lat="41.75607" lon="2.97013">
    <ele>87.20000000000002</ele>
   </trkpt>
   <trkpt lat="41.75602000000001" lon="2.9700100000000003">
    <ele>87.20000000000002</ele>
   </trkpt>
   <trkpt lat="41.755810000000004" lon="2.96978">
    <ele>87.13000000000001</ele>
   </trkpt>
   <trkpt lat="41.75574" lon="2.9696800000000003">
    <ele>87.14</ele>
   </trkpt>
   <trkpt lat="41.75571" lon="2.96952">
    <ele>87.14</ele>
   </trkpt>
   <trkpt lat="41.75573000000001" lon="2.9693500000000004">
    <ele>87.09</ele>
   </trkpt>
   <trkpt lat="41.75585" lon="2.9691400000000003">
    <ele>87.09</ele>
   </trkpt>
   <trkpt lat="41.755930000000006" lon="2.96891">
    <ele>87.19</ele>
   </trkpt>
   <trkpt lat="41.75594" lon="2.9686700000000004">
    <ele>87.20000000000002</ele>
   </trkpt>
   <trkpt lat="41.755900000000004" lon="2.9684000000000004">
    <ele>87.20000000000002</ele>
   </trkpt>
   <trkpt lat="41.75585" lon="2.96822">
    <ele>87.16</ele>
   </trkpt>
   <trkpt lat="41.755810000000004" lon="2.96817">
    <ele>87.16</ele>
   </trkpt>
   <trkpt lat="41.75571" lon="2.9681100000000002">
    <ele>87.16</ele>
   </trkpt>
   <trkpt lat="41.75558" lon="2.9680700000000004">
    <ele>87.25</ele>
   </trkpt>
   <trkpt lat="41.755520000000004" lon="2.96801">
    <ele>87.22</ele>
   </trkpt>
   <trkpt lat="41.75546000000001" lon="2.96788">
    <ele>87.22</ele>
   </trkpt>
   <trkpt lat="41.75545" lon="2.96763">
    <ele>87.24000000000001</ele>
   </trkpt>
   <trkpt lat="41.75542" lon="2.96754">
    <ele>87.39</ele>
   </trkpt>
   <trkpt lat="41.755230000000005" lon="2.96727">
    <ele>87.36</ele>
   </trkpt>
   <trkpt lat="41.7552" lon="2.9671800000000004">
    <ele>87.29</ele>
   </trkpt>
   <trkpt lat="41.755190000000006" lon="2.96708">
    <ele>87.16</ele>
   </trkpt>
   <trkpt lat="41.755230000000005" lon="2.96687">
    <ele>86.71000000000001</ele>
   </trkpt>
   <trkpt lat="41.755300000000005" lon="2.9666400000000004">
    <ele>86.71000000000001</ele>
   </trkpt>
   <trkpt lat="41.755430000000004" lon="2.9664200000000003">
    <ele>85.83</ele>
   </trkpt>
   <trkpt lat="41.75587" lon="2.9658">
    <ele>84.66000000000001</ele>
   </trkpt>
   <trkpt lat="41.75598" lon="2.96558">
    <ele>83.87</ele>
   </trkpt>
   <trkpt lat="41.756060000000005" lon="2.9653500000000004">
    <ele>83.35000000000001</ele>
   </trkpt>
   <trkpt lat="41.75607" lon="2.9651400000000003">
    <ele>82.60000000000001</ele>
   </trkpt>
   <trkpt lat="41.75603" lon="2.9648700000000003">
    <ele>82.30000000000001</ele>
   </trkpt>
   <trkpt lat="41.75582" lon="2.9640000000000004">
    <ele>79.78</ele>
   </trkpt>
   <trkpt lat="41.75582" lon="2.96382">
    <ele>79.51</ele>
   </trkpt>
   <trkpt lat="41.755880000000005" lon="2.9634400000000003">
    <ele>78.87</ele>
   </trkpt>
   <trkpt lat="41.75589" lon="2.9631100000000004">
    <ele>78.87</ele>
   </trkpt>
   <trkpt lat="41.75585" lon="2.9629900000000005">
    <ele>79.21000000000001</ele>
   </trkpt>
   <trkpt lat="41.755770000000005" lon="2.9629000000000003">
    <ele>79.45</ele>
   </trkpt>
   <trkpt lat="41.75564000000001" lon="2.9628500000000004">
    <ele>80.09</ele>
   </trkpt>
   <trkpt lat="41.75556" lon="2.9628400000000004">
    <ele>80.5</ele>
   </trkpt>
   <trkpt lat="41.75545" lon="2.9628500000000004">
    <ele>80.95</ele>
   </trkpt>
   <trkpt lat="41.75524" lon="2.96293">
    <ele>82.23</ele>
   </trkpt>
   <trkpt lat="41.75497" lon="2.96306">
    <ele>84.02000000000001</ele>
   </trkpt>
   <trkpt lat="41.754870000000004" lon="2.96313">
    <ele>84.02000000000001</ele>
   </trkpt>
   <trkpt lat="41.75477" lon="2.9632600000000004">
    <ele>85.57000000000001</ele>
   </trkpt>
   <trkpt lat="41.75473" lon="2.96335">
    <ele>86.44</ele>
   </trkpt>
   <trkpt lat="41.75462" lon="2.96375">
    <ele>88.25000000000001</ele>
   </trkpt>
   <trkpt lat="41.75466" lon="2.9643200000000003">
    <ele>90.14000000000001</ele>
   </trkpt>
   <trkpt lat="41.754650000000005" lon="2.9645200000000003">
    <ele>92.14000000000001</ele>
   </trkpt>
   <trkpt lat="41.75459" lon="2.9646600000000003">
    <ele>92.14000000000001</ele>
   </trkpt>
   <trkpt lat="41.75444" lon="2.9648700000000003">
    <ele>93.71</ele>
   </trkpt>
   <trkpt lat="41.75424" lon="2.9650900000000004">
    <ele>94.54</ele>
   </trkpt>
   <trkpt lat="41.754110000000004" lon="2.9651500000000004">
    <ele>95.4</ele>
   </trkpt>
   <trkpt lat="41.75404" lon="2.9651500000000004">
    <ele>95.4</ele>
   </trkpt>
   <trkpt lat="41.753980000000006" lon="2.9651300000000003">
    <ele>97.48</ele>
   </trkpt>
   <trkpt lat="41.753690000000006" lon="2.96492">
    <ele>99.01000000000002</ele>
   </trkpt>
   <trkpt lat="41.753600000000006" lon="2.96489">
    <ele>99.87000000000002</ele>
   </trkpt>
   <trkpt lat="41.75352" lon="2.9649">
    <ele>99.87000000000002</ele>
   </trkpt>
   <trkpt lat="41.753440000000005" lon="2.9649300000000003">
    <ele>100.4</ele>
   </trkpt>
   <trkpt lat="41.753370000000004" lon="2.9650100000000004">
    <ele>101.42</ele>
   </trkpt>
   <trkpt lat="41.75318" lon="2.9653300000000002">
    <ele>103.04</ele>
   </trkpt>
   <trkpt lat="41.75309" lon="2.96544">
    <ele>103.04</ele>
   </trkpt>
   <trkpt lat="41.753" lon="2.96546">
    <ele>104.99000000000001</ele>
   </trkpt>
   <trkpt lat="41.752810000000004" lon="2.96538">
    <ele>104.99000000000001</ele>
   </trkpt>
   <trkpt lat="41.75273000000001" lon="2.96537">
    <ele>104.99000000000001</ele>
   </trkpt>
   <trkpt lat="41.752610000000004" lon="2.96538">
    <ele>106.56</ele>
   </trkpt>
   <trkpt lat="41.75254" lon="2.9654300000000005">
    <ele>106.56</ele>
   </trkpt>
   <trkpt lat="41.752430000000004" lon="2.96557">
    <ele>107.58000000000001</ele>
   </trkpt>
   <trkpt lat="41.752390000000005" lon="2.96565">
    <ele>108.38</ele>
   </trkpt>
   <trkpt lat="41.752210000000005" lon="2.9661000000000004">
    <ele>110.02000000000001</ele>
   </trkpt>
   <trkpt lat="41.752190000000006" lon="2.9664200000000003">
    <ele>111.32</ele>
   </trkpt>
   <trkpt lat="41.75217000000001" lon="2.9665000000000004">
    <ele>112.59</ele>
   </trkpt>
   <trkpt lat="41.75193" lon="2.9668900000000002">
    <ele>113.82000000000001</ele>
   </trkpt>
   <trkpt lat="41.751830000000005" lon="2.9671000000000003">
    <ele>117.35000000000001</ele>
   </trkpt>
   <trkpt lat="41.75166" lon="2.9677000000000002">
    <ele>119.09000000000002</ele>
   </trkpt>
   <trkpt lat="41.7516" lon="2.9677800000000003">
    <ele>119.70000000000002</ele>
   </trkpt>
   <trkpt lat="41.751490000000004" lon="2.96783">
    <ele>119.70000000000002</ele>
   </trkpt>
   <trkpt lat="41.751400000000004" lon="2.96783">
    <ele>120.27000000000001</ele>
   </trkpt>
   <trkpt lat="41.75135" lon="2.9678000000000004">
    <ele>120.70000000000002</ele>
   </trkpt>
   <trkpt lat="41.75119" lon="2.9676000000000005">
    <ele>121.09</ele>
   </trkpt>
   <trkpt lat="41.75108" lon="2.9674300000000002">
    <ele>121.15</ele>
   </trkpt>
   <trkpt lat="41.75108" lon="2.96742">
    <ele>121.16</ele>
   </trkpt>
   <trkpt lat="41.75092" lon="2.9671200000000004">
    <ele>120.94</ele>
   </trkpt>
   <trkpt lat="41.750960000000006" lon="2.9670400000000003">
    <ele>120.94</ele>
   </trkpt>
   <trkpt lat="41.750960000000006" lon="2.9669700000000003">
    <ele>121.81000000000002</ele>
   </trkpt>
   <trkpt lat="41.75086" lon="2.9667700000000004">
    <ele>122.60000000000001</ele>
   </trkpt>
   <trkpt lat="41.75072" lon="2.9665800000000004">
    <ele>123.66</ele>
   </trkpt>
   <trkpt lat="41.7507" lon="2.96653">
    <ele>124.88</ele>
   </trkpt>
   <trkpt lat="41.750690000000006" lon="2.96641">
    <ele>125.26</ele>
   </trkpt>
   <trkpt lat="41.750730000000004" lon="2.9663500000000003">
    <ele>125.94000000000003</ele>
   </trkpt>
   <trkpt lat="41.750960000000006" lon="2.9662100000000002">
    <ele>127.51</ele>
   </trkpt>
   <trkpt lat="41.751020000000004" lon="2.96614">
    <ele>127.51</ele>
   </trkpt>
   <trkpt lat="41.751110000000004" lon="2.96599">
    <ele>128.54999999999998</ele>
   </trkpt>
   <trkpt lat="41.75139" lon="2.96531">
    <ele>132.4</ele>
   </trkpt>
   <trkpt lat="41.751430000000006" lon="2.9650100000000004">
    <ele>135.08</ele>
   </trkpt>
   <trkpt lat="41.75142" lon="2.9647500000000004">
    <ele>135.81</ele>
   </trkpt>
   <trkpt lat="41.7513" lon="2.9641200000000003">
    <ele>139.78</ele>
   </trkpt>
   <trkpt lat="41.75123000000001" lon="2.9640000000000004">
    <ele>140.48000000000002</ele>
   </trkpt>
   <trkpt lat="41.751020000000004" lon="2.96375">
    <ele>143.16</ele>
   </trkpt>
   <trkpt lat="41.75099" lon="2.96368">
    <ele>143.16</ele>
   </trkpt>
   <trkpt lat="41.75097" lon="2.96348">
    <ele>143.9</ele>
   </trkpt>
   <trkpt lat="41.75101" lon="2.9633200000000004">
    <ele>146.19</ele>
   </trkpt>
   <trkpt lat="41.751270000000005" lon="2.9630500000000004">
    <ele>146.19</ele>
   </trkpt>
   <trkpt lat="41.75137" lon="2.96275">
    <ele>152.28</ele>
   </trkpt>
   <trkpt lat="41.751380000000005" lon="2.9624300000000003">
    <ele>152.28</ele>
   </trkpt>
   <trkpt lat="41.75132000000001" lon="2.96214">
    <ele>154.49</ele>
   </trkpt>
   <trkpt lat="41.75122" lon="2.9618800000000003">
    <ele>155.28</ele>
   </trkpt>
   <trkpt lat="41.75122" lon="2.96172">
    <ele>158.55</ele>
   </trkpt>
   <trkpt lat="41.751270000000005" lon="2.9616200000000004">
    <ele>158.55</ele>
   </trkpt>
   <trkpt lat="41.7515" lon="2.9614200000000004">
    <ele>160.16000000000003</ele>
   </trkpt>
   <trkpt lat="41.75159" lon="2.96131">
    <ele>161.70000000000002</ele>
   </trkpt>
   <trkpt lat="41.751630000000006" lon="2.9611400000000003">
    <ele>162.39000000000001</ele>
   </trkpt>
   <trkpt lat="41.75159" lon="2.9609900000000002">
    <ele>163.29000000000002</ele>
   </trkpt>
   <trkpt lat="41.7516" lon="2.96084">
    <ele>164.4</ele>
   </trkpt>
   <trkpt lat="41.751940000000005" lon="2.9601900000000003">
    <ele>166.3</ele>
   </trkpt>
   <trkpt lat="41.751960000000004" lon="2.9600400000000002">
    <ele>166.3</ele>
   </trkpt>
   <trkpt lat="41.751920000000005" lon="2.9597300000000004">
    <ele>173.27</ele>
   </trkpt>
   <trkpt lat="41.751830000000005" lon="2.95949">
    <ele>173.27</ele>
   </trkpt>
   <trkpt lat="41.75171" lon="2.9593100000000003">
    <ele>174.32</ele>
   </trkpt>
   <trkpt lat="41.7515" lon="2.9591200000000004">
    <ele>176.0</ele>
   </trkpt>
   <trkpt lat="41.75142" lon="2.9589100000000004">
    <ele>178.22000000000003</ele>
   </trkpt>
   <trkpt lat="41.75141" lon="2.95867">
    <ele>178.22000000000003</ele>
   </trkpt>
   <trkpt lat="41.751470000000005" lon="2.9585000000000004">
    <ele>180.73</ele>
   </trkpt>
   <trkpt lat="41.75153" lon="2.9584400000000004">
    <ele>181.53000000000003</ele>
   </trkpt>
   <trkpt lat="41.75159" lon="2.95841">
    <ele>181.53000000000003</ele>
   </trkpt>
   <trkpt lat="41.75182" lon="2.95845">
    <ele>184.05</ele>
   </trkpt>
   <trkpt lat="41.751940000000005" lon="2.95841">
    <ele>184.7</ele>
   </trkpt>
   <trkpt lat="41.75202" lon="2.9583000000000004">
    <ele>185.54000000000002</ele>
   </trkpt>
   <trkpt lat="41.752050000000004" lon="2.9582300000000004">
    <ele>185.54000000000002</ele>
   </trkpt>
   <trkpt lat="41.75204" lon="2.9579400000000002">
    <ele>186.02</ele>
   </trkpt>
   <trkpt lat="41.75207" lon="2.95787">
    <ele>187.67</ele>
   </trkpt>
   <trkpt lat="41.75218" lon="2.9577400000000003">
    <ele>187.67</ele>
   </trkpt>
   <trkpt lat="41.752430000000004" lon="2.9575500000000003">
    <ele>188.35000000000002</ele>
   </trkpt>
   <trkpt lat="41.752500000000005" lon="2.9575400000000003">
    <ele>190.64</ele>
   </trkpt>
   <trkpt lat="41.75256" lon="2.9575600000000004">
    <ele>190.64</ele>
   </trkpt>
   <trkpt lat="41.752900000000004" lon="2.9578">
    <ele>192.24</ele>
   </trkpt>
   <trkpt lat="41.75305" lon="2.95785">
    <ele>193.21</ele>
   </trkpt>
   <trkpt lat="41.75314" lon="2.9578200000000003">
    <ele>193.64000000000001</ele>
   </trkpt>
   <trkpt lat="41.75323" lon="2.95766">
    <ele>194.03</ele>
   </trkpt>
   <trkpt lat="41.7533" lon="2.95758">
    <ele>194.03</ele>
   </trkpt>
   <trkpt lat="41.753870000000006" lon="2.95745">
    <ele>197.10000000000002</ele>
   </trkpt>
   <trkpt lat="41.75397" lon="2.9574000000000003">
    <ele>197.9</ele>
   </trkpt>
   <trkpt lat="41.7541" lon="2.9572700000000003">
    <ele>198.76000000000002</ele>
   </trkpt>
   <trkpt lat="41.75419" lon="2.9572100000000003">
    <ele>198.76000000000002</ele>
   </trkpt>
   <trkpt lat="41.754340000000006" lon="2.95717">
    <ele>198.76000000000002</ele>
   </trkpt>
   <trkpt lat="41.754540000000006" lon="2.9572200000000004">
    <ele>203.03</ele>
   </trkpt>
   <trkpt lat="41.75484" lon="2.95719">
    <ele>203.88</ele>
   </trkpt>
   <trkpt lat="41.75493" lon="2.9571">
    <ele>204.65000000000003</ele>
   </trkpt>
   <trkpt lat="41.755120000000005" lon="2.9565900000000003">
    <ele>206.74</ele>
   </trkpt>
   <trkpt lat="41.755210000000005" lon="2.9560600000000004">
    <ele>208.63</ele>
   </trkpt>
   <trkpt lat="41.75529" lon="2.9559">
    <ele>210.42000000000002</ele>
   </trkpt>
   <trkpt lat="41.75556" lon="2.95562">
    <ele>212.07</ele>
   </trkpt>
   <trkpt lat="41.75569" lon="2.9553000000000003">
    <ele>215.06000000000003</ele>
   </trkpt>
   <trkpt lat="41.75583" lon="2.9551200000000004">
    <ele>215.06000000000003</ele>
   </trkpt>
   <trkpt lat="41.755900000000004" lon="2.9549600000000003">
    <ele>216.07000000000002</ele>
   </trkpt>
   <trkpt lat="41.755900000000004" lon="2.9547600000000003">
    <ele>216.07000000000002</ele>
   </trkpt>
   <trkpt lat="41.75583" lon="2.9544900000000003">
    <ele>217.51</ele>
   </trkpt>
   <trkpt lat="41.75582" lon="2.95433">
    <ele>218.28000000000003</ele>
   </trkpt>
   <trkpt lat="41.75582" lon="2.9541100000000005">
    <ele>219.15</ele>
   </trkpt>
   <trkpt lat="41.755860000000006" lon="2.95393">
    <ele>220.98000000000002</ele>
   </trkpt>
   <trkpt lat="41.755970000000005" lon="2.9538">
    <ele>220.98000000000002</ele>
   </trkpt>
   <trkpt lat="41.756060000000005" lon="2.9537400000000003">
    <ele>222.98000000000002</ele>
   </trkpt>
   <trkpt lat="41.756220000000006" lon="2.9536800000000003">
    <ele>222.98000000000002</ele>
   </trkpt>
   <trkpt lat="41.75639" lon="2.9536800000000003">
    <ele>224.47000000000003</ele>
   </trkpt>
   <trkpt lat="41.7565" lon="2.95366">
    <ele>225.03</ele>
   </trkpt>
   <trkpt lat="41.75656" lon="2.9536300000000004">
    <ele>225.28</ele>
   </trkpt>
   <trkpt lat="41.75663" lon="2.9535400000000003">
    <ele>225.81</ele>
   </trkpt>
   <trkpt lat="41.756640000000004" lon="2.9534900000000004">
    <ele>225.81</ele>
   </trkpt>
   <trkpt lat="41.756600000000006" lon="2.9532700000000003">
    <ele>226.11</ele>
   </trkpt>
   <trkpt lat="41.756600000000006" lon="2.9531300000000003">
    <ele>226.11</ele>
   </trkpt>
   <trkpt lat="41.75668" lon="2.9529900000000002">
    <ele>226.13000000000002</ele>
   </trkpt>
   <trkpt lat="41.75688" lon="2.95276">
    <ele>226.3</ele>
   </trkpt>
   <trkpt lat="41.75692" lon="2.95263">
    <ele>226.54000000000002</ele>
   </trkpt>
   <trkpt lat="41.756910000000005" lon="2.9525300000000003">
    <ele>226.87</ele>
   </trkpt>
   <trkpt lat="41.756840000000004" lon="2.9523400000000004">
    <ele>227.37</ele>
   </trkpt>
   <trkpt lat="41.75667000000001" lon="2.9520000000000004">
    <ele>228.93</ele>
   </trkpt>
   <trkpt lat="41.756660000000004" lon="2.9518700000000004">
    <ele>229.56</ele>
   </trkpt>
   <trkpt lat="41.756890000000006" lon="2.9511900000000004">
    <ele>234.16</ele>
   </trkpt>
   <trkpt lat="41.75686" lon="2.95108">
    <ele>234.71000000000004</ele>
   </trkpt>
   <trkpt lat="41.756690000000006" lon="2.95088">
    <ele>235.66</ele>
   </trkpt>
   <trkpt lat="41.756460000000004" lon="2.95073">
    <ele>237.09000000000003</ele>
   </trkpt>
   <trkpt lat="41.75638" lon="2.9506500000000004">
    <ele>237.72</ele>
   </trkpt>
   <trkpt lat="41.756240000000005" lon="2.95046">
    <ele>238.41</ele>
   </trkpt>
   <trkpt lat="41.756190000000004" lon="2.9504300000000003">
    <ele>240.56000000000003</ele>
   </trkpt>
   <trkpt lat="41.75601" lon="2.95039">
    <ele>240.56000000000003</ele>
   </trkpt>
   <trkpt lat="41.75578" lon="2.95039">
    <ele>244.03000000000003</ele>
   </trkpt>
   <trkpt lat="41.75565" lon="2.9504400000000004">
    <ele>244.03000000000003</ele>
   </trkpt>
   <trkpt lat="41.755390000000006" lon="2.9505800000000004">
    <ele>247.33</ele>
   </trkpt>
   <trkpt lat="41.755280000000006" lon="2.9506200000000002">
    <ele>247.33</ele>
   </trkpt>
   <trkpt lat="41.755210000000005" lon="2.9506200000000002">
    <ele>247.33</ele>
   </trkpt>
   <trkpt lat="41.755160000000004" lon="2.95061">
    <ele>247.33</ele>
   </trkpt>
   <trkpt lat="41.75495" lon="2.95047">
    <ele>249.8</ele>
   </trkpt>
   <trkpt lat="41.75489" lon="2.9504500000000005">
    <ele>249.8</ele>
   </trkpt>
   <trkpt lat="41.754760000000005" lon="2.95046">
    <ele>251.82000000000005</ele>
   </trkpt>
   <trkpt lat="41.75471" lon="2.95039">
    <ele>251.82000000000005</ele>
   </trkpt>
   <trkpt lat="41.754740000000005" lon="2.9502900000000003">
    <ele>252.57000000000002</ele>
   </trkpt>
   <trkpt lat="41.75479000000001" lon="2.95027">
    <ele>252.9</ele>
   </trkpt>
   <trkpt lat="41.755050000000004" lon="2.9502900000000003">
    <ele>254.84</ele>
   </trkpt>
   <trkpt lat="41.75524" lon="2.9502800000000002">
    <ele>255.79000000000002</ele>
   </trkpt>
   <trkpt lat="41.7554" lon="2.9502200000000003">
    <ele>256.37000000000006</ele>
   </trkpt>
   <trkpt lat="41.75573000000001" lon="2.95006">
    <ele>260.03000000000003</ele>
   </trkpt>
   <trkpt lat="41.75607" lon="2.9499700000000004">
    <ele>261.08000000000004</ele>
   </trkpt>
   <trkpt lat="41.75623" lon="2.9499600000000004">
    <ele>261.79</ele>
   </trkpt>
   <trkpt lat="41.75634" lon="2.94998">
    <ele>262.47</ele>
   </trkpt>
   <trkpt lat="41.7567" lon="2.9502300000000004">
    <ele>265.06</ele>
   </trkpt>
   <trkpt lat="41.75677" lon="2.95025">
    <ele>265.06</ele>
   </trkpt>
   <trkpt lat="41.756890000000006" lon="2.95025">
    <ele>265.06</ele>
   </trkpt>
   <trkpt lat="41.756980000000006" lon="2.9502800000000002">
    <ele>265.06</ele>
   </trkpt>
   <trkpt lat="41.75705000000001" lon="2.95034">
    <ele>267.35</ele>
   </trkpt>
   <trkpt lat="41.75714000000001" lon="2.9505100000000004">
    <ele>267.35</ele>
   </trkpt>
   <trkpt lat="41.757270000000005" lon="2.95067">
    <ele>268.7</ele>
   </trkpt>
   <trkpt lat="41.75748" lon="2.95113">
    <ele>270.89</ele>
   </trkpt>
   <trkpt lat="41.75748" lon="2.95121">
    <ele>270.89</ele>
   </trkpt>
   <trkpt lat="41.757360000000006" lon="2.95147">
    <ele>272.01000000000005</ele>
   </trkpt>
   <trkpt lat="41.75732" lon="2.95169">
    <ele>272.66</ele>
   </trkpt>
   <trkpt lat="41.757380000000005" lon="2.9518700000000004">
    <ele>274.42</ele>
   </trkpt>
   <trkpt lat="41.75764" lon="2.95215">
    <ele>278.04</ele>
   </trkpt>
   <trkpt lat="41.75771" lon="2.9522700000000004">
    <ele>278.04</ele>
   </trkpt>
   <trkpt lat="41.75775" lon="2.9524000000000004">
    <ele>278.04</ele>
   </trkpt>
   <trkpt lat="41.75779" lon="2.9528900000000005">
    <ele>281.48</ele>
   </trkpt>
   <trkpt lat="41.757780000000004" lon="2.9530100000000004">
    <ele>281.48</ele>
   </trkpt>
   <trkpt lat="41.75773" lon="2.9531500000000004">
    <ele>283.26</ele>
   </trkpt>
   <trkpt lat="41.757560000000005" lon="2.95345">
    <ele>285.96999999999997</ele>
   </trkpt>
   <trkpt lat="41.75752000000001" lon="2.9535600000000004">
    <ele>285.96999999999997</ele>
   </trkpt>
   <trkpt lat="41.7575" lon="2.9541000000000004">
    <ele>289.21000000000004</ele>
   </trkpt>
   <trkpt lat="41.757270000000005" lon="2.9548400000000004">
    <ele>297.19</ele>
   </trkpt>
   <trkpt lat="41.75726" lon="2.9549200000000004">
    <ele>297.19</ele>
   </trkpt>
   <trkpt lat="41.757380000000005" lon="2.9555000000000002">
    <ele>298.31</ele>
   </trkpt>
   <trkpt lat="41.75744" lon="2.9556000000000004">
    <ele>300.13</ele>
   </trkpt>
   <trkpt lat="41.7575" lon="2.9556500000000003">
    <ele>300.13</ele>
   </trkpt>
   <trkpt lat="41.75757" lon="2.95568">
    <ele>301.3</ele>
   </trkpt>
   <trkpt lat="41.757740000000005" lon="2.95568">
    <ele>302.54</ele>
   </trkpt>
   <trkpt lat="41.75782" lon="2.95563">
    <ele>302.54</ele>
   </trkpt>
   <trkpt lat="41.75784" lon="2.9555200000000004">
    <ele>303.56000000000006</ele>
   </trkpt>
   <trkpt lat="41.7578" lon="2.95542">
    <ele>303.56000000000006</ele>
   </trkpt>
   <trkpt lat="41.75764" lon="2.9553100000000003">
    <ele>305.33000000000004</ele>
   </trkpt>
   <trkpt lat="41.757540000000006" lon="2.9551800000000004">
    <ele>306.57</ele>
   </trkpt>
   <trkpt lat="41.75753" lon="2.955">
    <ele>307.47</ele>
   </trkpt>
   <trkpt lat="41.75764" lon="2.95473">
    <ele>309.48</ele>
   </trkpt>
   <trkpt lat="41.757870000000004" lon="2.9543700000000004">
    <ele>309.48</ele>
   </trkpt>
   <trkpt lat="41.757920000000006" lon="2.95426">
    <ele>312.6</ele>
   </trkpt>
   <trkpt lat="41.75795" lon="2.95407">
    <ele>312.6</ele>
   </trkpt>
   <trkpt lat="41.757960000000004" lon="2.9538300000000004">
    <ele>314.35</ele>
   </trkpt>
   <trkpt lat="41.758050000000004" lon="2.95365">
    <ele>314.89</ele>
   </trkpt>
   <trkpt lat="41.758120000000005" lon="2.95359">
    <ele>314.89</ele>
   </trkpt>
   <trkpt lat="41.75818" lon="2.95351">
    <ele>314.89</ele>
   </trkpt>
   <trkpt lat="41.75826" lon="2.9533400000000003">
    <ele>316.69</ele>
   </trkpt>
   <trkpt lat="41.75831" lon="2.9531">
    <ele>317.43000000000006</ele>
   </trkpt>
   <trkpt lat="41.75833" lon="2.9527400000000004">
    <ele>318.86</ele>
   </trkpt>
   <trkpt lat="41.75826" lon="2.9523200000000003">
    <ele>320.28000000000003</ele>
   </trkpt>
   <trkpt lat="41.75808000000001" lon="2.95175">
    <ele>321.58000000000004</ele>
   </trkpt>
   <trkpt lat="41.758050000000004" lon="2.95161">
    <ele>322.46000000000004</ele>
   </trkpt>
   <trkpt lat="41.75815" lon="2.95087">
    <ele>325.55</ele>
   </trkpt>
   <trkpt lat="41.75813" lon="2.95075">
    <ele>325.55</ele>
   </trkpt>
   <trkpt lat="41.75804" lon="2.95052">
    <ele>326.64000000000004</ele>
   </trkpt>
   <trkpt lat="41.757940000000005" lon="2.9501600000000003">
    <ele>328.28000000000003</ele>
   </trkpt>
   <trkpt lat="41.757540000000006" lon="2.9494100000000003">
    <ele>332.1</ele>
   </trkpt>
   <trkpt lat="41.7575" lon="2.94925">
    <ele>332.1</ele>
   </trkpt>
   <trkpt lat="41.757810000000006" lon="2.9483900000000003">
    <ele>336.36</ele>
   </trkpt>
   <trkpt lat="41.75788" lon="2.9481300000000004">
    <ele>339.63000000000005</ele>
   </trkpt>
   <trkpt lat="41.757960000000004" lon="2.9479400000000004">
    <ele>339.63000000000005</ele>
   </trkpt>
   <trkpt lat="41.75808000000001" lon="2.94749">
    <ele>342.41</ele>
   </trkpt>
   <trkpt lat="41.75813" lon="2.9473800000000003">
    <ele>342.7</ele>
   </trkpt>
   <trkpt lat="41.758140000000004" lon="2.94727">
    <ele>343.2</ele>
   </trkpt>
   <trkpt lat="41.758100000000006" lon="2.9471900000000004">
    <ele>343.52000000000004</ele>
   </trkpt>
   <trkpt lat="41.758050000000004" lon="2.94714">
    <ele>343.61</ele>
   </trkpt>
   <trkpt lat="41.757560000000005" lon="2.9468400000000003">
    <ele>343.66</ele>
   </trkpt>
   <trkpt lat="41.757380000000005" lon="2.9467100000000004">
    <ele>343.62</ele>
   </trkpt>
   <trkpt lat="41.75732" lon="2.94668">
    <ele>343.62</ele>
   </trkpt>
   <trkpt lat="41.75712" lon="2.9466300000000003">
    <ele>343.41</ele>
   </trkpt>
   <trkpt lat="41.75695" lon="2.94652">
    <ele>343.37</ele>
   </trkpt>
   <trkpt lat="41.756870000000006" lon="2.94652">
    <ele>343.36000000000007</ele>
   </trkpt>
   <trkpt lat="41.756710000000005" lon="2.9466300000000003">
    <ele>343.33000000000004</ele>
   </trkpt>
   <trkpt lat="41.75667000000001" lon="2.9466400000000004">
    <ele>343.26</ele>
   </trkpt>
   <trkpt lat="41.75657" lon="2.9466200000000002">
    <ele>343.26</ele>
   </trkpt>
   <trkpt lat="41.75614" lon="2.94641">
    <ele>343.05</ele>
   </trkpt>
   <trkpt lat="41.75596" lon="2.9462800000000002">
    <ele>343.0</ele>
   </trkpt>
   <trkpt lat="41.75578" lon="2.94627">
    <ele>343.05</ele>
   </trkpt>
   <trkpt lat="41.75556" lon="2.9463600000000003">
    <ele>343.66</ele>
   </trkpt>
   <trkpt lat="41.75544" lon="2.94639">
    <ele>344.18</ele>
   </trkpt>
   <trkpt lat="41.75538" lon="2.9463500000000002">
    <ele>345.48</ele>
   </trkpt>
   <trkpt lat="41.75538" lon="2.9462400000000004">
    <ele>345.48</ele>
   </trkpt>
   <trkpt lat="41.75545" lon="2.9461500000000003">
    <ele>345.48</ele>
   </trkpt>
   <trkpt lat="41.755610000000004" lon="2.9460900000000003">
    <ele>346.89000000000004</ele>
   </trkpt>
   <trkpt lat="41.755700000000004" lon="2.9460800000000003">
    <ele>348.05</ele>
   </trkpt>
   <trkpt lat="41.75602000000001" lon="2.94613">
    <ele>350.22</ele>
   </trkpt>
   <trkpt lat="41.75625" lon="2.94625">
    <ele>351.24000000000007</ele>
   </trkpt>
   <trkpt lat="41.75657" lon="2.9462900000000003">
    <ele>354.16</ele>
   </trkpt>
   <trkpt lat="41.75681" lon="2.94619">
    <ele>357.32</ele>
   </trkpt>
   <trkpt lat="41.75694" lon="2.9461500000000003">
    <ele>357.32</ele>
   </trkpt>
   <trkpt lat="41.757000000000005" lon="2.9461500000000003">
    <ele>358.00000000000006</ele>
   </trkpt>
   <trkpt lat="41.757070000000006" lon="2.9461700000000004">
    <ele>358.00000000000006</ele>
   </trkpt>
   <trkpt lat="41.757290000000005" lon="2.9462900000000003">
    <ele>359.62000000000006</ele>
   </trkpt>
   <trkpt lat="41.75748" lon="2.94633">
    <ele>360.63</ele>
   </trkpt>
   <trkpt lat="41.75755" lon="2.9463600000000003">
    <ele>363.11</ele>
   </trkpt>
   <trkpt lat="41.757830000000006" lon="2.94654">
    <ele>364.51000000000005</ele>
   </trkpt>
   <trkpt lat="41.758050000000004" lon="2.9466400000000004">
    <ele>365.06000000000006</ele>
   </trkpt>
   <trkpt lat="41.758340000000004" lon="2.9468300000000003">
    <ele>365.24</ele>
   </trkpt>
   <trkpt lat="41.7584" lon="2.9468900000000002">
    <ele>365.3</ele>
   </trkpt>
   <trkpt lat="41.7586" lon="2.9472600000000004">
    <ele>365.45000000000005</ele>
   </trkpt>
   <trkpt lat="41.758630000000004" lon="2.94741">
    <ele>365.48</ele>
   </trkpt>
   <trkpt lat="41.75851" lon="2.94776">
    <ele>365.49</ele>
   </trkpt>
   <trkpt lat="41.758370000000006" lon="2.9485900000000003">
    <ele>365.96</ele>
   </trkpt>
   <trkpt lat="41.758340000000004" lon="2.9490200000000004">
    <ele>366.43</ele>
   </trkpt>
   <trkpt lat="41.75836" lon="2.94917">
    <ele>366.43</ele>
   </trkpt>
   <trkpt lat="41.75842" lon="2.94931">
    <ele>366.50000000000006</ele>
   </trkpt>
   <trkpt lat="41.75869" lon="2.9496900000000004">
    <ele>366.56000000000006</ele>
   </trkpt>
   <trkpt lat="41.75898" lon="2.94991">
    <ele>366.76000000000005</ele>
   </trkpt>
   <trkpt lat="41.759080000000004" lon="2.9499500000000003">
    <ele>367.00000000000006</ele>
   </trkpt>
   <trkpt lat="41.759190000000004" lon="2.9499500000000003">
    <ele>367.27000000000004</ele>
   </trkpt>
   <trkpt lat="41.7593" lon="2.9498900000000003">
    <ele>367.82000000000005</ele>
   </trkpt>
   <trkpt lat="41.759690000000006" lon="2.94918">
    <ele>373.34</ele>
   </trkpt>
   <trkpt lat="41.759730000000005" lon="2.9490800000000004">
    <ele>373.34</ele>
   </trkpt>
   <trkpt lat="41.75976" lon="2.9488900000000005">
    <ele>375.85</ele>
   </trkpt>
   <trkpt lat="41.759750000000004" lon="2.94876">
    <ele>375.85</ele>
   </trkpt>
   <trkpt lat="41.75968" lon="2.9484100000000004">
    <ele>379.70000000000005</ele>
   </trkpt>
   <trkpt lat="41.75968" lon="2.94822">
    <ele>379.70000000000005</ele>
   </trkpt>
   <trkpt lat="41.759710000000005" lon="2.9480700000000004">
    <ele>380.39</ele>
   </trkpt>
   <trkpt lat="41.759800000000006" lon="2.94795">
    <ele>381.16</ele>
   </trkpt>
   <trkpt lat="41.7599" lon="2.94789">
    <ele>381.16</ele>
   </trkpt>
   <trkpt lat="41.76019" lon="2.9478000000000004">
    <ele>383.47</ele>
   </trkpt>
   <trkpt lat="41.760290000000005" lon="2.94774">
    <ele>384.56</ele>
   </trkpt>
   <trkpt lat="41.760490000000004" lon="2.9475200000000004">
    <ele>386.37000000000006</ele>
   </trkpt>
   <trkpt lat="41.760690000000004" lon="2.9473800000000003">
    <ele>387.52000000000004</ele>
   </trkpt>
   <trkpt lat="41.76077" lon="2.94728">
    <ele>388.44</ele>
   </trkpt>
   <trkpt lat="41.760830000000006" lon="2.94715">
    <ele>389.21000000000004</ele>
   </trkpt>
   <trkpt lat="41.76084" lon="2.9469700000000003">
    <ele>390.04</ele>
   </trkpt>
   <trkpt lat="41.760720000000006" lon="2.9463800000000004">
    <ele>393.53000000000003</ele>
   </trkpt>
   <trkpt lat="41.76068" lon="2.9463500000000002">
    <ele>395.26000000000005</ele>
   </trkpt>
   <trkpt lat="41.760630000000006" lon="2.9463600000000003">
    <ele>395.26000000000005</ele>
   </trkpt>
   <trkpt lat="41.760600000000004" lon="2.9464">
    <ele>396.09000000000003</ele>
   </trkpt>
   <trkpt lat="41.760540000000006" lon="2.94673">
    <ele>397.63000000000005</ele>
   </trkpt>
   <trkpt lat="41.760470000000005" lon="2.9469100000000004">
    <ele>400.78000000000003</ele>
   </trkpt>
   <trkpt lat="41.760380000000005" lon="2.9470400000000003">
    <ele>400.78000000000003</ele>
   </trkpt>
   <trkpt lat="41.76023" lon="2.9471200000000004">
    <ele>401.6</ele>
   </trkpt>
   <trkpt lat="41.760110000000005" lon="2.94709">
    <ele>403.47</ele>
   </trkpt>
   <trkpt lat="41.76003" lon="2.947">
    <ele>405.1</ele>
   </trkpt>
   <trkpt lat="41.75980500170994" lon="2.9463799979457566">
    <ele>410.43</ele>
   </trkpt>
   <trkpt lat="41.75958000000001" lon="2.9457600000000004">
    <ele>419.69</ele>
   </trkpt>
   <trkpt lat="41.75947" lon="2.94552">
    <ele>421.41</ele>
   </trkpt>
   <trkpt lat="41.75939" lon="2.9454300000000004">
    <ele>423.00000000000006</ele>
   </trkpt>
   <trkpt lat="41.75932" lon="2.9454000000000002">
    <ele>423.96000000000004</ele>
   </trkpt>
   <trkpt lat="41.759260000000005" lon="2.9454000000000002">
    <ele>424.39000000000004</ele>
   </trkpt>
   <trkpt lat="41.75903" lon="2.9454700000000003">
    <ele>425.81</ele>
   </trkpt>
   <trkpt lat="41.758950000000006" lon="2.9454800000000003">
    <ele>426.48</ele>
   </trkpt>
   <trkpt lat="41.758810000000004" lon="2.94545">
    <ele>427.16</ele>
   </trkpt>
   <trkpt lat="41.758590000000005" lon="2.94526">
    <ele>427.86</ele>
   </trkpt>
   <trkpt lat="41.758500000000005" lon="2.9450800000000004">
    <ele>428.07000000000005</ele>
   </trkpt>
   <trkpt lat="41.75845" lon="2.9449">
    <ele>428.35</ele>
   </trkpt>
   <trkpt lat="41.75845" lon="2.9448200000000004">
    <ele>428.71000000000004</ele>
   </trkpt>
   <trkpt lat="41.75858" lon="2.9441">
    <ele>432.1</ele>
   </trkpt>
   <trkpt lat="41.75862" lon="2.94404">
    <ele>432.65000000000003</ele>
   </trkpt>
   <trkpt lat="41.75867" lon="2.9440000000000004">
    <ele>432.90000000000003</ele>
   </trkpt>
   <trkpt lat="41.75905" lon="2.9438700000000004">
    <ele>434.57</ele>
   </trkpt>
   <trkpt lat="41.759510000000006" lon="2.9436700000000005">
    <ele>438.27000000000004</ele>
   </trkpt>
   <trkpt lat="41.76008" lon="2.94349">
    <ele>445.26000000000005</ele>
   </trkpt>
   <trkpt lat="41.760180000000005" lon="2.9434000000000005">
    <ele>445.26000000000005</ele>
   </trkpt>
   <trkpt lat="41.76023" lon="2.94329">
    <ele>446.33000000000004</ele>
   </trkpt>
   <trkpt lat="41.760310000000004" lon="2.9429900000000004">
    <ele>448.40000000000003</ele>
   </trkpt>
   <trkpt lat="41.76044" lon="2.9427000000000003">
    <ele>450.32000000000005</ele>
   </trkpt>
   <trkpt lat="41.76061000000001" lon="2.9424200000000003">
    <ele>454.40000000000003</ele>
   </trkpt>
   <trkpt lat="41.760690000000004" lon="2.94225">
    <ele>454.40000000000003</ele>
   </trkpt>
   <trkpt lat="41.76079" lon="2.94213">
    <ele>456.01</ele>
   </trkpt>
   <trkpt lat="41.76089" lon="2.9420800000000003">
    <ele>456.32000000000005</ele>
   </trkpt>
   <trkpt lat="41.76095" lon="2.9420800000000003">
    <ele>457.14000000000004</ele>
   </trkpt>
   <trkpt lat="41.761070000000004" lon="2.9421500000000003">
    <ele>457.14000000000004</ele>
   </trkpt>
   <trkpt lat="41.76122" lon="2.9421700000000004">
    <ele>460.83</ele>
   </trkpt>
   <trkpt lat="41.761340000000004" lon="2.94214">
    <ele>460.83</ele>
   </trkpt>
   <trkpt lat="41.76144" lon="2.9420900000000003">
    <ele>460.83</ele>
   </trkpt>
   <trkpt lat="41.76184000000001" lon="2.9416900000000004">
    <ele>464.57000000000005</ele>
   </trkpt>
   <trkpt lat="41.762170000000005" lon="2.94132">
    <ele>471.14000000000004</ele>
   </trkpt>
   <trkpt lat="41.762260000000005" lon="2.94119">
    <ele>471.14000000000004</ele>
   </trkpt>
   <trkpt lat="41.7623" lon="2.9410900000000004">
    <ele>471.14000000000004</ele>
   </trkpt>
   <trkpt lat="41.76232" lon="2.94098">
    <ele>471.28000000000003</ele>
   </trkpt>
   <trkpt lat="41.76231000000001" lon="2.9407">
    <ele>471.18</ele>
   </trkpt>
   <trkpt lat="41.762330000000006" lon="2.9406000000000003">
    <ele>471.16</ele>
   </trkpt>
   <trkpt lat="41.762570000000004" lon="2.9403300000000003">
    <ele>469.21</ele>
   </trkpt>
   <trkpt lat="41.76292" lon="2.9397800000000003">
    <ele>464.84000000000003</ele>
   </trkpt>
   <trkpt lat="41.763110000000005" lon="2.93936">
    <ele>462.09000000000003</ele>
   </trkpt>
   <trkpt lat="41.76317" lon="2.93929">
    <ele>462.24</ele>
   </trkpt>
   <trkpt lat="41.76326" lon="2.93922">
    <ele>461.34000000000003</ele>
   </trkpt>
   <trkpt lat="41.7635" lon="2.93915">
    <ele>457.04</ele>
   </trkpt>
   <trkpt lat="41.76359" lon="2.93908">
    <ele>457.04</ele>
   </trkpt>
   <trkpt lat="41.76366" lon="2.9389700000000003">
    <ele>455.27000000000004</ele>
   </trkpt>
   <trkpt lat="41.76388" lon="2.93846">
    <ele>451.68</ele>
   </trkpt>
   <trkpt lat="41.7641500025691" lon="2.9376850033614668">
    <ele>450.78000000000003</ele>
   </trkpt>
   <trkpt lat="41.76442" lon="2.93691">
    <ele>450.25000000000006</ele>
   </trkpt>
   <trkpt lat="41.76455000000001" lon="2.93669">
    <ele>449.62</ele>
   </trkpt>
   <trkpt lat="41.76467" lon="2.9366000000000003">
    <ele>449.26000000000005</ele>
   </trkpt>
   <trkpt lat="41.765080000000005" lon="2.9365300000000003">
    <ele>448.88000000000005</ele>
   </trkpt>
   <trkpt lat="41.7653" lon="2.9364000000000003">
    <ele>449.73</ele>
   </trkpt>
   <trkpt lat="41.765460000000004" lon="2.9363400000000004">
    <ele>450.11</ele>
   </trkpt>
   <trkpt lat="41.76574" lon="2.93631">
    <ele>452.36</ele>
   </trkpt>
   <trkpt lat="41.765820000000005" lon="2.9363300000000003">
    <ele>452.36</ele>
   </trkpt>
   <trkpt lat="41.76592" lon="2.9364000000000003">
    <ele>452.78000000000003</ele>
   </trkpt>
   <trkpt lat="41.766180000000006" lon="2.9367">
    <ele>453.39</ele>
   </trkpt>
   <trkpt lat="41.7663" lon="2.9368000000000003">
    <ele>453.37000000000006</ele>
   </trkpt>
   <trkpt lat="41.766690000000004" lon="2.9369600000000005">
    <ele>452.31000000000006</ele>
   </trkpt>
   <trkpt lat="41.76684" lon="2.93699">
    <ele>451.66</ele>
   </trkpt>
   <trkpt lat="41.76697" lon="2.93699">
    <ele>450.49000000000007</ele>
   </trkpt>
   <trkpt lat="41.76706" lon="2.93697">
    <ele>449.79</ele>
   </trkpt>
   <trkpt lat="41.76717" lon="2.9369">
    <ele>449.04</ele>
   </trkpt>
   <trkpt lat="41.76764" lon="2.9363500000000005">
    <ele>443.31</ele>
   </trkpt>
   <trkpt lat="41.76774" lon="2.9362600000000003">
    <ele>442.31</ele>
   </trkpt>
   <trkpt lat="41.76787" lon="2.9361800000000002">
    <ele>440.75</ele>
   </trkpt>
   <trkpt lat="41.768040000000006" lon="2.93617">
    <ele>440.75</ele>
   </trkpt>
   <trkpt lat="41.768190000000004" lon="2.9361900000000003">
    <ele>438.72</ele>
   </trkpt>
   <trkpt lat="41.768620000000006" lon="2.93631">
    <ele>436.27000000000004</ele>
   </trkpt>
   <trkpt lat="41.76887000000001" lon="2.93624">
    <ele>434.04</ele>
   </trkpt>
   <trkpt lat="41.76923" lon="2.9362500000000002">
    <ele>431.32000000000005</ele>
   </trkpt>
   <trkpt lat="41.7693" lon="2.9362000000000004">
    <ele>430.59000000000003</ele>
   </trkpt>
   <trkpt lat="41.76934000000001" lon="2.9361300000000004">
    <ele>430.59000000000003</ele>
   </trkpt>
   <trkpt lat="41.76943000000001" lon="2.93581">
    <ele>428.61</ele>
   </trkpt>
   <trkpt lat="41.769470000000005" lon="2.93556">
    <ele>425.90000000000003</ele>
   </trkpt>
   <trkpt lat="41.769490000000005" lon="2.935">
    <ele>424.02</ele>
   </trkpt>
   <trkpt lat="41.76939" lon="2.9345700000000003">
    <ele>420.83000000000004</ele>
   </trkpt>
   <trkpt lat="41.769270000000006" lon="2.93387">
    <ele>415.79</ele>
   </trkpt>
   <trkpt lat="41.769180000000006" lon="2.9336">
    <ele>414.74000000000007</ele>
   </trkpt>
   <trkpt lat="41.768980000000006" lon="2.9332700000000003">
    <ele>409.64000000000004</ele>
   </trkpt>
   <trkpt lat="41.768840000000004" lon="2.9331400000000003">
    <ele>409.64000000000004</ele>
   </trkpt>
   <trkpt lat="41.76856" lon="2.9330200000000004">
    <ele>405.95000000000005</ele>
   </trkpt>
   <trkpt lat="41.7685" lon="2.9329500000000004">
    <ele>405.95000000000005</ele>
   </trkpt>
   <trkpt lat="41.76843" lon="2.93278">
    <ele>405.95000000000005</ele>
   </trkpt>
   <trkpt lat="41.768420000000006" lon="2.9325400000000004">
    <ele>403.96000000000004</ele>
   </trkpt>
   <trkpt lat="41.768440000000005" lon="2.9324500000000002">
    <ele>403.07000000000005</ele>
   </trkpt>
   <trkpt lat="41.768510000000006" lon="2.9323">
    <ele>401.63000000000005</ele>
   </trkpt>
   <trkpt lat="41.768640000000005" lon="2.9322000000000004">
    <ele>400.23</ele>
   </trkpt>
   <trkpt lat="41.769090000000006" lon="2.9319300000000004">
    <ele>395.67</ele>
   </trkpt>
   <trkpt lat="41.76921" lon="2.93188">
    <ele>395.20000000000005</ele>
   </trkpt>
   <trkpt lat="41.76932" lon="2.9319100000000002">
    <ele>394.81000000000006</ele>
   </trkpt>
   <trkpt lat="41.76939" lon="2.93196">
    <ele>394.31000000000006</ele>
   </trkpt>
   <trkpt lat="41.76963000000001" lon="2.9322100000000004">
    <ele>392.47</ele>
   </trkpt>
   <trkpt lat="41.76972000000001" lon="2.9322600000000003">
    <ele>392.47</ele>
   </trkpt>
   <trkpt lat="41.76984" lon="2.93229">
    <ele>389.67</ele>
   </trkpt>
   <trkpt lat="41.770070000000004" lon="2.93217">
    <ele>388.51</ele>
   </trkpt>
   <trkpt lat="41.77042" lon="2.9319200000000003">
    <ele>385.70000000000005</ele>
   </trkpt>
   <trkpt lat="41.77058" lon="2.93188">
    <ele>385.05000000000007</ele>
   </trkpt>
   <trkpt lat="41.770720000000004" lon="2.93189">
    <ele>383.55000000000007</ele>
   </trkpt>
   <trkpt lat="41.77087" lon="2.9318700000000004">
    <ele>382.15000000000003</ele>
   </trkpt>
   <trkpt lat="41.77109" lon="2.93177">
    <ele>381.66</ele>
   </trkpt>
   <trkpt lat="41.77116" lon="2.9317200000000003">
    <ele>380.84000000000003</ele>
   </trkpt>
   <trkpt lat="41.77122000000001" lon="2.9315900000000004">
    <ele>380.36</ele>
   </trkpt>
   <trkpt lat="41.77123" lon="2.9314400000000003">
    <ele>379.77000000000004</ele>
   </trkpt>
   <trkpt lat="41.77116" lon="2.93127">
    <ele>377.59000000000003</ele>
   </trkpt>
   <trkpt lat="41.771100000000004" lon="2.9312">
    <ele>377.59000000000003</ele>
   </trkpt>
   <trkpt lat="41.77085" lon="2.93102">
    <ele>375.87</ele>
   </trkpt>
   <trkpt lat="41.770770000000006" lon="2.93093">
    <ele>375.87</ele>
   </trkpt>
   <trkpt lat="41.77064" lon="2.9307000000000003">
    <ele>373.58000000000004</ele>
   </trkpt>
   <trkpt lat="41.770520000000005" lon="2.93039">
    <ele>371.78000000000003</ele>
   </trkpt>
   <trkpt lat="41.7704" lon="2.9301800000000005">
    <ele>371.78000000000003</ele>
   </trkpt>
   <trkpt lat="41.77035" lon="2.93013">
    <ele>371.78000000000003</ele>
   </trkpt>
   <trkpt lat="41.769690000000004" lon="2.9297600000000004">
    <ele>364.72</ele>
   </trkpt>
   <trkpt lat="41.76957" lon="2.92965">
    <ele>364.09000000000003</ele>
   </trkpt>
   <trkpt lat="41.769490000000005" lon="2.9295000000000004">
    <ele>363.53000000000003</ele>
   </trkpt>
   <trkpt lat="41.76946" lon="2.92939">
    <ele>362.21000000000004</ele>
   </trkpt>
   <trkpt lat="41.76943000000001" lon="2.9291300000000002">
    <ele>361.03000000000003</ele>
   </trkpt>
   <trkpt lat="41.769540000000006" lon="2.9288200000000004">
    <ele>359.82</ele>
   </trkpt>
   <trkpt lat="41.77" lon="2.92804">
    <ele>354.85</ele>
   </trkpt>
   <trkpt lat="41.770160000000004" lon="2.92763">
    <ele>353.47</ele>
   </trkpt>
   <trkpt lat="41.770410000000005" lon="2.9271300000000005">
    <ele>350.31</ele>
   </trkpt>
   <trkpt lat="41.770480000000006" lon="2.92693">
    <ele>349.5</ele>
   </trkpt>
   <trkpt lat="41.770480000000006" lon="2.9267000000000003">
    <ele>349.5</ele>
   </trkpt>
   <trkpt lat="41.770390000000006" lon="2.9264200000000002">
    <ele>346.13000000000005</ele>
   </trkpt>
   <trkpt lat="41.7704" lon="2.92627">
    <ele>346.13000000000005</ele>
   </trkpt>
   <trkpt lat="41.77042" lon="2.92621">
    <ele>345.59</ele>
   </trkpt>
   <trkpt lat="41.770520000000005" lon="2.92605">
    <ele>345.59</ele>
   </trkpt>
   <trkpt lat="41.771060000000006" lon="2.9255400000000003">
    <ele>340.86000000000007</ele>
   </trkpt>
   <trkpt lat="41.77111" lon="2.9254700000000002">
    <ele>339.37</ele>
   </trkpt>
   <trkpt lat="41.77121" lon="2.92524">
    <ele>337.9200000000001</ele>
   </trkpt>
   <trkpt lat="41.77129" lon="2.9249300000000003">
    <ele>337.36</ele>
   </trkpt>
   <trkpt lat="41.771330000000006" lon="2.9248700000000003">
    <ele>336.56</ele>
   </trkpt>
   <trkpt lat="41.771390000000004" lon="2.9248200000000004">
    <ele>336.56</ele>
   </trkpt>
   <trkpt lat="41.771620000000006" lon="2.9247300000000003">
    <ele>335.05</ele>
   </trkpt>
   <trkpt lat="41.77168" lon="2.9246900000000005">
    <ele>335.05</ele>
   </trkpt>
   <trkpt lat="41.77174" lon="2.9246100000000004">
    <ele>333.92</ele>
   </trkpt>
   <trkpt lat="41.77178000000001" lon="2.9243900000000003">
    <ele>332.15</ele>
   </trkpt>
   <trkpt lat="41.77165" lon="2.9237800000000003">
    <ele>330.46000000000004</ele>
   </trkpt>
   <trkpt lat="41.77165" lon="2.9235700000000002">
    <ele>329.55</ele>
   </trkpt>
   <trkpt lat="41.77167" lon="2.92349">
    <ele>329.55</ele>
   </trkpt>
   <trkpt lat="41.771860000000004" lon="2.9233100000000003">
    <ele>326.89</ele>
   </trkpt>
   <trkpt lat="41.771980000000006" lon="2.9232500000000003">
    <ele>326.89</ele>
   </trkpt>
   <trkpt lat="41.772450000000006" lon="2.92316">
    <ele>323.58000000000004</ele>
   </trkpt>
   <trkpt lat="41.77275" lon="2.923">
    <ele>322.41</ele>
   </trkpt>
   <trkpt lat="41.772830000000006" lon="2.92287">
    <ele>322.41</ele>
   </trkpt>
   <trkpt lat="41.77286" lon="2.9226900000000002">
    <ele>320.3</ele>
   </trkpt>
   <trkpt lat="41.77282" lon="2.9224900000000003">
    <ele>320.3</ele>
   </trkpt>
   <trkpt lat="41.772740000000006" lon="2.9223500000000002">
    <ele>318.90000000000003</ele>
   </trkpt>
   <trkpt lat="41.77262" lon="2.92221">
    <ele>318.11</ele>
   </trkpt>
   <trkpt lat="41.772560000000006" lon="2.9221100000000004">
    <ele>317.63</ele>
   </trkpt>
   <trkpt lat="41.772540000000006" lon="2.92201">
    <ele>317.21999999999997</ele>
   </trkpt>
   <trkpt lat="41.772540000000006" lon="2.9218800000000003">
    <ele>316.87000000000006</ele>
   </trkpt>
   <trkpt lat="41.772580000000005" lon="2.9216400000000005">
    <ele>315.69</ele>
   </trkpt>
   <trkpt lat="41.77263000000001" lon="2.92153">
    <ele>315.69</ele>
   </trkpt>
   <trkpt lat="41.7727" lon="2.92146">
    <ele>315.32000000000005</ele>
   </trkpt>
   <trkpt lat="41.772800000000004" lon="2.92144">
    <ele>315.1</ele>
   </trkpt>
   <trkpt lat="41.772850000000005" lon="2.92145">
    <ele>314.58000000000004</ele>
   </trkpt>
   <trkpt lat="41.773230000000005" lon="2.9217400000000002">
    <ele>311.88000000000005</ele>
   </trkpt>
   <trkpt lat="41.773630000000004" lon="2.92192">
    <ele>310.28</ele>
   </trkpt>
   <trkpt lat="41.773740000000004" lon="2.92193">
    <ele>308.27000000000004</ele>
   </trkpt>
   <trkpt lat="41.773860000000006" lon="2.92187">
    <ele>308.27000000000004</ele>
   </trkpt>
   <trkpt lat="41.77394" lon="2.92171">
    <ele>307.07</ele>
   </trkpt>
   <trkpt lat="41.774080000000005" lon="2.9212800000000003">
    <ele>304.99</ele>
   </trkpt>
   <trkpt lat="41.77414" lon="2.92084">
    <ele>304.09000000000003</ele>
   </trkpt>
   <trkpt lat="41.774210000000004" lon="2.9206900000000005">
    <ele>302.63</ele>
   </trkpt>
   <trkpt lat="41.77429" lon="2.92064">
    <ele>302.63</ele>
   </trkpt>
   <trkpt lat="41.774370000000005" lon="2.92064">
    <ele>301.9</ele>
   </trkpt>
   <trkpt lat="41.774550000000005" lon="2.9206800000000004">
    <ele>300.99</ele>
   </trkpt>
   <trkpt lat="41.77517" lon="2.92071">
    <ele>295.7</ele>
   </trkpt>
   <trkpt lat="41.775270000000006" lon="2.9207">
    <ele>295.06000000000006</ele>
   </trkpt>
   <trkpt lat="41.77552" lon="2.9205900000000002">
    <ele>292.65000000000003</ele>
   </trkpt>
   <trkpt lat="41.775580000000005" lon="2.9205900000000002">
    <ele>292.65000000000003</ele>
   </trkpt>
   <trkpt lat="41.775760000000005" lon="2.9206800000000004">
    <ele>291.38</ele>
   </trkpt>
   <trkpt lat="41.77591" lon="2.92085">
    <ele>290.28000000000003</ele>
   </trkpt>
   <trkpt lat="41.776140000000005" lon="2.92132">
    <ele>288.61</ele>
   </trkpt>
   <trkpt lat="41.77619000000001" lon="2.9213600000000004">
    <ele>288.37</ele>
   </trkpt>
   <trkpt lat="41.776300000000006" lon="2.92139">
    <ele>287.43</ele>
   </trkpt>
   <trkpt lat="41.77667" lon="2.9212900000000004">
    <ele>283.85</ele>
   </trkpt>
   <trkpt lat="41.776900000000005" lon="2.92111">
    <ele>281.86</ele>
   </trkpt>
   <trkpt lat="41.777080000000005" lon="2.9210300000000005">
    <ele>280.51000000000005</ele>
   </trkpt>
   <trkpt lat="41.777460000000005" lon="2.9209400000000003">
    <ele>278.34000000000003</ele>
   </trkpt>
   <trkpt lat="41.777590000000004" lon="2.9208700000000003">
    <ele>277.58000000000004</ele>
   </trkpt>
   <trkpt lat="41.77779" lon="2.9206000000000003">
    <ele>276.24</ele>
   </trkpt>
   <trkpt lat="41.777910000000006" lon="2.9205500000000004">
    <ele>276.24</ele>
   </trkpt>
   <trkpt lat="41.77807000000001" lon="2.9206100000000004">
    <ele>274.8</ele>
   </trkpt>
   <trkpt lat="41.77844" lon="2.9210300000000005">
    <ele>272.35</ele>
   </trkpt>
   <trkpt lat="41.77852" lon="2.9210800000000003">
    <ele>271.46000000000004</ele>
   </trkpt>
   <trkpt lat="41.77859" lon="2.9211">
    <ele>271.46000000000004</ele>
   </trkpt>
   <trkpt lat="41.7787" lon="2.9211">
    <ele>269.58000000000004</ele>
   </trkpt>
   <trkpt lat="41.778760000000005" lon="2.9210700000000003">
    <ele>269.58000000000004</ele>
   </trkpt>
   <trkpt lat="41.778830000000006" lon="2.9209400000000003">
    <ele>269.58000000000004</ele>
   </trkpt>
   <trkpt lat="41.778850000000006" lon="2.92084">
    <ele>268.36</ele>
   </trkpt>
   <trkpt lat="41.778870000000005" lon="2.92065">
    <ele>267.71</ele>
   </trkpt>
   <trkpt lat="41.778830000000006" lon="2.9199">
    <ele>263.09000000000003</ele>
   </trkpt>
   <trkpt lat="41.77877" lon="2.9195">
    <ele>261.83</ele>
   </trkpt>
   <trkpt lat="41.7787" lon="2.91927">
    <ele>261.19000000000005</ele>
   </trkpt>
   <trkpt lat="41.77863000000001" lon="2.91909">
    <ele>260.79</ele>
   </trkpt>
   <trkpt lat="41.77844" lon="2.9187900000000004">
    <ele>259.02000000000004</ele>
   </trkpt>
   <trkpt lat="41.778420000000004" lon="2.9187000000000003">
    <ele>259.02000000000004</ele>
   </trkpt>
   <trkpt lat="41.778420000000004" lon="2.9186">
    <ele>259.02000000000004</ele>
   </trkpt>
   <trkpt lat="41.77844" lon="2.9185200000000004">
    <ele>258.11</ele>
   </trkpt>
   <trkpt lat="41.77853" lon="2.9184">
    <ele>257.8</ele>
   </trkpt>
   <trkpt lat="41.77864" lon="2.9183600000000003">
    <ele>257.36</ele>
   </trkpt>
   <trkpt lat="41.778690000000005" lon="2.9183700000000004">
    <ele>257.36</ele>
   </trkpt>
   <trkpt lat="41.778760000000005" lon="2.91841">
    <ele>257.04</ele>
   </trkpt>
   <trkpt lat="41.77913" lon="2.9187800000000004">
    <ele>254.4</ele>
   </trkpt>
   <trkpt lat="41.77948000000001" lon="2.91896">
    <ele>251.78</ele>
   </trkpt>
   <trkpt lat="41.779610000000005" lon="2.9190600000000004">
    <ele>248.95000000000002</ele>
   </trkpt>
   <trkpt lat="41.779990000000005" lon="2.91943">
    <ele>246.52</ele>
   </trkpt>
   <trkpt lat="41.7805" lon="2.91996">
    <ele>241.57</ele>
   </trkpt>
   <trkpt lat="41.78063" lon="2.92017">
    <ele>239.98000000000002</ele>
   </trkpt>
   <trkpt lat="41.78067" lon="2.92029">
    <ele>239.28000000000003</ele>
   </trkpt>
   <trkpt lat="41.78074" lon="2.9205900000000002">
    <ele>237.11</ele>
   </trkpt>
   <trkpt lat="41.78085" lon="2.92133">
    <ele>234.17000000000002</ele>
   </trkpt>
   <trkpt lat="41.780930000000005" lon="2.92151">
    <ele>233.58</ele>
   </trkpt>
   <trkpt lat="41.78098000000001" lon="2.92158">
    <ele>233.34</ele>
   </trkpt>
   <trkpt lat="41.781200000000005" lon="2.9217700000000004">
    <ele>232.74000000000004</ele>
   </trkpt>
   <trkpt lat="41.781380000000006" lon="2.9218800000000003">
    <ele>232.48000000000002</ele>
   </trkpt>
   <trkpt lat="41.78152" lon="2.92194">
    <ele>232.39000000000001</ele>
   </trkpt>
   <trkpt lat="41.78201000000001" lon="2.9221100000000004">
    <ele>231.98000000000002</ele>
   </trkpt>
   <trkpt lat="41.782610000000005" lon="2.9223600000000003">
    <ele>233.22</ele>
   </trkpt>
   <trkpt lat="41.78275" lon="2.9224">
    <ele>233.22</ele>
   </trkpt>
   <trkpt lat="41.78295000000001" lon="2.9224200000000002">
    <ele>233.69</ele>
   </trkpt>
   <trkpt lat="41.78307" lon="2.9224">
    <ele>233.78</ele>
   </trkpt>
   <trkpt lat="41.78316" lon="2.9223500000000002">
    <ele>233.81</ele>
   </trkpt>
   <trkpt lat="41.783755003115374" lon="2.921862513551963">
    <ele>233.79000000000002</ele>
   </trkpt>
   <trkpt lat="41.78435000416994" lon="2.92137501805635">
    <ele>233.02000000000004</ele>
   </trkpt>
   <trkpt lat="41.784945003163614" lon="2.920887513512835">
    <ele>232.31</ele>
   </trkpt>
   <trkpt lat="41.785540000000005" lon="2.9204000000000003">
    <ele>231.75</ele>
   </trkpt>
   <trkpt lat="41.785720000000005" lon="2.9202000000000004">
    <ele>231.56</ele>
   </trkpt>
   <trkpt lat="41.7858" lon="2.9200700000000004">
    <ele>231.56</ele>
   </trkpt>
   <trkpt lat="41.78624000000001" lon="2.9191800000000003">
    <ele>231.08</ele>
   </trkpt>
   <trkpt lat="41.78631" lon="2.91908">
    <ele>231.10000000000002</ele>
   </trkpt>
   <trkpt lat="41.7864" lon="2.9189900000000004">
    <ele>231.19</ele>
   </trkpt>
   <trkpt lat="41.786550000000005" lon="2.91888">
    <ele>231.18</ele>
   </trkpt>
   <trkpt lat="41.786750000000005" lon="2.9188">
    <ele>231.14000000000001</ele>
   </trkpt>
   <trkpt lat="41.78723" lon="2.91873">
    <ele>230.71</ele>
   </trkpt>
   <trkpt lat="41.78780500017792" lon="2.918794999435052">
    <ele>229.45000000000002</ele>
   </trkpt>
   <trkpt lat="41.788380000000004" lon="2.9188600000000005">
    <ele>228.74</ele>
   </trkpt>
   <trkpt lat="41.78862" lon="2.9188500000000004">
    <ele>228.57000000000002</ele>
   </trkpt>
   <trkpt lat="41.78889" lon="2.91875">
    <ele>228.22</ele>
   </trkpt>
   <trkpt lat="41.78913" lon="2.91859">
    <ele>228.26000000000002</ele>
   </trkpt>
   <trkpt lat="41.78925" lon="2.91846">
    <ele>228.28</ele>
   </trkpt>
   <trkpt lat="41.78931" lon="2.91835">
    <ele>228.28</ele>
   </trkpt>
   <trkpt lat="41.789370000000005" lon="2.9181800000000004">
    <ele>228.22</ele>
   </trkpt>
   <trkpt lat="41.78943" lon="2.91793">
    <ele>227.8</ele>
   </trkpt>
   <trkpt lat="41.789460000000005" lon="2.91752">
    <ele>227.45000000000002</ele>
   </trkpt>
   <trkpt lat="41.78952" lon="2.91737">
    <ele>227.16000000000003</ele>
   </trkpt>
   <trkpt lat="41.789570000000005" lon="2.91732">
    <ele>226.9</ele>
   </trkpt>
   <trkpt lat="41.789660000000005" lon="2.9172800000000003">
    <ele>226.57000000000002</ele>
   </trkpt>
   <trkpt lat="41.78972" lon="2.9172800000000003">
    <ele>226.13000000000002</ele>
   </trkpt>
   <trkpt lat="41.78989000000001" lon="2.91737">
    <ele>225.29000000000002</ele>
   </trkpt>
   <trkpt lat="41.79023" lon="2.91765">
    <ele>222.27</ele>
   </trkpt>
   <trkpt lat="41.790380000000006" lon="2.9177400000000002">
    <ele>222.27</ele>
   </trkpt>
   <trkpt lat="41.79052" lon="2.91785">
    <ele>219.03000000000003</ele>
   </trkpt>
   <trkpt lat="41.79073" lon="2.9181600000000003">
    <ele>216.87</ele>
   </trkpt>
   <trkpt lat="41.790800000000004" lon="2.91821">
    <ele>216.87</ele>
   </trkpt>
   <trkpt lat="41.790910000000004" lon="2.9182400000000004">
    <ele>215.86</ele>
   </trkpt>
   <trkpt lat="41.79101" lon="2.91821">
    <ele>215.29</ele>
   </trkpt>
   <trkpt lat="41.7911" lon="2.9181600000000003">
    <ele>214.81000000000003</ele>
   </trkpt>
   <trkpt lat="41.79149" lon="2.91787">
    <ele>212.92000000000002</ele>
   </trkpt>
   <trkpt lat="41.791630000000005" lon="2.9178100000000002">
    <ele>212.92000000000002</ele>
   </trkpt>
   <trkpt lat="41.79227000029928" lon="2.9175950021134653">
    <ele>211.76</ele>
   </trkpt>
   <trkpt lat="41.792910000000006" lon="2.91738">
    <ele>211.54</ele>
   </trkpt>
   <trkpt lat="41.79319" lon="2.9172800000000003">
    <ele>211.43</ele>
   </trkpt>
   <trkpt lat="41.79328" lon="2.9172300000000004">
    <ele>211.43</ele>
   </trkpt>
   <trkpt lat="41.79364" lon="2.9169400000000003">
    <ele>210.94000000000003</ele>
   </trkpt>
   <trkpt lat="41.79402500063826" lon="2.9165700021795495">
    <ele>210.12000000000003</ele>
   </trkpt>
   <trkpt lat="41.794410000000006" lon="2.9162000000000003">
    <ele>209.25000000000003</ele>
   </trkpt>
   <trkpt lat="41.79451" lon="2.9160700000000004">
    <ele>207.93</ele>
   </trkpt>
   <trkpt lat="41.794940000000004" lon="2.91527">
    <ele>205.57000000000002</ele>
   </trkpt>
   <trkpt lat="41.795300000000005" lon="2.91428">
    <ele>203.73000000000002</ele>
   </trkpt>
   <trkpt lat="41.795370000000005" lon="2.91413">
    <ele>203.66</ele>
   </trkpt>
   <trkpt lat="41.795460000000006" lon="2.914">
    <ele>203.66</ele>
   </trkpt>
   <trkpt lat="41.79562000000001" lon="2.91386">
    <ele>203.98000000000002</ele>
   </trkpt>
   <trkpt lat="41.79592" lon="2.91372">
    <ele>205.39000000000001</ele>
   </trkpt>
   <trkpt lat="41.796150000000004" lon="2.9135600000000004">
    <ele>206.92000000000002</ele>
   </trkpt>
   <trkpt lat="41.79632" lon="2.9134">
    <ele>208.99</ele>
   </trkpt>
   <trkpt lat="41.79688" lon="2.9127400000000003">
    <ele>215.03000000000003</ele>
   </trkpt>
   <trkpt lat="41.79708" lon="2.9123900000000003">
    <ele>216.20000000000002</ele>
   </trkpt>
   <trkpt lat="41.79744" lon="2.91135">
    <ele>224.99</ele>
   </trkpt>
   <trkpt lat="41.79757" lon="2.9112000000000005">
    <ele>225.93</ele>
   </trkpt>
   <trkpt lat="41.79782" lon="2.911">
    <ele>226.19000000000003</ele>
   </trkpt>
   <trkpt lat="41.79796" lon="2.91081">
    <ele>225.86</ele>
   </trkpt>
   <trkpt lat="41.79804" lon="2.91067">
    <ele>225.41000000000003</ele>
   </trkpt>
   <trkpt lat="41.79815000000001" lon="2.91007">
    <ele>222.98000000000002</ele>
   </trkpt>
   <trkpt lat="41.798190000000005" lon="2.9099100000000004">
    <ele>222.48000000000002</ele>
   </trkpt>
   <trkpt lat="41.79824000000001" lon="2.9098300000000004">
    <ele>221.88000000000002</ele>
   </trkpt>
   <trkpt lat="41.79834" lon="2.9097500000000003">
    <ele>221.20000000000002</ele>
   </trkpt>
   <trkpt lat="41.798660000000005" lon="2.9097600000000003">
    <ele>218.91000000000003</ele>
   </trkpt>
   <trkpt lat="41.79914" lon="2.9096">
    <ele>214.18</ele>
   </trkpt>
   <trkpt lat="41.799290000000006" lon="2.90952">
    <ele>213.12</ele>
   </trkpt>
   <trkpt lat="41.79961" lon="2.9092100000000003">
    <ele>210.14000000000001</ele>
   </trkpt>
   <trkpt lat="41.80007500120689" lon="2.908705003554704">
    <ele>206.58</ele>
   </trkpt>
   <trkpt lat="41.800540000000005" lon="2.9082000000000003">
    <ele>202.08</ele>
   </trkpt>
   <trkpt lat="41.800720000000005" lon="2.9079800000000002">
    <ele>199.05</ele>
   </trkpt>
   <trkpt lat="41.80098" lon="2.9075400000000005">
    <ele>196.55</ele>
   </trkpt>
   <trkpt lat="41.801080000000006" lon="2.9072500000000003">
    <ele>194.55</ele>
   </trkpt>
   <trkpt lat="41.801230000000004" lon="2.90667">
    <ele>192.93</ele>
   </trkpt>
   <trkpt lat="41.80151" lon="2.9059700000000004">
    <ele>192.13000000000002</ele>
   </trkpt>
   <trkpt lat="41.801570000000005" lon="2.9058900000000003">
    <ele>192.0</ele>
   </trkpt>
   <trkpt lat="41.80162000000001" lon="2.90587">
    <ele>191.89000000000001</ele>
   </trkpt>
   <trkpt lat="41.801730000000006" lon="2.9058900000000003">
    <ele>191.49</ele>
   </trkpt>
   <trkpt lat="41.801820000000006" lon="2.906">
    <ele>190.85999999999999</ele>
   </trkpt>
   <trkpt lat="41.80185" lon="2.9062400000000004">
    <ele>188.33</ele>
   </trkpt>
   <trkpt lat="41.80185" lon="2.90667">
    <ele>186.10000000000002</ele>
   </trkpt>
   <trkpt lat="41.80187" lon="2.9067800000000004">
    <ele>185.49</ele>
   </trkpt>
   <trkpt lat="41.80198" lon="2.9069800000000003">
    <ele>184.34</ele>
   </trkpt>
   <trkpt lat="41.80228" lon="2.90734">
    <ele>181.1</ele>
   </trkpt>
   <trkpt lat="41.802730000000004" lon="2.90802">
    <ele>176.82</ele>
   </trkpt>
   <trkpt lat="41.803050000000006" lon="2.9083300000000003">
    <ele>174.59000000000003</ele>
   </trkpt>
   <trkpt lat="41.80324" lon="2.90838">
    <ele>173.22</ele>
   </trkpt>
   <trkpt lat="41.80331" lon="2.90837">
    <ele>173.22</ele>
   </trkpt>
   <trkpt lat="41.803430000000006" lon="2.90831">
    <ele>172.33</ele>
   </trkpt>
   <trkpt lat="41.80348" lon="2.9082500000000002">
    <ele>171.65000000000003</ele>
   </trkpt>
   <trkpt lat="41.80353" lon="2.9081500000000005">
    <ele>171.65000000000003</ele>
   </trkpt>
   <trkpt lat="41.80364" lon="2.9076600000000004">
    <ele>168.11</ele>
   </trkpt>
   <trkpt lat="41.803740000000005" lon="2.9073900000000004">
    <ele>167.23000000000002</ele>
   </trkpt>
   <trkpt lat="41.80382" lon="2.9072400000000003">
    <ele>165.07000000000002</ele>
   </trkpt>
   <trkpt lat="41.803920000000005" lon="2.90714">
    <ele>165.07000000000002</ele>
   </trkpt>
   <trkpt lat="41.80406000000001" lon="2.9070600000000004">
    <ele>163.60000000000002</ele>
   </trkpt>
   <trkpt lat="41.804170000000006" lon="2.9070500000000004">
    <ele>163.60000000000002</ele>
   </trkpt>
   <trkpt lat="41.80462500014267" lon="2.9071749991328977">
    <ele>162.07000000000002</ele>
   </trkpt>
   <trkpt lat="41.805080000000004" lon="2.9073">
    <ele>159.45000000000002</ele>
   </trkpt>
   <trkpt lat="41.80519" lon="2.9073">
    <ele>159.45000000000002</ele>
   </trkpt>
   <trkpt lat="41.805310000000006" lon="2.9072000000000005">
    <ele>157.10000000000002</ele>
   </trkpt>
   <trkpt lat="41.805440000000004" lon="2.9070500000000004">
    <ele>155.68</ele>
   </trkpt>
   <trkpt lat="41.8058100041396" lon="2.9063600079497314">
    <ele>152.7</ele>
   </trkpt>
   <trkpt lat="41.806180004150285" lon="2.9056700079299005">
    <ele>151.04</ele>
   </trkpt>
   <trkpt lat="41.80655" lon="2.90498">
    <ele>150.07</ele>
   </trkpt>
   <trkpt lat="41.80666" lon="2.9047">
    <ele>149.9</ele>
   </trkpt>
   <trkpt lat="41.80679000000001" lon="2.9039200000000003">
    <ele>149.69000000000003</ele>
   </trkpt>
   <trkpt lat="41.80693500497266" lon="2.9028500023621038">
    <ele>149.03000000000003</ele>
   </trkpt>
   <trkpt lat="41.807080000000006" lon="2.90178">
    <ele>146.98</ele>
   </trkpt>
   <trkpt lat="41.80708000260447" lon="2.901004999967426">
    <ele>142.62000000000003</ele>
   </trkpt>
   <trkpt lat="41.807080000000006" lon="2.90023">
    <ele>139.85</ele>
   </trkpt>
   <trkpt lat="41.807100000000005" lon="2.9001200000000003">
    <ele>139.57</ele>
   </trkpt>
   <trkpt lat="41.80716" lon="2.8999800000000002">
    <ele>139.19</ele>
   </trkpt>
   <trkpt lat="41.807300000000005" lon="2.89976">
    <ele>139.07</ele>
   </trkpt>
   <trkpt lat="41.80747" lon="2.89956">
    <ele>138.85</ele>
   </trkpt>
   <trkpt lat="41.80799000197063" lon="2.8990800078176533">
    <ele>138.38</ele>
   </trkpt>
   <trkpt lat="41.808510001943134" lon="2.8986000078431307">
    <ele>137.72</ele>
   </trkpt>
   <trkpt lat="41.80903" lon="2.89812">
    <ele>137.27</ele>
   </trkpt>
   <trkpt lat="41.80968" lon="2.8976800000000003">
    <ele>136.21</ele>
   </trkpt>
   <trkpt lat="41.81013" lon="2.89745">
    <ele>135.86</ele>
   </trkpt>
   <trkpt lat="41.810340000000004" lon="2.8973700000000004">
    <ele>136.13</ele>
   </trkpt>
   <trkpt lat="41.810500000000005" lon="2.8973400000000002">
    <ele>136.1</ele>
   </trkpt>
   <trkpt lat="41.81073000000001" lon="2.8973700000000004">
    <ele>137.14000000000001</ele>
   </trkpt>
   <trkpt lat="41.81087" lon="2.8974100000000003">
    <ele>138.40000000000003</ele>
   </trkpt>
   <trkpt lat="41.811400000000006" lon="2.89767">
    <ele>142.3</ele>
   </trkpt>
   <trkpt lat="41.81166" lon="2.89766">
    <ele>143.0</ele>
   </trkpt>
   <trkpt lat="41.811710000000005" lon="2.8977000000000004">
    <ele>143.15</ele>
   </trkpt>
   <trkpt lat="41.811780000000006" lon="2.89772">
    <ele>143.15</ele>
   </trkpt>
   <trkpt lat="41.81183" lon="2.8976900000000003">
    <ele>143.53000000000003</ele>
   </trkpt>
   <trkpt lat="41.811870000000006" lon="2.8976400000000004">
    <ele>143.53000000000003</ele>
   </trkpt>
   <trkpt lat="41.81188" lon="2.89747">
    <ele>143.67000000000002</ele>
   </trkpt>
   <trkpt lat="41.81195" lon="2.8972700000000002">
    <ele>143.69</ele>
   </trkpt>
   <trkpt lat="41.812290000000004" lon="2.8968200000000004">
    <ele>143.12000000000003</ele>
   </trkpt>
   <trkpt lat="41.81237" lon="2.8967600000000004">
    <ele>143.12000000000003</ele>
   </trkpt>
   <trkpt lat="41.812450000000005" lon="2.89678">
    <ele>142.93</ele>
   </trkpt>
   <trkpt lat="41.812520000000006" lon="2.8967500000000004">
    <ele>142.93</ele>
   </trkpt>
   <trkpt lat="41.812580000000004" lon="2.89663">
    <ele>142.68</ele>
   </trkpt>
   <trkpt lat="41.812670000000004" lon="2.8965400000000003">
    <ele>141.84000000000003</ele>
   </trkpt>
   <trkpt lat="41.8128" lon="2.8964800000000004">
    <ele>140.90000000000003</ele>
   </trkpt>
   <trkpt lat="41.813" lon="2.89652">
    <ele>139.56</ele>
   </trkpt>
   <trkpt lat="41.81326000000001" lon="2.8965300000000003">
    <ele>138.07</ele>
   </trkpt>
   <trkpt lat="41.81411666670308" lon="2.8964733348486043">
    <ele>132.61</ele>
   </trkpt>
   <trkpt lat="41.814973333378305" lon="2.8964166681813994">
    <ele>131.74</ele>
   </trkpt>
   <trkpt lat="41.815830000000005" lon="2.89636">
    <ele>131.62</ele>
   </trkpt>
   <trkpt lat="41.81636" lon="2.8963400000000004">
    <ele>131.39000000000001</ele>
   </trkpt>
   <trkpt lat="41.81671" lon="2.89629">
    <ele>131.29000000000002</ele>
   </trkpt>
   <trkpt lat="41.816930000000006" lon="2.8961900000000003">
    <ele>131.16</ele>
   </trkpt>
   <trkpt lat="41.817430000356104" lon="2.8959100021770112">
    <ele>130.86</ele>
   </trkpt>
   <trkpt lat="41.817930000000004" lon="2.89563">
    <ele>130.44</ele>
   </trkpt>
   <trkpt lat="41.81848" lon="2.8954000000000004">
    <ele>130.4</ele>
   </trkpt>
   <trkpt lat="41.819210000000005" lon="2.8951900000000004">
    <ele>130.47</ele>
   </trkpt>
   <trkpt lat="41.81936" lon="2.8951000000000002">
    <ele>130.29999999999998</ele>
   </trkpt>
   <trkpt lat="41.819410000000005" lon="2.89507">
    <ele>130.29999999999998</ele>
   </trkpt>
   <trkpt lat="41.8196" lon="2.89487">
    <ele>130.0</ele>
   </trkpt>
   <trkpt lat="41.819900000000004" lon="2.8943800000000004">
    <ele>129.04999999999998</ele>
   </trkpt>
   <trkpt lat="41.820060000000005" lon="2.8942200000000002">
    <ele>128.95000000000002</ele>
   </trkpt>
   <trkpt lat="41.82067000079661" lon="2.8937700043468384">
    <ele>128.54000000000002</ele>
   </trkpt>
   <trkpt lat="41.82128" lon="2.89332">
    <ele>128.29999999999998</ele>
   </trkpt>
   <trkpt lat="41.8215" lon="2.8932300000000004">
    <ele>128.03</ele>
   </trkpt>
   <trkpt lat="41.82175" lon="2.8932100000000003">
    <ele>127.98</ele>
   </trkpt>
   <trkpt lat="41.822280000000006" lon="2.89332">
    <ele>128.32999999999998</ele>
   </trkpt>
   <trkpt lat="41.82293000000001" lon="2.8934900000000003">
    <ele>128.19</ele>
   </trkpt>
   <trkpt lat="41.823060000000005" lon="2.8935000000000004">
    <ele>128.09</ele>
   </trkpt>
   <trkpt lat="41.823080000000004" lon="2.89345">
    <ele>127.99000000000002</ele>
   </trkpt>
   <trkpt lat="41.82314" lon="2.8934300000000004">
    <ele>127.99000000000002</ele>
   </trkpt>
   <trkpt lat="41.82316" lon="2.89333">
    <ele>127.79</ele>
   </trkpt>
   <trkpt lat="41.823440000000005" lon="2.89278">
    <ele>127.13000000000002</ele>
   </trkpt>
   <trkpt lat="41.823730000000005" lon="2.8922600000000003">
    <ele>126.73</ele>
   </trkpt>
   <trkpt lat="41.824135007676325" lon="2.891492514539775">
    <ele>126.44</ele>
   </trkpt>
   <trkpt lat="41.824540010243844" lon="2.8907250193700564">
    <ele>126.33</ele>
   </trkpt>
   <trkpt lat="41.82494500770243" lon="2.889957514490705">
    <ele>126.2</ele>
   </trkpt>
   <trkpt lat="41.82535" lon="2.88919">
    <ele>126.52000000000002</ele>
   </trkpt>
   <trkpt lat="41.82599000000313" lon="2.8892949989430528">
    <ele>126.53</ele>
   </trkpt>
   <trkpt lat="41.82663" lon="2.8894">
    <ele>126.9</ele>
   </trkpt>
   <trkpt lat="41.82741666670291" lon="2.889476664781092">
    <ele>127.16000000000003</ele>
   </trkpt>
   <trkpt lat="41.828203333354836" lon="2.8895533314462893">
    <ele>126.9</ele>
   </trkpt>
   <trkpt lat="41.828990000000005" lon="2.8896300000000004">
    <ele>126.30000000000003</ele>
   </trkpt>
   <trkpt lat="41.829100000000004" lon="2.88972">
    <ele>126.67</ele>
   </trkpt>
   <trkpt lat="41.82914" lon="2.88985">
    <ele>126.88000000000002</ele>
   </trkpt>
   <trkpt lat="41.8292" lon="2.8899100000000004">
    <ele>126.88000000000002</ele>
   </trkpt>
   <trkpt lat="41.82929" lon="2.88992">
    <ele>126.87</ele>
   </trkpt>
   <trkpt lat="41.829370000000004" lon="2.88986">
    <ele>126.67</ele>
   </trkpt>
   <trkpt lat="41.82941" lon="2.8897500000000003">
    <ele>126.67</ele>
   </trkpt>
   <trkpt lat="41.82936" lon="2.8894300000000004">
    <ele>124.96000000000001</ele>
   </trkpt>
   <trkpt lat="41.829370000000004" lon="2.8892900000000004">
    <ele>124.96000000000001</ele>
   </trkpt>
   <trkpt lat="41.82958251314668" lon="2.888285009978117">
    <ele>121.71000000000001</ele>
   </trkpt>
   <trkpt lat="41.829795017533286" lon="2.887280013283769">
    <ele>121.91</ele>
   </trkpt>
   <trkpt lat="41.830007513159664" lon="2.8862750099171355">
    <ele>123.29</ele>
   </trkpt>
   <trkpt lat="41.830220000000004" lon="2.8852700000000002">
    <ele>123.85000000000001</ele>
   </trkpt>
   <trkpt lat="41.830270000000006" lon="2.88492">
    <ele>123.96000000000001</ele>
   </trkpt>
   <trkpt lat="41.83023" lon="2.8845400000000003">
    <ele>124.22000000000001</ele>
   </trkpt>
   <trkpt lat="41.83019" lon="2.88424">
    <ele>124.29</ele>
   </trkpt>
   <trkpt lat="41.83019" lon="2.88402">
    <ele>124.29</ele>
   </trkpt>
   <trkpt lat="41.83023" lon="2.8838000000000004">
    <ele>124.07000000000001</ele>
   </trkpt>
   <trkpt lat="41.83066334270894" lon="2.882760014093542">
    <ele>123.97000000000001</ele>
   </trkpt>
   <trkpt lat="41.831096676036964" lon="2.881720014106523">
    <ele>125.54</ele>
   </trkpt>
   <trkpt lat="41.83153" lon="2.8806800000000004">
    <ele>128.76000000000002</ele>
   </trkpt>
   <trkpt lat="41.83164" lon="2.88036">
    <ele>129.61</ele>
   </trkpt>
   <trkpt lat="41.83178333879068" lon="2.8795666702276317">
    <ele>129.91</ele>
   </trkpt>
   <trkpt lat="41.83192667212258" lon="2.878773336902305">
    <ele>129.77</ele>
   </trkpt>
   <trkpt lat="41.83207" lon="2.8779800000000004">
    <ele>129.24</ele>
   </trkpt>
   <trkpt lat="41.83209" lon="2.87752">
    <ele>128.49</ele>
   </trkpt>
   <trkpt lat="41.83205003549012" lon="2.876438745270683">
    <ele>125.15</ele>
   </trkpt>
   <trkpt lat="41.83201006084014" lon="2.8753574918917004">
    <ele>125.55000000000003</ele>
   </trkpt>
   <trkpt lat="41.8319700760501" lon="2.8742762398633905">
    <ele>127.15</ele>
   </trkpt>
   <trkpt lat="41.83193008112001" lon="2.873194989186093">
    <ele>128.57999999999998</ele>
   </trkpt>
   <trkpt lat="41.8318900760499" lon="2.8721137398601466">
    <ele>127.49000000000002</ele>
   </trkpt>
   <trkpt lat="41.83185006083981" lon="2.87103249188589">
    <ele>124.75000000000001</ele>
   </trkpt>
   <trkpt lat="41.83181003548976" lon="2.869951245263662">
    <ele>122.34</ele>
   </trkpt>
   <trkpt lat="41.831770000000006" lon="2.8688700000000003">
    <ele>121.75000000000001</ele>
   </trkpt>
   <trkpt lat="41.831810000000004" lon="2.8684700000000003">
    <ele>121.8</ele>
   </trkpt>
   <trkpt lat="41.831880000000005" lon="2.86825">
    <ele>122.07000000000001</ele>
   </trkpt>
   <trkpt lat="41.83196" lon="2.86805">
    <ele>122.49000000000001</ele>
   </trkpt>
   <trkpt lat="41.83230000186431" lon="2.8673900035538216">
    <ele>124.76</ele>
   </trkpt>
   <trkpt lat="41.832640000000005" lon="2.8667300000000004">
    <ele>127.22</ele>
   </trkpt>
   <trkpt lat="41.83268" lon="2.8665900000000004">
    <ele>127.38000000000002</ele>
   </trkpt>
   <trkpt lat="41.8327" lon="2.8663200000000004">
    <ele>127.24000000000002</ele>
   </trkpt>
   <trkpt lat="41.83270334218093" lon="2.8653100001386336">
    <ele>124.29</ele>
   </trkpt>
   <trkpt lat="41.83270667551415" lon="2.8643000001719323">
    <ele>122.76</ele>
   </trkpt>
   <trkpt lat="41.832710000000006" lon="2.86329">
    <ele>122.23</ele>
   </trkpt>
   <trkpt lat="41.8327" lon="2.86302">
    <ele>121.91</ele>
   </trkpt>
   <trkpt lat="41.83263" lon="2.86268">
    <ele>121.62</ele>
   </trkpt>
   <trkpt lat="41.83236000266558" lon="2.861894996669018">
    <ele>121.03000000000002</ele>
   </trkpt>
   <trkpt lat="41.83209" lon="2.86111">
    <ele>120.09000000000002</ele>
   </trkpt>
   <trkpt lat="41.83203" lon="2.8609000000000004">
    <ele>120.11</ele>
   </trkpt>
   <trkpt lat="41.831990000000005" lon="2.8605600000000004">
    <ele>120.55</ele>
   </trkpt>
   <trkpt lat="41.832" lon="2.86018">
    <ele>121.20000000000002</ele>
   </trkpt>
   <trkpt lat="41.83216474501609" lon="2.8590440409166793">
    <ele>124.28000000000002</ele>
   </trkpt>
   <trkpt lat="41.83232947884001" lon="2.8579080759861717">
    <ele>126.78</ele>
   </trkpt>
   <trkpt lat="41.83249420147165" lon="2.8567721052088104">
    <ele>126.73</ele>
   </trkpt>
   <trkpt lat="41.832658912910844" lon="2.855636128584928">
    <ele>123.33000000000001</ele>
   </trkpt>
   <trkpt lat="41.83282361315752" lon="2.85450014611486">
    <ele>121.60000000000001</ele>
   </trkpt>
   <trkpt lat="41.832988302211525" lon="2.853364157798937">
    <ele>122.23</ele>
   </trkpt>
   <trkpt lat="41.83315298007275" lon="2.8522281636374953">
    <ele>127.59</ele>
   </trkpt>
   <trkpt lat="41.833317646741065" lon="2.8510921636308657">
    <ele>133.32000000000002</ele>
   </trkpt>
   <trkpt lat="41.833482302216346" lon="2.849956157779383">
    <ele>132.93</ele>
   </trkpt>
   <trkpt lat="41.8336469464985" lon="2.8488201460833804">
    <ele>131.5</ele>
   </trkpt>
   <trkpt lat="41.83381157958737" lon="2.8476841285431918">
    <ele>131.75</ele>
   </trkpt>
   <trkpt lat="41.833976201482834" lon="2.8465481051591492">
    <ele>131.78</ele>
   </trkpt>
   <trkpt lat="41.834140812184785" lon="2.845412075931588">
    <ele>132.33</ele>
   </trkpt>
   <trkpt lat="41.834305411693094" lon="2.844276040860841">
    <ele>130.93</ele>
   </trkpt>
   <trkpt lat="41.83447" lon="2.8431400000000004">
    <ele>124.83000000000001</ele>
   </trkpt>
   <trkpt lat="41.83449" lon="2.84282">
    <ele>123.29</ele>
   </trkpt>
   <trkpt lat="41.834450000000004" lon="2.8424400000000003">
    <ele>122.27</ele>
   </trkpt>
   <trkpt lat="41.834296673031545" lon="2.841583329226732">
    <ele>121.51</ele>
   </trkpt>
   <trkpt lat="41.83414333969781" lon="2.8407266625579495">
    <ele>121.76</ele>
   </trkpt>
   <trkpt lat="41.83399" lon="2.8398700000000003">
    <ele>121.59</ele>
   </trkpt>
   <trkpt lat="41.833960000000005" lon="2.8395900000000003">
    <ele>121.59</ele>
   </trkpt>
   <trkpt lat="41.834" lon="2.83921">
    <ele>121.57000000000001</ele>
   </trkpt>
   <trkpt lat="41.83410000000001" lon="2.83888">
    <ele>121.37</ele>
   </trkpt>
   <trkpt lat="41.83458751206022" lon="2.8379175219784134">
    <ele>120.3</ele>
   </trkpt>
   <trkpt lat="41.83507501608554" lon="2.8369550292946486">
    <ele>119.71000000000001</ele>
   </trkpt>
   <trkpt lat="41.83556251207576" lon="2.835992521948472">
    <ele>119.32000000000001</ele>
   </trkpt>
   <trkpt lat="41.83605" lon="2.83503">
    <ele>119.45000000000002</ele>
   </trkpt>
   <trkpt lat="41.83616000000001" lon="2.83467">
    <ele>119.53000000000002</ele>
   </trkpt>
   <trkpt lat="41.83616000000001" lon="2.83436">
    <ele>119.83</ele>
   </trkpt>
   <trkpt lat="41.83614" lon="2.83421">
    <ele>119.81000000000002</ele>
   </trkpt>
   <trkpt lat="41.83605" lon="2.83387">
    <ele>119.67000000000002</ele>
   </trkpt>
   <trkpt lat="41.836020000000005" lon="2.8336">
    <ele>119.26</ele>
   </trkpt>
   <trkpt lat="41.83603" lon="2.83345">
    <ele>118.93</ele>
   </trkpt>
   <trkpt lat="41.836110000000005" lon="2.8331500000000003">
    <ele>118.8</ele>
   </trkpt>
   <trkpt lat="41.83649753370515" lon="2.8320962946695807">
    <ele>117.44</ele>
   </trkpt>
   <trkpt lat="41.83688505778004" lon="2.831042576578369">
    <ele>117.20000000000002</ele>
   </trkpt>
   <trkpt lat="41.83727257222442" lon="2.8299888457263545">
    <ele>117.06</ele>
   </trkpt>
   <trkpt lat="41.837660077038066" lon="2.828935102113526">
    <ele>116.59000000000002</ele>
   </trkpt>
   <trkpt lat="41.8380475722207" lon="2.8278813457398724">
    <ele>116.38000000000001</ele>
   </trkpt>
   <trkpt lat="41.838435057772124" lon="2.8268275766053823">
    <ele>116.26000000000002</ele>
   </trkpt>
   <trkpt lat="41.83882253369203" lon="2.825773794710046">
    <ele>116.09</ele>
   </trkpt>
   <trkpt lat="41.83921" lon="2.82472">
    <ele>116.23000000000002</ele>
   </trkpt>
   <trkpt lat="41.83957000440289" lon="2.8237150055906413">
    <ele>117.31</ele>
   </trkpt>
   <trkpt lat="41.83993" lon="2.8227100000000003">
    <ele>117.20000000000002</ele>
   </trkpt>
   <trkpt lat="41.84017" lon="2.82202">
    <ele>116.91000000000001</ele>
   </trkpt>
   <trkpt lat="41.84026" lon="2.82167">
    <ele>117.05000000000001</ele>
   </trkpt>
   <trkpt lat="41.84046001065475" lon="2.820765008490623">
    <ele>119.10000000000001</ele>
   </trkpt>
   <trkpt lat="41.840660014205675" lon="2.819860011324022">
    <ele>121.8</ele>
   </trkpt>
   <trkpt lat="41.840860010652676" lon="2.8189550085003208">
    <ele>123.50000000000001</ele>
   </trkpt>
   <trkpt lat="41.841060000000006" lon="2.8180500000000004">
    <ele>126.27000000000002</ele>
   </trkpt>
   <trkpt lat="41.841210000000004" lon="2.81767">
    <ele>127.09</ele>
   </trkpt>
   <trkpt lat="41.84129" lon="2.8175600000000003">
    <ele>127.34</ele>
   </trkpt>
   <trkpt lat="41.84141" lon="2.81746">
    <ele>127.62</ele>
   </trkpt>
   <trkpt lat="41.841440000000006" lon="2.81734">
    <ele>127.62</ele>
   </trkpt>
   <trkpt lat="41.84161" lon="2.81706">
    <ele>128.27</ele>
   </trkpt>
   <trkpt lat="41.84183" lon="2.8168100000000003">
    <ele>128.77</ele>
   </trkpt>
   <trkpt lat="41.84205" lon="2.81665">
    <ele>129.02</ele>
   </trkpt>
   <trkpt lat="41.842270000000006" lon="2.81658">
    <ele>130.24</ele>
   </trkpt>
   <trkpt lat="41.84239" lon="2.8165600000000004">
    <ele>130.43</ele>
   </trkpt>
   <trkpt lat="41.842580000000005" lon="2.81659">
    <ele>130.60000000000002</ele>
   </trkpt>
   <trkpt lat="41.84279" lon="2.8167000000000004">
    <ele>130.71</ele>
   </trkpt>
   <trkpt lat="41.842890000000004" lon="2.8167700000000004">
    <ele>130.62</ele>
   </trkpt>
   <trkpt lat="41.84299" lon="2.8168800000000003">
    <ele>130.21</ele>
   </trkpt>
   <trkpt lat="41.84313" lon="2.8170900000000003">
    <ele>129.79999999999998</ele>
   </trkpt>
   <trkpt lat="41.84347000162714" lon="2.8177049967081804">
    <ele>128.15</ele>
   </trkpt>
   <trkpt lat="41.843810000000005" lon="2.8183200000000004">
    <ele>126.94</ele>
   </trkpt>
   <trkpt lat="41.8442" lon="2.81897">
    <ele>122.77</ele>
   </trkpt>
   <trkpt lat="41.84443" lon="2.8193">
    <ele>121.82000000000001</ele>
   </trkpt>
   <trkpt lat="41.84456" lon="2.8194600000000003">
    <ele>121.22</ele>
   </trkpt>
   <trkpt lat="41.84479" lon="2.8196600000000003">
    <ele>119.96000000000001</ele>
   </trkpt>
   <trkpt lat="41.845567503242464" lon="2.820159981764724">
    <ele>115.45</ele>
   </trkpt>
   <trkpt lat="41.84634500431657" lon="2.8206599756815423">
    <ele>113.35000000000001</ele>
   </trkpt>
   <trkpt lat="41.84712250322223" lon="2.821159981751047">
    <ele>112.59</ele>
   </trkpt>
   <trkpt lat="41.8479" lon="2.82166">
    <ele>113.05000000000001</ele>
   </trkpt>
   <trkpt lat="41.848040000000005" lon="2.8217000000000003">
    <ele>112.73</ele>
   </trkpt>
   <trkpt lat="41.84819" lon="2.8216900000000003">
    <ele>112.73</ele>
   </trkpt>
   <trkpt lat="41.84875" lon="2.82153">
    <ele>111.37</ele>
   </trkpt>
   <trkpt lat="41.84893" lon="2.82152">
    <ele>111.02000000000001</ele>
   </trkpt>
   <trkpt lat="41.849160000000005" lon="2.8215500000000002">
    <ele>110.81</ele>
   </trkpt>
   <trkpt lat="41.84935" lon="2.8216400000000004">
    <ele>110.81</ele>
   </trkpt>
   <trkpt lat="41.85009666853276" lon="2.8220999892803453">
    <ele>110.15</ele>
   </trkpt>
   <trkpt lat="41.85084333523014" lon="2.8225599892990827">
    <ele>111.01</ele>
   </trkpt>
   <trkpt lat="41.85159" lon="2.82302">
    <ele>112.81</ele>
   </trkpt>
   <trkpt lat="41.852120000000006" lon="2.82343">
    <ele>115.53</ele>
   </trkpt>
   <trkpt lat="41.852720000000005" lon="2.8239900000000002">
    <ele>119.04</ele>
   </trkpt>
   <trkpt lat="41.85324333616797" lon="2.824563323933159">
    <ele>122.10000000000001</ele>
   </trkpt>
   <trkpt lat="41.853766669484735" lon="2.8251366572482075">
    <ele>124.63</ele>
   </trkpt>
   <trkpt lat="41.854290000000006" lon="2.8257100000000004">
    <ele>127.65</ele>
   </trkpt>
   <trkpt lat="41.85486" lon="2.8264600000000004">
    <ele>130.11</ele>
   </trkpt>
   <trkpt lat="41.855535002317694" lon="2.8271849923892085">
    <ele>132.62</ele>
   </trkpt>
   <trkpt lat="41.856210000000004" lon="2.82791">
    <ele>135.45000000000002</ele>
   </trkpt>
   <trkpt lat="41.856300000000005" lon="2.82804">
    <ele>135.98000000000002</ele>
   </trkpt>
   <trkpt lat="41.85667" lon="2.82846">
    <ele>136.56</ele>
   </trkpt>
   <trkpt lat="41.857040001015584" lon="2.828939997244159">
    <ele>136.65</ele>
   </trkpt>
   <trkpt lat="41.85741" lon="2.8294200000000003">
    <ele>132.92000000000002</ele>
   </trkpt>
   <trkpt lat="41.85765000000001" lon="2.82986">
    <ele>130.58</ele>
   </trkpt>
   <trkpt lat="41.857870000000005" lon="2.8304400000000003">
    <ele>126.94</ele>
   </trkpt>
   <trkpt lat="41.85812000000001" lon="2.8312700000000004">
    <ele>123.33000000000001</ele>
   </trkpt>
   <trkpt lat="41.85838000421684" lon="2.8322499962097196">
    <ele>123.55000000000001</ele>
   </trkpt>
   <trkpt lat="41.85864" lon="2.8332300000000004">
    <ele>125.79</ele>
   </trkpt>
   <trkpt lat="41.858720000000005" lon="2.8334400000000004">
    <ele>125.89</ele>
   </trkpt>
   <trkpt lat="41.859165003336145" lon="2.8343199938317967">
    <ele>124.25000000000001</ele>
   </trkpt>
   <trkpt lat="41.85961" lon="2.8352000000000004">
    <ele>120.50000000000001</ele>
   </trkpt>
   <trkpt lat="41.85974" lon="2.8355">
    <ele>116.87000000000002</ele>
   </trkpt>
   <trkpt lat="41.859820000000006" lon="2.83576">
    <ele>115.9</ele>
   </trkpt>
   <trkpt lat="41.85987" lon="2.8360000000000003">
    <ele>112.49000000000001</ele>
   </trkpt>
   <trkpt lat="41.85989" lon="2.8363">
    <ele>112.49000000000001</ele>
   </trkpt>
   <trkpt lat="41.85987" lon="2.8366300000000004">
    <ele>110.75000000000001</ele>
   </trkpt>
   <trkpt lat="41.85978" lon="2.8370800000000003">
    <ele>109.61000000000001</ele>
   </trkpt>
   <trkpt lat="41.85954000368584" lon="2.83800500356839">
    <ele>109.51</ele>
   </trkpt>
   <trkpt lat="41.859300000000005" lon="2.8389300000000004">
    <ele>109.11000000000001</ele>
   </trkpt>
   <trkpt lat="41.859260000000006" lon="2.8393200000000003">
    <ele>109.62</ele>
   </trkpt>
   <trkpt lat="41.859280000000005" lon="2.83971">
    <ele>110.54</ele>
   </trkpt>
   <trkpt lat="41.85949202008999" lon="2.840785985753305">
    <ele>111.89</ele>
   </trkpt>
   <trkpt lat="41.85970403013731" lon="2.8418619786413326">
    <ele>111.07000000000001</ele>
   </trkpt>
   <trkpt lat="41.85991603014184" lon="2.842937978663846">
    <ele>109.41000000000001</ele>
   </trkpt>
   <trkpt lat="41.86012802010343" lon="2.8440139858206077">
    <ele>109.41000000000001</ele>
   </trkpt>
   <trkpt lat="41.86034" lon="2.8450900000000003">
    <ele>109.61000000000001</ele>
   </trkpt>
   <trkpt lat="41.860400000000006" lon="2.84573">
    <ele>109.83000000000001</ele>
   </trkpt>
   <trkpt lat="41.86044000291996" lon="2.8465499995620545">
    <ele>110.33000000000001</ele>
   </trkpt>
   <trkpt lat="41.86048" lon="2.84737">
    <ele>111.50000000000001</ele>
   </trkpt>
   <trkpt lat="41.860490000000006" lon="2.8476100000000004">
    <ele>111.76</ele>
   </trkpt>
   <trkpt lat="41.860510000000005" lon="2.8478000000000003">
    <ele>111.76</ele>
   </trkpt>
   <trkpt lat="41.860580000000006" lon="2.8481">
    <ele>112.22000000000001</ele>
   </trkpt>
   <trkpt lat="41.86068" lon="2.8483400000000003">
    <ele>112.62</ele>
   </trkpt>
   <trkpt lat="41.860995001764984" lon="2.848979996823875">
    <ele>113.02000000000001</ele>
   </trkpt>
   <trkpt lat="41.86131" lon="2.8496200000000003">
    <ele>113.80000000000001</ele>
   </trkpt>
   <trkpt lat="41.86150000000001" lon="2.8499600000000003">
    <ele>114.14</ele>
   </trkpt>
   <trkpt lat="41.861845001109735" lon="2.850454997396719">
    <ele>114.42</ele>
   </trkpt>
   <trkpt lat="41.862190000000005" lon="2.85095">
    <ele>114.80000000000001</ele>
   </trkpt>
   <trkpt lat="41.862563336901175" lon="2.8515966590120554">
    <ele>115.16000000000001</ele>
   </trkpt>
   <trkpt lat="41.86293667017495" lon="2.8522433255754835">
    <ele>115.54</ele>
   </trkpt>
   <trkpt lat="41.863310000000006" lon="2.8528900000000004">
    <ele>116.17</ele>
   </trkpt>
   <trkpt lat="41.86368" lon="2.8533500000000003">
    <ele>116.49000000000001</ele>
   </trkpt>
   <trkpt lat="41.86412500066584" lon="2.853754997139765">
    <ele>116.77000000000001</ele>
   </trkpt>
   <trkpt lat="41.86457" lon="2.8541600000000003">
    <ele>115.46000000000001</ele>
   </trkpt>
   <trkpt lat="41.865230000000004" lon="2.8548500000000003">
    <ele>113.43</ele>
   </trkpt>
   <trkpt lat="41.86544000000001" lon="2.8550400000000002">
    <ele>113.11000000000001</ele>
   </trkpt>
   <trkpt lat="41.86558" lon="2.8551400000000005">
    <ele>113.06</ele>
   </trkpt>
   <trkpt lat="41.86574" lon="2.85522">
    <ele>113.07000000000001</ele>
   </trkpt>
   <trkpt lat="41.866550000661256" lon="2.855609995059581">
    <ele>112.67</ele>
   </trkpt>
   <trkpt lat="41.867360000000005" lon="2.8560000000000003">
    <ele>113.55000000000001</ele>
   </trkpt>
   <trkpt lat="41.867580000000004" lon="2.85612">
    <ele>114.25</ele>
   </trkpt>
   <trkpt lat="41.86788000000001" lon="2.85631">
    <ele>115.18</ele>
   </trkpt>
   <trkpt lat="41.868410001336564" lon="2.856709993328748">
    <ele>118.28</ele>
   </trkpt>
   <trkpt lat="41.86894000128521" lon="2.857109993289903">
    <ele>120.24000000000001</ele>
   </trkpt>
   <trkpt lat="41.86947000000001" lon="2.8575100000000004">
    <ele>122.65</ele>
   </trkpt>
   <trkpt lat="41.869800000000005" lon="2.8578300000000003">
    <ele>123.3</ele>
   </trkpt>
   <trkpt lat="41.87041000419936" lon="2.8585299865814857">
    <ele>123.97000000000001</ele>
   </trkpt>
   <trkpt lat="41.87102000414823" lon="2.8592299865225907">
    <ele>125.34</ele>
   </trkpt>
   <trkpt lat="41.87163" lon="2.8599300000000003">
    <ele>127.14</ele>
   </trkpt>
   <trkpt lat="41.87183" lon="2.8601300000000003">
    <ele>127.14</ele>
   </trkpt>
   <trkpt lat="41.87198" lon="2.86023">
    <ele>127.69</ele>
   </trkpt>
   <trkpt lat="41.872130000000006" lon="2.8603">
    <ele>127.8</ele>
   </trkpt>
   <trkpt lat="41.87282500016259" lon="2.8604599982721415">
    <ele>129.62</ele>
   </trkpt>
   <trkpt lat="41.873520000000006" lon="2.8606200000000004">
    <ele>130.25</ele>
   </trkpt>
   <trkpt lat="41.873920000000005" lon="2.86078">
    <ele>129.98000000000002</ele>
   </trkpt>
   <trkpt lat="41.874280000000006" lon="2.86099">
    <ele>128.93</ele>
   </trkpt>
   <trkpt lat="41.87505" lon="2.86158">
    <ele>125.63000000000002</ele>
   </trkpt>
   <trkpt lat="41.87520000000001" lon="2.8616800000000002">
    <ele>124.53000000000002</ele>
   </trkpt>
   <trkpt lat="41.87543" lon="2.8618">
    <ele>124.01</ele>
   </trkpt>
   <trkpt lat="41.875780000000006" lon="2.86194">
    <ele>122.63000000000001</ele>
   </trkpt>
   <trkpt lat="41.87624" lon="2.86208">
    <ele>122.22000000000001</ele>
   </trkpt>
   <trkpt lat="41.87644" lon="2.8621800000000004">
    <ele>122.18</ele>
   </trkpt>
   <trkpt lat="41.876650000000005" lon="2.8623700000000003">
    <ele>122.16</ele>
   </trkpt>
   <trkpt lat="41.87722" lon="2.8631100000000003">
    <ele>122.05</ele>
   </trkpt>
   <trkpt lat="41.877460000000006" lon="2.8634500000000003">
    <ele>122.05</ele>
   </trkpt>
   <trkpt lat="41.87779000154785" lon="2.8640349970917267">
    <ele>121.27000000000001</ele>
   </trkpt>
   <trkpt lat="41.87812" lon="2.8646200000000004">
    <ele>120.93</ele>
   </trkpt>
   <trkpt lat="41.87860000345868" lon="2.8655099933577177">
    <ele>120.06000000000002</ele>
   </trkpt>
   <trkpt lat="41.87908" lon="2.8664">
    <ele>119.36</ele>
   </trkpt>
   <trkpt lat="41.87942" lon="2.86695">
    <ele>119.08</ele>
   </trkpt>
   <trkpt lat="41.87951" lon="2.8671800000000003">
    <ele>118.9</ele>
   </trkpt>
   <trkpt lat="41.879540000000006" lon="2.86736">
    <ele>118.9</ele>
   </trkpt>
   <trkpt lat="41.87957" lon="2.8674000000000004">
    <ele>118.93</ele>
   </trkpt>
   <trkpt lat="41.87964" lon="2.86742">
    <ele>118.93</ele>
   </trkpt>
   <trkpt lat="41.87984" lon="2.8675800000000002">
    <ele>119.22</ele>
   </trkpt>
   <trkpt lat="41.87988" lon="2.86764">
    <ele>119.06000000000002</ele>
   </trkpt>
   <trkpt lat="41.88" lon="2.8679900000000003">
    <ele>118.86</ele>
   </trkpt>
   <trkpt lat="41.880390000000006" lon="2.8681900000000002">
    <ele>120.51</ele>
   </trkpt>
   <trkpt lat="41.881150000000005" lon="2.8688300000000004">
    <ele>121.77</ele>
   </trkpt>
   <trkpt lat="41.881750000000004" lon="2.86939">
    <ele>122.27</ele>
   </trkpt>
   <trkpt lat="41.88228666923408" lon="2.869926657720678">
    <ele>123.50000000000001</ele>
   </trkpt>
   <trkpt lat="41.88282333596969" lon="2.8704633244561704">
    <ele>125.27000000000002</ele>
   </trkpt>
   <trkpt lat="41.88336" lon="2.8710000000000004">
    <ele>128.97</ele>
   </trkpt>
   <trkpt lat="41.88382" lon="2.87135">
    <ele>131.19</ele>
   </trkpt>
   <trkpt lat="41.88407" lon="2.87164">
    <ele>133.54000000000002</ele>
   </trkpt>
   <trkpt lat="41.88476" lon="2.87237">
    <ele>137.78</ele>
   </trkpt>
   <trkpt lat="41.885180000000005" lon="2.87286">
    <ele>139.82</ele>
   </trkpt>
   <trkpt lat="41.88519" lon="2.8729600000000004">
    <ele>139.96</ele>
   </trkpt>
   <trkpt lat="41.885220000000004" lon="2.87298">
    <ele>140.03</ele>
   </trkpt>
   <trkpt lat="41.885110000000005" lon="2.8736800000000002">
    <ele>141.06</ele>
   </trkpt>
   <trkpt lat="41.884956678012344" lon="2.8748233387803137">
    <ele>141.6</ele>
   </trkpt>
   <trkpt lat="41.88480334468445" lon="2.875966672072992">
    <ele>142.02</ele>
   </trkpt>
   <trkpt lat="41.88465" lon="2.87711">
    <ele>142.28</ele>
   </trkpt>
   <trkpt lat="41.884600000000006" lon="2.8774300000000004">
    <ele>141.96</ele>
   </trkpt>
   <trkpt lat="41.88454" lon="2.8776300000000004">
    <ele>141.26000000000002</ele>
   </trkpt>
   <trkpt lat="41.884215004150164" lon="2.8786100050319923">
    <ele>138.6</ele>
   </trkpt>
   <trkpt lat="41.88389" lon="2.8795900000000003">
    <ele>138.68</ele>
   </trkpt>
   <trkpt lat="41.88364000000001" lon="2.8802700000000003">
    <ele>139.26000000000002</ele>
   </trkpt>
   <trkpt lat="41.88354" lon="2.8803900000000002">
    <ele>139.77</ele>
   </trkpt>
   <trkpt lat="41.88346000000001" lon="2.8804200000000004">
    <ele>139.77</ele>
   </trkpt>
   <trkpt lat="41.883390000000006" lon="2.8805500000000004">
    <ele>140.31</ele>
   </trkpt>
   <trkpt lat="41.883410000000005" lon="2.88071">
    <ele>140.20000000000002</ele>
   </trkpt>
   <trkpt lat="41.883480000000006" lon="2.88078">
    <ele>139.86</ele>
   </trkpt>
   <trkpt lat="41.88351" lon="2.8808000000000002">
    <ele>139.86</ele>
   </trkpt>
   <trkpt lat="41.883590000000005" lon="2.88079">
    <ele>139.86</ele>
   </trkpt>
   <trkpt lat="41.88376" lon="2.8806100000000003">
    <ele>138.97</ele>
   </trkpt>
   <trkpt lat="41.883860000000006" lon="2.8805400000000003">
    <ele>138.97</ele>
   </trkpt>
   <trkpt lat="41.88464666726952" lon="2.880371677032416">
    <ele>138.3</ele>
   </trkpt>
   <trkpt lat="41.88543333429322" lon="2.880203349919819">
    <ele>139.67000000000002</ele>
   </trkpt>
   <trkpt lat="41.88622000107113" lon="2.880035018661995">
    <ele>144.32</ele>
   </trkpt>
   <trkpt lat="41.88700666760324" lon="2.8798666832587276">
    <ele>147.28000000000003</ele>
   </trkpt>
   <trkpt lat="41.88779333388949" lon="2.8796983437098027">
    <ele>149.65</ele>
   </trkpt>
   <trkpt lat="41.888580000000005" lon="2.8795300000000004">
    <ele>152.61</ele>
   </trkpt>
   <trkpt lat="41.889030000000005" lon="2.8792500000000003">
    <ele>153.82000000000002</ele>
   </trkpt>
   <trkpt lat="41.88942" lon="2.8788400000000003">
    <ele>154.06</ele>
   </trkpt>
   <trkpt lat="41.889743343756514" lon="2.879936655529852">
    <ele>154.92</ele>
   </trkpt>
   <trkpt lat="41.890066677079595" lon="2.8810333221615116">
    <ele>158.79000000000002</ele>
   </trkpt>
   <trkpt lat="41.890390000000004" lon="2.88213">
    <ele>162.33</ele>
   </trkpt>
   <trkpt lat="41.890735001238326" lon="2.882664997105515">
    <ele>164.75</ele>
   </trkpt>
   <trkpt lat="41.89108" lon="2.8832000000000004">
    <ele>166.20000000000002</ele>
   </trkpt>
   <trkpt lat="41.89135" lon="2.8837400000000004">
    <ele>168.41</ele>
   </trkpt>
   <trkpt lat="41.891650000000006" lon="2.88452">
    <ele>170.12</ele>
   </trkpt>
   <trkpt lat="41.89168" lon="2.88525">
    <ele>171.04000000000002</ele>
   </trkpt>
   <trkpt lat="41.89179" lon="2.88586">
    <ele>173.01000000000002</ele>
   </trkpt>
   <trkpt lat="41.89186" lon="2.886">
    <ele>173.49</ele>
   </trkpt>
   <trkpt lat="41.892030000000005" lon="2.8861700000000003">
    <ele>174.70000000000002</ele>
   </trkpt>
   <trkpt lat="41.89222" lon="2.8865100000000004">
    <ele>175.93</ele>
   </trkpt>
   <trkpt lat="41.892430000000004" lon="2.88668">
    <ele>176.4</ele>
   </trkpt>
   <trkpt lat="41.89267" lon="2.8869100000000003">
    <ele>177.9</ele>
   </trkpt>
   <trkpt lat="41.89275000000001" lon="2.8870500000000003">
    <ele>180.03000000000003</ele>
   </trkpt>
   <trkpt lat="41.892790000000005" lon="2.88723">
    <ele>180.03000000000003</ele>
   </trkpt>
   <trkpt lat="41.892860000000006" lon="2.88735">
    <ele>181.39000000000001</ele>
   </trkpt>
   <trkpt lat="41.89318" lon="2.8877200000000003">
    <ele>182.49</ele>
   </trkpt>
   <trkpt lat="41.893260000000005" lon="2.8879300000000003">
    <ele>184.28000000000003</ele>
   </trkpt>
   <trkpt lat="41.89341" lon="2.88892">
    <ele>189.58</ele>
   </trkpt>
   <trkpt lat="41.893390000000004" lon="2.8891600000000004">
    <ele>190.47000000000003</ele>
   </trkpt>
   <trkpt lat="41.89329" lon="2.8897100000000004">
    <ele>193.23000000000002</ele>
   </trkpt>
   <trkpt lat="41.89331000000001" lon="2.8901600000000003">
    <ele>196.08</ele>
   </trkpt>
   <trkpt lat="41.893510000000006" lon="2.8909100000000003">
    <ele>196.76000000000002</ele>
   </trkpt>
   <trkpt lat="41.89369000000001" lon="2.89143">
    <ele>199.4</ele>
   </trkpt>
   <trkpt lat="41.89401" lon="2.8919900000000003">
    <ele>203.17000000000002</ele>
   </trkpt>
   <trkpt lat="41.894110000000005" lon="2.8923200000000002">
    <ele>204.65000000000003</ele>
   </trkpt>
   <trkpt lat="41.89423500151661" lon="2.8929149987448866">
    <ele>206.56000000000003</ele>
   </trkpt>
   <trkpt lat="41.894360000000006" lon="2.89351">
    <ele>209.83</ele>
   </trkpt>
   <trkpt lat="41.89444000280581" lon="2.894309999294735">
    <ele>212.72000000000003</ele>
   </trkpt>
   <trkpt lat="41.89452" lon="2.8951100000000003">
    <ele>215.89000000000001</ele>
   </trkpt>
   <trkpt lat="41.89443000376147" lon="2.8960400012093723">
    <ele>221.00000000000003</ele>
   </trkpt>
   <trkpt lat="41.89434000000001" lon="2.89697">
    <ele>224.52</ele>
   </trkpt>
   <trkpt lat="41.894400000000005" lon="2.8972700000000002">
    <ele>226.36</ele>
   </trkpt>
   <trkpt lat="41.894560000000006" lon="2.8975500000000003">
    <ele>228.60000000000002</ele>
   </trkpt>
   <trkpt lat="41.8947" lon="2.8976900000000003">
    <ele>228.60000000000002</ele>
   </trkpt>
   <trkpt lat="41.89513" lon="2.8976800000000003">
    <ele>233.54000000000002</ele>
   </trkpt>
   <trkpt lat="41.89533" lon="2.8978">
    <ele>234.45000000000002</ele>
   </trkpt>
   <trkpt lat="41.89578000204285" lon="2.898464995498581">
    <ele>238.88</ele>
   </trkpt>
   <trkpt lat="41.89623" lon="2.8991300000000004">
    <ele>239.70000000000002</ele>
   </trkpt>
   <trkpt lat="41.896750000000004" lon="2.89996">
    <ele>239.59000000000003</ele>
   </trkpt>
   <trkpt lat="41.897290000000005" lon="2.9007500000000004">
    <ele>239.34000000000003</ele>
   </trkpt>
   <trkpt lat="41.89788800709472" lon="2.9013899760149107">
    <ele>239.23000000000002</ele>
   </trkpt>
   <trkpt lat="41.89848601063614" lon="2.9020299640154494">
    <ele>239.13</ele>
   </trkpt>
   <trkpt lat="41.8990840106241" lon="2.9026699640020213">
    <ele>241.54000000000002</ele>
   </trkpt>
   <trkpt lat="41.899682007058495" lon="2.903309975975031">
    <ele>247.27</ele>
   </trkpt>
   <trkpt lat="41.90028" lon="2.90395">
    <ele>248.65</ele>
   </trkpt>
   <trkpt lat="41.90091667693928" lon="2.9046382990137554">
    <ele>249.31000000000003</ele>
   </trkpt>
   <trkpt lat="41.90155334976835" lon="2.905326611753175">
    <ele>255.32000000000005</ele>
   </trkpt>
   <trkpt lat="41.90219001848703" lon="2.90601493821875">
    <ele>260.42</ele>
   </trkpt>
   <trkpt lat="41.902826683095164" lon="2.906703278410973">
    <ele>266.06</ele>
   </trkpt>
   <trkpt lat="41.903463343592556" lon="2.9073916323303366">
    <ele>273.81</ele>
   </trkpt>
   <trkpt lat="41.90410000000001" lon="2.9080800000000004">
    <ele>281.85</ele>
   </trkpt>
   <trkpt lat="41.90424" lon="2.90818">
    <ele>281.85</ele>
   </trkpt>
   <trkpt lat="41.90467" lon="2.9082600000000003">
    <ele>287.01000000000005</ele>
   </trkpt>
   <trkpt lat="41.90475" lon="2.90829">
    <ele>287.01000000000005</ele>
   </trkpt>
   <trkpt lat="41.9048" lon="2.9084100000000004">
    <ele>288.53000000000003</ele>
   </trkpt>
   <trkpt lat="41.90478" lon="2.9085400000000003">
    <ele>288.53000000000003</ele>
   </trkpt>
   <trkpt lat="41.90462" lon="2.90878">
    <ele>289.86</ele>
   </trkpt>
   <trkpt lat="41.90462" lon="2.9089300000000002">
    <ele>289.86</ele>
   </trkpt>
   <trkpt lat="41.90469" lon="2.9090700000000003">
    <ele>290.74</ele>
   </trkpt>
   <trkpt lat="41.90495000000001" lon="2.9092000000000002">
    <ele>291.89000000000004</ele>
   </trkpt>
   <trkpt lat="41.90507" lon="2.9095700000000004">
    <ele>293.21000000000004</ele>
   </trkpt>
   <trkpt lat="41.905120000000004" lon="2.9098300000000004">
    <ele>294.56000000000006</ele>
   </trkpt>
   <trkpt lat="41.90513000000001" lon="2.91006">
    <ele>295.2</ele>
   </trkpt>
   <trkpt lat="41.905190000000005" lon="2.9102500000000004">
    <ele>296.57</ele>
   </trkpt>
   <trkpt lat="41.90529" lon="2.91034">
    <ele>297.45000000000005</ele>
   </trkpt>
   <trkpt lat="41.90541" lon="2.91039">
    <ele>298.11</ele>
   </trkpt>
   <trkpt lat="41.90549" lon="2.9103600000000003">
    <ele>298.11</ele>
   </trkpt>
   <trkpt lat="41.90554" lon="2.9102900000000003">
    <ele>298.11</ele>
   </trkpt>
   <trkpt lat="41.905640000000005" lon="2.91006">
    <ele>299.86</ele>
   </trkpt>
   <trkpt lat="41.90572" lon="2.9099600000000003">
    <ele>299.86</ele>
   </trkpt>
   <trkpt lat="41.90581" lon="2.9099500000000003">
    <ele>300.78000000000003</ele>
   </trkpt>
   <trkpt lat="41.906090000000006" lon="2.90999">
    <ele>301.87</ele>
   </trkpt>
   <trkpt lat="41.90617" lon="2.9099600000000003">
    <ele>302.62</ele>
   </trkpt>
   <trkpt lat="41.90628" lon="2.90987">
    <ele>303.42</ele>
   </trkpt>
   <trkpt lat="41.906330000000004" lon="2.9098">
    <ele>303.42</ele>
   </trkpt>
   <trkpt lat="41.90644" lon="2.9097700000000004">
    <ele>304.26000000000005</ele>
   </trkpt>
   <trkpt lat="41.90655" lon="2.9098100000000002">
    <ele>304.96</ele>
   </trkpt>
   <trkpt lat="41.90724" lon="2.9103100000000004">
    <ele>310.48</ele>
   </trkpt>
   <trkpt lat="41.90733" lon="2.91032">
    <ele>311.14000000000004</ele>
   </trkpt>
   <trkpt lat="41.907430000000005" lon="2.9102200000000003">
    <ele>312.06</ele>
   </trkpt>
   <trkpt lat="41.90758" lon="2.9098300000000004">
    <ele>314.77000000000004</ele>
   </trkpt>
   <trkpt lat="41.90766" lon="2.90978">
    <ele>314.77000000000004</ele>
   </trkpt>
   <trkpt lat="41.90775" lon="2.90979">
    <ele>315.75</ele>
   </trkpt>
   <trkpt lat="41.907830000000004" lon="2.90986">
    <ele>315.75</ele>
   </trkpt>
   <trkpt lat="41.90789" lon="2.9099600000000003">
    <ele>316.27000000000004</ele>
   </trkpt>
   <trkpt lat="41.90796" lon="2.9100300000000003">
    <ele>317.65000000000003</ele>
   </trkpt>
   <trkpt lat="41.908030000000004" lon="2.91005">
    <ele>317.65000000000003</ele>
   </trkpt>
   <trkpt lat="41.90814" lon="2.91001">
    <ele>318.84000000000003</ele>
   </trkpt>
   <trkpt lat="41.90822" lon="2.9099500000000003">
    <ele>318.84000000000003</ele>
   </trkpt>
   <trkpt lat="41.90829" lon="2.9098400000000004">
    <ele>319.64000000000004</ele>
   </trkpt>
   <trkpt lat="41.908390000000004" lon="2.90979">
    <ele>319.86</ele>
   </trkpt>
   <trkpt lat="41.90849" lon="2.9098100000000002">
    <ele>320.64000000000004</ele>
   </trkpt>
   <trkpt lat="41.908950000000004" lon="2.9102400000000004">
    <ele>325.44</ele>
   </trkpt>
   <trkpt lat="41.909020000000005" lon="2.91028">
    <ele>325.84000000000003</ele>
   </trkpt>
   <trkpt lat="41.909090000000006" lon="2.91028">
    <ele>326.49</ele>
   </trkpt>
   <trkpt lat="41.90917" lon="2.9102300000000003">
    <ele>326.93000000000006</ele>
   </trkpt>
   <trkpt lat="41.90921" lon="2.9101500000000002">
    <ele>327.08000000000004</ele>
   </trkpt>
   <trkpt lat="41.90919" lon="2.9093700000000005">
    <ele>329.44</ele>
   </trkpt>
   <trkpt lat="41.90913500351687" lon="2.908469999275806">
    <ele>335.35</ele>
   </trkpt>
   <trkpt lat="41.90908" lon="2.90757">
    <ele>338.56</ele>
   </trkpt>
   <trkpt lat="41.909090000000006" lon="2.9074700000000004">
    <ele>338.71</ele>
   </trkpt>
   <trkpt lat="41.90916" lon="2.9074000000000004">
    <ele>338.71</ele>
   </trkpt>
   <trkpt lat="41.909240000000004" lon="2.90736">
    <ele>339.17</ele>
   </trkpt>
   <trkpt lat="41.90955" lon="2.9074500000000003">
    <ele>340.36000000000007</ele>
   </trkpt>
   <trkpt lat="41.909670000000006" lon="2.9074600000000004">
    <ele>340.81</ele>
   </trkpt>
   <trkpt lat="41.909870000000005" lon="2.9073700000000002">
    <ele>342.0</ele>
   </trkpt>
   <trkpt lat="41.910030000000006" lon="2.9073700000000002">
    <ele>343.30000000000007</ele>
   </trkpt>
   <trkpt lat="41.91017" lon="2.90741">
    <ele>343.30000000000007</ele>
   </trkpt>
   <trkpt lat="41.91048000000001" lon="2.9075900000000003">
    <ele>345.43</ele>
   </trkpt>
   <trkpt lat="41.910560000000004" lon="2.90761">
    <ele>345.83000000000004</ele>
   </trkpt>
   <trkpt lat="41.91066" lon="2.9075900000000003">
    <ele>346.19000000000005</ele>
   </trkpt>
   <trkpt lat="41.910740000000004" lon="2.9075">
    <ele>346.52000000000004</ele>
   </trkpt>
   <trkpt lat="41.91085" lon="2.9073100000000003">
    <ele>347.03</ele>
   </trkpt>
   <trkpt lat="41.91095000000001" lon="2.9072000000000005">
    <ele>347.14</ele>
   </trkpt>
   <trkpt lat="41.91104000000001" lon="2.90716">
    <ele>347.14</ele>
   </trkpt>
   <trkpt lat="41.911170000000006" lon="2.9072000000000005">
    <ele>347.31</ele>
   </trkpt>
   <trkpt lat="41.911370000000005" lon="2.9073">
    <ele>347.67</ele>
   </trkpt>
   <trkpt lat="41.911860000000004" lon="2.90728">
    <ele>347.82</ele>
   </trkpt>
   <trkpt lat="41.912650000000006" lon="2.9075900000000003">
    <ele>348.13000000000005</ele>
   </trkpt>
   <trkpt lat="41.91317" lon="2.9077400000000004">
    <ele>348.25</ele>
   </trkpt>
   <trkpt lat="41.91355" lon="2.90782">
    <ele>348.61</ele>
   </trkpt>
   <trkpt lat="41.91378" lon="2.9079400000000004">
    <ele>348.89000000000004</ele>
   </trkpt>
   <trkpt lat="41.91420500059542" lon="2.9082999976309605">
    <ele>349.27000000000004</ele>
   </trkpt>
   <trkpt lat="41.91463" lon="2.9086600000000002">
    <ele>349.37</ele>
   </trkpt>
   <trkpt lat="41.914840000000005" lon="2.9088100000000003">
    <ele>349.48</ele>
   </trkpt>
   <trkpt lat="41.915020000000005" lon="2.9088600000000002">
    <ele>349.67</ele>
   </trkpt>
   <trkpt lat="41.915510000000005" lon="2.9089300000000002">
    <ele>349.98</ele>
   </trkpt>
   <trkpt lat="41.91559" lon="2.9090000000000003">
    <ele>349.98</ele>
   </trkpt>
   <trkpt lat="41.915620000000004" lon="2.9090800000000003">
    <ele>349.96000000000004</ele>
   </trkpt>
   <trkpt lat="41.9157" lon="2.9096900000000003">
    <ele>350.29</ele>
   </trkpt>
   <trkpt lat="41.915850000000006" lon="2.9098900000000003">
    <ele>350.34000000000003</ele>
   </trkpt>
   <trkpt lat="41.915940000000006" lon="2.90993">
    <ele>350.27000000000004</ele>
   </trkpt>
   <trkpt lat="41.916070000000005" lon="2.9099000000000004">
    <ele>350.26</ele>
   </trkpt>
   <trkpt lat="41.916410000000006" lon="2.9096400000000004">
    <ele>350.69</ele>
   </trkpt>
   <trkpt lat="41.916540000000005" lon="2.90958">
    <ele>350.69</ele>
   </trkpt>
   <trkpt lat="41.91667" lon="2.90958">
    <ele>350.69</ele>
   </trkpt>
   <trkpt lat="41.91722" lon="2.90971">
    <ele>351.34000000000003</ele>
   </trkpt>
   <trkpt lat="41.91736" lon="2.9097000000000004">
    <ele>351.52000000000004</ele>
   </trkpt>
   <trkpt lat="41.91747" lon="2.90966">
    <ele>351.59000000000003</ele>
   </trkpt>
   <trkpt lat="41.917570000000005" lon="2.9095400000000002">
    <ele>351.43</ele>
   </trkpt>
   <trkpt lat="41.91774" lon="2.90913">
    <ele>351.46000000000004</ele>
   </trkpt>
   <trkpt lat="41.91780000000001" lon="2.90905">
    <ele>351.73</ele>
   </trkpt>
   <trkpt lat="41.917910000000006" lon="2.90897">
    <ele>351.73</ele>
   </trkpt>
   <trkpt lat="41.91812" lon="2.9086700000000003">
    <ele>351.87</ele>
   </trkpt>
   <trkpt lat="41.91818000000001" lon="2.9086200000000004">
    <ele>351.87</ele>
   </trkpt>
   <trkpt lat="41.918530000000004" lon="2.90857">
    <ele>352.05</ele>
   </trkpt>
   <trkpt lat="41.91893" lon="2.90856">
    <ele>352.68000000000006</ele>
   </trkpt>
   <trkpt lat="41.919000000000004" lon="2.90858">
    <ele>352.89000000000004</ele>
   </trkpt>
   <trkpt lat="41.91906" lon="2.90863">
    <ele>352.89000000000004</ele>
   </trkpt>
   <trkpt lat="41.919090000000004" lon="2.9087">
    <ele>352.98</ele>
   </trkpt>
   <trkpt lat="41.919090000000004" lon="2.9088100000000003">
    <ele>352.98</ele>
   </trkpt>
   <trkpt lat="41.91903000000001" lon="2.90911">
    <ele>353.22</ele>
   </trkpt>
   <trkpt lat="41.91901" lon="2.9093000000000004">
    <ele>353.75</ele>
   </trkpt>
   <trkpt lat="41.919050000000006" lon="2.90951">
    <ele>353.83000000000004</ele>
   </trkpt>
   <trkpt lat="41.91911" lon="2.9096200000000003">
    <ele>353.95000000000005</ele>
   </trkpt>
   <trkpt lat="41.919250000000005" lon="2.90979">
    <ele>354.13000000000005</ele>
   </trkpt>
   <trkpt lat="41.91928" lon="2.9099100000000004">
    <ele>354.13000000000005</ele>
   </trkpt>
   <trkpt lat="41.91926" lon="2.91066">
    <ele>354.44</ele>
   </trkpt>
   <trkpt lat="41.91933" lon="2.91088">
    <ele>354.61</ele>
   </trkpt>
   <trkpt lat="41.91969" lon="2.9111700000000003">
    <ele>355.02</ele>
   </trkpt>
   <trkpt lat="41.91973" lon="2.9112600000000004">
    <ele>355.02</ele>
   </trkpt>
   <trkpt lat="41.919720000000005" lon="2.9113800000000003">
    <ele>355.02</ele>
   </trkpt>
   <trkpt lat="41.91966" lon="2.9114700000000004">
    <ele>355.02</ele>
   </trkpt>
   <trkpt lat="41.91964" lon="2.91161">
    <ele>355.02</ele>
   </trkpt>
   <trkpt lat="41.919700000000006" lon="2.91195">
    <ele>355.15000000000003</ele>
   </trkpt>
   <trkpt lat="41.91968000000001" lon="2.9120500000000002">
    <ele>355.15000000000003</ele>
   </trkpt>
   <trkpt lat="41.91962" lon="2.91211">
    <ele>355.15000000000003</ele>
   </trkpt>
   <trkpt lat="41.91937" lon="2.91222">
    <ele>355.24000000000007</ele>
   </trkpt>
   <trkpt lat="41.919290000000004" lon="2.9122800000000004">
    <ele>355.24000000000007</ele>
   </trkpt>
   <trkpt lat="41.91913" lon="2.91257">
    <ele>355.15000000000003</ele>
   </trkpt>
   <trkpt lat="41.91877" lon="2.9127400000000003">
    <ele>355.43</ele>
   </trkpt>
   <trkpt lat="41.91866" lon="2.91283">
    <ele>355.54</ele>
   </trkpt>
   <trkpt lat="41.91857" lon="2.91298">
    <ele>355.54</ele>
   </trkpt>
   <trkpt lat="41.918510000000005" lon="2.9132100000000003">
    <ele>355.68000000000006</ele>
   </trkpt>
   <trkpt lat="41.918510000000005" lon="2.91345">
    <ele>355.68000000000006</ele>
   </trkpt>
   <trkpt lat="41.91859" lon="2.9136800000000003">
    <ele>355.68000000000006</ele>
   </trkpt>
   <trkpt lat="41.918800000000005" lon="2.9141500000000002">
    <ele>356.3</ele>
   </trkpt>
   <trkpt lat="41.91893" lon="2.9145200000000004">
    <ele>356.3</ele>
   </trkpt>
   <trkpt lat="41.91899" lon="2.91481">
    <ele>356.45000000000005</ele>
   </trkpt>
   <trkpt lat="41.919050000000006" lon="2.915">
    <ele>356.45000000000005</ele>
   </trkpt>
   <trkpt lat="41.919365001096736" lon="2.9155149973698147">
    <ele>356.76</ele>
   </trkpt>
   <trkpt lat="41.91968000000001" lon="2.91603">
    <ele>357.41</ele>
   </trkpt>
   <trkpt lat="41.91978" lon="2.91615">
    <ele>357.37</ele>
   </trkpt>
   <trkpt lat="41.919880000000006" lon="2.91622">
    <ele>356.68000000000006</ele>
   </trkpt>
   <trkpt lat="41.91998" lon="2.91624">
    <ele>356.04</ele>
   </trkpt>
   <trkpt lat="41.92049" lon="2.91604">
    <ele>354.01000000000005</ele>
   </trkpt>
   <trkpt lat="41.9206" lon="2.9159400000000004">
    <ele>354.01000000000005</ele>
   </trkpt>
   <trkpt lat="41.92067" lon="2.91583">
    <ele>354.01000000000005</ele>
   </trkpt>
   <trkpt lat="41.920730000000006" lon="2.9153800000000003">
    <ele>352.75</ele>
   </trkpt>
   <trkpt lat="41.920790000000004" lon="2.91527">
    <ele>351.53000000000003</ele>
   </trkpt>
   <trkpt lat="41.920910000000006" lon="2.91515">
    <ele>351.53000000000003</ele>
   </trkpt>
   <trkpt lat="41.921170000000004" lon="2.9149700000000003">
    <ele>351.14</ele>
   </trkpt>
   <trkpt lat="41.92136" lon="2.91466">
    <ele>350.12000000000006</ele>
   </trkpt>
   <trkpt lat="41.92137" lon="2.91447">
    <ele>349.37</ele>
   </trkpt>
   <trkpt lat="41.92134" lon="2.91432">
    <ele>349.37</ele>
   </trkpt>
   <trkpt lat="41.9211" lon="2.9138300000000004">
    <ele>348.46000000000004</ele>
   </trkpt>
   <trkpt lat="41.9211" lon="2.91372">
    <ele>348.15000000000003</ele>
   </trkpt>
   <trkpt lat="41.92114" lon="2.9136300000000004">
    <ele>348.15000000000003</ele>
   </trkpt>
   <trkpt lat="41.92121" lon="2.91358">
    <ele>347.42</ele>
   </trkpt>
   <trkpt lat="41.9213" lon="2.9135700000000004">
    <ele>347.42</ele>
   </trkpt>
   <trkpt lat="41.921400000000006" lon="2.9136200000000003">
    <ele>347.09</ele>
   </trkpt>
   <trkpt lat="41.921490000000006" lon="2.91371">
    <ele>345.97</ele>
   </trkpt>
   <trkpt lat="41.92157" lon="2.9137600000000003">
    <ele>345.97</ele>
   </trkpt>
   <trkpt lat="41.92184" lon="2.91374">
    <ele>345.41</ele>
   </trkpt>
   <trkpt lat="41.922090000000004" lon="2.91414">
    <ele>344.68</ele>
   </trkpt>
   <trkpt lat="41.92217" lon="2.91421">
    <ele>344.68</ele>
   </trkpt>
   <trkpt lat="41.922290000000004" lon="2.9142500000000005">
    <ele>343.03</ele>
   </trkpt>
   <trkpt lat="41.92237" lon="2.91432">
    <ele>343.03</ele>
   </trkpt>
   <trkpt lat="41.9224" lon="2.9145200000000004">
    <ele>343.03</ele>
   </trkpt>
   <trkpt lat="41.922380000000004" lon="2.9147800000000004">
    <ele>342.07000000000005</ele>
   </trkpt>
   <trkpt lat="41.92239" lon="2.91496">
    <ele>342.07000000000005</ele>
   </trkpt>
   <trkpt lat="41.922430000000006" lon="2.9151000000000002">
    <ele>341.41</ele>
   </trkpt>
   <trkpt lat="41.92242" lon="2.9153000000000002">
    <ele>341.41</ele>
   </trkpt>
   <trkpt lat="41.922360000000005" lon="2.91555">
    <ele>340.43</ele>
   </trkpt>
   <trkpt lat="41.92237" lon="2.9157300000000004">
    <ele>340.13000000000005</ele>
   </trkpt>
   <trkpt lat="41.922430000000006" lon="2.9160000000000004">
    <ele>340.13000000000005</ele>
   </trkpt>
   <trkpt lat="41.922560000000004" lon="2.91644">
    <ele>338.55</ele>
   </trkpt>
   <trkpt lat="41.92262" lon="2.91658">
    <ele>337.56</ele>
   </trkpt>
   <trkpt lat="41.92269" lon="2.9166900000000004">
    <ele>337.56</ele>
   </trkpt>
   <trkpt lat="41.92277000000001" lon="2.91676">
    <ele>336.95000000000005</ele>
   </trkpt>
   <trkpt lat="41.92293" lon="2.91678">
    <ele>336.59</ele>
   </trkpt>
   <trkpt lat="41.923" lon="2.91671">
    <ele>335.83</ele>
   </trkpt>
   <trkpt lat="41.923080000000006" lon="2.9165500000000004">
    <ele>335.83</ele>
   </trkpt>
   <trkpt lat="41.923170000000006" lon="2.91577">
    <ele>333.38</ele>
   </trkpt>
   <trkpt lat="41.923210000000005" lon="2.91562">
    <ele>333.38</ele>
   </trkpt>
   <trkpt lat="41.923550000000006" lon="2.91522">
    <ele>330.94</ele>
   </trkpt>
   <trkpt lat="41.923640000000006" lon="2.91514">
    <ele>330.94</ele>
   </trkpt>
   <trkpt lat="41.92374" lon="2.91515">
    <ele>330.33</ele>
   </trkpt>
   <trkpt lat="41.92381" lon="2.91521">
    <ele>330.33</ele>
   </trkpt>
   <trkpt lat="41.924130000000005" lon="2.9157200000000003">
    <ele>328.43</ele>
   </trkpt>
   <trkpt lat="41.92421" lon="2.9158100000000005">
    <ele>328.43</ele>
   </trkpt>
   <trkpt lat="41.92447000000001" lon="2.91597">
    <ele>327.1</ele>
   </trkpt>
   <trkpt lat="41.92457" lon="2.91597">
    <ele>326.61</ele>
   </trkpt>
   <trkpt lat="41.924670000000006" lon="2.9159100000000002">
    <ele>325.27</ele>
   </trkpt>
   <trkpt lat="41.924910000000004" lon="2.9154400000000003">
    <ele>322.31000000000006</ele>
   </trkpt>
   <trkpt lat="41.92499" lon="2.9151700000000003">
    <ele>322.31000000000006</ele>
   </trkpt>
   <trkpt lat="41.92504" lon="2.91508">
    <ele>321.84000000000003</ele>
   </trkpt>
   <trkpt lat="41.92513" lon="2.9150400000000003">
    <ele>321.40000000000003</ele>
   </trkpt>
   <trkpt lat="41.925200000000004" lon="2.9150400000000003">
    <ele>321.01</ele>
   </trkpt>
   <trkpt lat="41.925340000000006" lon="2.91514">
    <ele>320.49000000000007</ele>
   </trkpt>
   <trkpt lat="41.925430000000006" lon="2.91523">
    <ele>320.36</ele>
   </trkpt>
   <trkpt lat="41.92551" lon="2.9152600000000004">
    <ele>320.31000000000006</ele>
   </trkpt>
   <trkpt lat="41.925720000000005" lon="2.91529">
    <ele>320.27</ele>
   </trkpt>
   <trkpt lat="41.92577" lon="2.91535">
    <ele>320.21999999999997</ele>
   </trkpt>
   <trkpt lat="41.925810000000006" lon="2.9154600000000004">
    <ele>320.21999999999997</ele>
   </trkpt>
   <trkpt lat="41.925810000000006" lon="2.91557">
    <ele>320.21999999999997</ele>
   </trkpt>
   <trkpt lat="41.925700000000006" lon="2.9159900000000003">
    <ele>319.73</ele>
   </trkpt>
   <trkpt lat="41.92571" lon="2.91618">
    <ele>319.46000000000004</ele>
   </trkpt>
   <trkpt lat="41.925810000000006" lon="2.9166100000000004">
    <ele>318.45</ele>
   </trkpt>
   <trkpt lat="41.92586" lon="2.91698">
    <ele>317.59000000000003</ele>
   </trkpt>
   <trkpt lat="41.925920000000005" lon="2.9170700000000003">
    <ele>316.90000000000003</ele>
   </trkpt>
   <trkpt lat="41.926100000000005" lon="2.9171">
    <ele>316.35</ele>
   </trkpt>
   <trkpt lat="41.92689" lon="2.9167500000000004">
    <ele>311.39</ele>
   </trkpt>
   <trkpt lat="41.92699" lon="2.9167500000000004">
    <ele>310.35</ele>
   </trkpt>
   <trkpt lat="41.92705" lon="2.91679">
    <ele>309.87</ele>
   </trkpt>
   <trkpt lat="41.92709000000001" lon="2.9168700000000003">
    <ele>309.42</ele>
   </trkpt>
   <trkpt lat="41.92709000000001" lon="2.9170000000000003">
    <ele>309.03000000000003</ele>
   </trkpt>
   <trkpt lat="41.927020000000006" lon="2.91733">
    <ele>308.15000000000003</ele>
   </trkpt>
   <trkpt lat="41.9271" lon="2.9177400000000002">
    <ele>307.62</ele>
   </trkpt>
   <trkpt lat="41.9271" lon="2.91805">
    <ele>307.42</ele>
   </trkpt>
   <trkpt lat="41.927130000000005" lon="2.9182">
    <ele>307.27000000000004</ele>
   </trkpt>
   <trkpt lat="41.92728" lon="2.9184500000000004">
    <ele>307.09000000000003</ele>
   </trkpt>
   <trkpt lat="41.92738000000001" lon="2.91894">
    <ele>305.78000000000003</ele>
   </trkpt>
   <trkpt lat="41.92748" lon="2.9192">
    <ele>304.70000000000005</ele>
   </trkpt>
   <trkpt lat="41.927640000000004" lon="2.9194700000000005">
    <ele>303.54</ele>
   </trkpt>
   <trkpt lat="41.927760000000006" lon="2.9195200000000003">
    <ele>303.54</ele>
   </trkpt>
   <trkpt lat="41.9279" lon="2.9195">
    <ele>302.9</ele>
   </trkpt>
   <trkpt lat="41.928020000000004" lon="2.91956">
    <ele>302.41</ele>
   </trkpt>
   <trkpt lat="41.92813" lon="2.9197100000000002">
    <ele>300.61</ele>
   </trkpt>
   <trkpt lat="41.92821" lon="2.9197400000000004">
    <ele>300.61</ele>
   </trkpt>
   <trkpt lat="41.9283" lon="2.9197300000000004">
    <ele>300.61</ele>
   </trkpt>
   <trkpt lat="41.928380000000004" lon="2.9196500000000003">
    <ele>299.00000000000006</ele>
   </trkpt>
   <trkpt lat="41.92853" lon="2.91941">
    <ele>298.44000000000005</ele>
   </trkpt>
   <trkpt lat="41.92913" lon="2.91888">
    <ele>294.23</ele>
   </trkpt>
   <trkpt lat="41.92918" lon="2.9187900000000004">
    <ele>294.23</ele>
   </trkpt>
   <trkpt lat="41.9292" lon="2.9186400000000003">
    <ele>292.23</ele>
   </trkpt>
   <trkpt lat="41.92925" lon="2.9185000000000003">
    <ele>292.23</ele>
   </trkpt>
   <trkpt lat="41.92942" lon="2.9182500000000005">
    <ele>291.38</ele>
   </trkpt>
   <trkpt lat="41.92956" lon="2.91821">
    <ele>290.6</ele>
   </trkpt>
   <trkpt lat="41.92963" lon="2.91827">
    <ele>289.86</ele>
   </trkpt>
   <trkpt lat="41.929750000000006" lon="2.91859">
    <ele>289.86</ele>
   </trkpt>
   <trkpt lat="41.92985" lon="2.91875">
    <ele>288.3</ele>
   </trkpt>
   <trkpt lat="41.9301" lon="2.9188500000000004">
    <ele>287.52</ele>
   </trkpt>
   <trkpt lat="41.930260000000004" lon="2.91888">
    <ele>287.26</ele>
   </trkpt>
   <trkpt lat="41.93032" lon="2.91894">
    <ele>287.26</ele>
   </trkpt>
   <trkpt lat="41.93038000000001" lon="2.9191100000000003">
    <ele>286.26</ele>
   </trkpt>
   <trkpt lat="41.93038000000001" lon="2.91942">
    <ele>285.78000000000003</ele>
   </trkpt>
   <trkpt lat="41.93027" lon="2.9198000000000004">
    <ele>283.89000000000004</ele>
   </trkpt>
   <trkpt lat="41.93032" lon="2.92071">
    <ele>281.23</ele>
   </trkpt>
   <trkpt lat="41.930310000000006" lon="2.9208900000000004">
    <ele>280.78000000000003</ele>
   </trkpt>
   <trkpt lat="41.93027" lon="2.92099">
    <ele>279.62</ele>
   </trkpt>
   <trkpt lat="41.93016" lon="2.9210900000000004">
    <ele>279.62</ele>
   </trkpt>
   <trkpt lat="41.9301" lon="2.92118">
    <ele>278.98</ele>
   </trkpt>
   <trkpt lat="41.93009000000001" lon="2.92133">
    <ele>278.98</ele>
   </trkpt>
   <trkpt lat="41.930150000000005" lon="2.92153">
    <ele>277.97</ele>
   </trkpt>
   <trkpt lat="41.93045" lon="2.9221700000000004">
    <ele>275.40000000000003</ele>
   </trkpt>
   <trkpt lat="41.930580000000006" lon="2.9229900000000004">
    <ele>272.38</ele>
   </trkpt>
   <trkpt lat="41.93063" lon="2.9231800000000003">
    <ele>271.99</ele>
   </trkpt>
   <trkpt lat="41.93113" lon="2.92369">
    <ele>269.49</ele>
   </trkpt>
   <trkpt lat="41.93121" lon="2.92382">
    <ele>267.49</ele>
   </trkpt>
   <trkpt lat="41.93132000000001" lon="2.92437">
    <ele>265.97999999999996</ele>
   </trkpt>
   <trkpt lat="41.93139" lon="2.9244600000000003">
    <ele>265.97999999999996</ele>
   </trkpt>
   <trkpt lat="41.93150000000001" lon="2.9244600000000003">
    <ele>265.97999999999996</ele>
   </trkpt>
   <trkpt lat="41.93157" lon="2.92443">
    <ele>264.31000000000006</ele>
   </trkpt>
   <trkpt lat="41.93173" lon="2.92416">
    <ele>264.31000000000006</ele>
   </trkpt>
   <trkpt lat="41.93184" lon="2.9240100000000004">
    <ele>263.0</ele>
   </trkpt>
   <trkpt lat="41.931960000000004" lon="2.9239200000000003">
    <ele>263.0</ele>
   </trkpt>
   <trkpt lat="41.93204" lon="2.92389">
    <ele>260.96000000000004</ele>
   </trkpt>
   <trkpt lat="41.932140000000004" lon="2.92388">
    <ele>260.96000000000004</ele>
   </trkpt>
   <trkpt lat="41.93225" lon="2.92396">
    <ele>260.47</ele>
   </trkpt>
   <trkpt lat="41.93236" lon="2.9241300000000003">
    <ele>259.70000000000005</ele>
   </trkpt>
   <trkpt lat="41.9324" lon="2.9242600000000003">
    <ele>259.23</ele>
   </trkpt>
   <trkpt lat="41.9324" lon="2.9243400000000004">
    <ele>258.82</ele>
   </trkpt>
   <trkpt lat="41.93233" lon="2.92451">
    <ele>258.24</ele>
   </trkpt>
   <trkpt lat="41.932320000000004" lon="2.9246700000000003">
    <ele>257.63</ele>
   </trkpt>
   <trkpt lat="41.93236" lon="2.9248000000000003">
    <ele>257.63</ele>
   </trkpt>
   <trkpt lat="41.93244000000001" lon="2.9248900000000004">
    <ele>256.57</ele>
   </trkpt>
   <trkpt lat="41.93269" lon="2.9250100000000003">
    <ele>254.35000000000002</ele>
   </trkpt>
   <trkpt lat="41.932770000000005" lon="2.9250900000000004">
    <ele>254.35000000000002</ele>
   </trkpt>
   <trkpt lat="41.93281" lon="2.9252200000000004">
    <ele>254.35000000000002</ele>
   </trkpt>
   <trkpt lat="41.93287" lon="2.9255400000000003">
    <ele>253.58</ele>
   </trkpt>
   <trkpt lat="41.93294" lon="2.9256800000000003">
    <ele>252.97000000000003</ele>
   </trkpt>
   <trkpt lat="41.933220000000006" lon="2.9259500000000003">
    <ele>252.16</ele>
   </trkpt>
   <trkpt lat="41.93334" lon="2.9260200000000003">
    <ele>252.16</ele>
   </trkpt>
   <trkpt lat="41.933440000000004" lon="2.9260300000000004">
    <ele>252.16</ele>
   </trkpt>
   <trkpt lat="41.93368" lon="2.92587">
    <ele>251.5</ele>
   </trkpt>
   <trkpt lat="41.933800000000005" lon="2.9258200000000003">
    <ele>251.12</ele>
   </trkpt>
   <trkpt lat="41.93388" lon="2.9258300000000004">
    <ele>251.12</ele>
   </trkpt>
   <trkpt lat="41.93394000000001" lon="2.9258900000000003">
    <ele>250.4</ele>
   </trkpt>
   <trkpt lat="41.93399" lon="2.9264300000000003">
    <ele>250.13000000000002</ele>
   </trkpt>
   <trkpt lat="41.934090000000005" lon="2.92668">
    <ele>248.86</ele>
   </trkpt>
   <trkpt lat="41.93421" lon="2.9268300000000003">
    <ele>248.86</ele>
   </trkpt>
   <trkpt lat="41.93426" lon="2.9268500000000004">
    <ele>248.86</ele>
   </trkpt>
   <trkpt lat="41.934270000000005" lon="2.9268500000000004">
    <ele>248.84000000000003</ele>
   </trkpt>
   <trkpt lat="41.934720000156155" lon="2.9270299987362334">
    <ele>247.34000000000003</ele>
   </trkpt>
   <trkpt lat="41.93517000000001" lon="2.92721">
    <ele>245.18</ele>
   </trkpt>
   <trkpt lat="41.93533" lon="2.9271900000000004">
    <ele>244.8</ele>
   </trkpt>
   <trkpt lat="41.935390000000005" lon="2.92708">
    <ele>244.16000000000003</ele>
   </trkpt>
   <trkpt lat="41.935460000000006" lon="2.9267800000000004">
    <ele>242.93</ele>
   </trkpt>
   <trkpt lat="41.93551" lon="2.9263600000000003">
    <ele>241.28000000000003</ele>
   </trkpt>
   <trkpt lat="41.93558" lon="2.9262">
    <ele>241.28000000000003</ele>
   </trkpt>
   <trkpt lat="41.93569" lon="2.9260800000000002">
    <ele>239.84000000000003</ele>
   </trkpt>
   <trkpt lat="41.935770000000005" lon="2.9260400000000004">
    <ele>239.84000000000003</ele>
   </trkpt>
   <trkpt lat="41.935840000000006" lon="2.92606">
    <ele>239.84000000000003</ele>
   </trkpt>
   <trkpt lat="41.935950000000005" lon="2.92614">
    <ele>239.41</ele>
   </trkpt>
   <trkpt lat="41.936040000000006" lon="2.92633">
    <ele>238.90000000000003</ele>
   </trkpt>
   <trkpt lat="41.936080000000004" lon="2.9265000000000003">
    <ele>238.71000000000004</ele>
   </trkpt>
   <trkpt lat="41.936260000000004" lon="2.92667">
    <ele>238.45000000000002</ele>
   </trkpt>
   <trkpt lat="41.936350000000004" lon="2.9267900000000004">
    <ele>238.45000000000002</ele>
   </trkpt>
   <trkpt lat="41.93639" lon="2.9271200000000004">
    <ele>237.93000000000004</ele>
   </trkpt>
   <trkpt lat="41.93645" lon="2.92723">
    <ele>237.59000000000003</ele>
   </trkpt>
   <trkpt lat="41.93661" lon="2.9273200000000004">
    <ele>237.19</ele>
   </trkpt>
   <trkpt lat="41.93683" lon="2.9273800000000003">
    <ele>235.92000000000002</ele>
   </trkpt>
   <trkpt lat="41.93692" lon="2.9274700000000005">
    <ele>235.92000000000002</ele>
   </trkpt>
   <trkpt lat="41.93695" lon="2.92756">
    <ele>235.92000000000002</ele>
   </trkpt>
   <trkpt lat="41.93695" lon="2.9276500000000003">
    <ele>235.92000000000002</ele>
   </trkpt>
   <trkpt lat="41.93681" lon="2.9279400000000004">
    <ele>234.86</ele>
   </trkpt>
   <trkpt lat="41.93683" lon="2.9281200000000003">
    <ele>234.86</ele>
   </trkpt>
   <trkpt lat="41.93701" lon="2.9286900000000005">
    <ele>232.83</ele>
   </trkpt>
   <trkpt lat="41.93712" lon="2.9288200000000004">
    <ele>232.83</ele>
   </trkpt>
   <trkpt lat="41.937160000000006" lon="2.9289500000000004">
    <ele>232.83</ele>
   </trkpt>
   <trkpt lat="41.93715" lon="2.92938">
    <ele>230.46</ele>
   </trkpt>
   <trkpt lat="41.93737" lon="2.92986">
    <ele>229.9</ele>
   </trkpt>
   <trkpt lat="41.93735" lon="2.93013">
    <ele>228.79000000000002</ele>
   </trkpt>
   <trkpt lat="41.93726" lon="2.9306500000000004">
    <ele>228.12</ele>
   </trkpt>
   <trkpt lat="41.93726" lon="2.93086">
    <ele>227.74</ele>
   </trkpt>
   <trkpt lat="41.9373" lon="2.93101">
    <ele>227.48000000000002</ele>
   </trkpt>
   <trkpt lat="41.93739" lon="2.9311300000000005">
    <ele>227.33000000000004</ele>
   </trkpt>
   <trkpt lat="41.9375" lon="2.93121">
    <ele>227.06</ele>
   </trkpt>
   <trkpt lat="41.93762" lon="2.9311900000000004">
    <ele>226.55</ele>
   </trkpt>
   <trkpt lat="41.93771" lon="2.9311200000000004">
    <ele>226.55</ele>
   </trkpt>
   <trkpt lat="41.93777" lon="2.9309800000000004">
    <ele>226.55</ele>
   </trkpt>
   <trkpt lat="41.937780000000004" lon="2.93086">
    <ele>226.05</ele>
   </trkpt>
   <trkpt lat="41.937830000000005" lon="2.9307800000000004">
    <ele>226.05</ele>
   </trkpt>
   <trkpt lat="41.93795" lon="2.9307000000000003">
    <ele>225.66000000000003</ele>
   </trkpt>
   <trkpt lat="41.938030000000005" lon="2.93073">
    <ele>225.42000000000002</ele>
   </trkpt>
   <trkpt lat="41.93815" lon="2.93088">
    <ele>224.9</ele>
   </trkpt>
   <trkpt lat="41.93831" lon="2.93115">
    <ele>224.21</ele>
   </trkpt>
   <trkpt lat="41.938520000000004" lon="2.9316000000000004">
    <ele>222.78</ele>
   </trkpt>
   <trkpt lat="41.938580002518314" lon="2.9323599994423173">
    <ele>219.76000000000002</ele>
   </trkpt>
   <trkpt lat="41.93864000000001" lon="2.93312">
    <ele>216.34</ele>
   </trkpt>
   <trkpt lat="41.93873000000001" lon="2.93337">
    <ele>215.05</ele>
   </trkpt>
   <trkpt lat="41.939035001336" lon="2.9339399971363043">
    <ele>213.69000000000003</ele>
   </trkpt>
   <trkpt lat="41.93934" lon="2.9345100000000004">
    <ele>213.09000000000003</ele>
   </trkpt>
   <trkpt lat="41.939600000000006" lon="2.93494">
    <ele>212.8</ele>
   </trkpt>
   <trkpt lat="41.93967000000001" lon="2.9351200000000004">
    <ele>212.8</ele>
   </trkpt>
   <trkpt lat="41.93968" lon="2.93529">
    <ele>212.52</ele>
   </trkpt>
   <trkpt lat="41.93963" lon="2.93548">
    <ele>211.97000000000003</ele>
   </trkpt>
   <trkpt lat="41.939550000000004" lon="2.9356600000000004">
    <ele>211.54</ele>
   </trkpt>
   <trkpt lat="41.93939" lon="2.9358500000000003">
    <ele>210.20000000000002</ele>
   </trkpt>
   <trkpt lat="41.93921" lon="2.9359100000000002">
    <ele>208.86</ele>
   </trkpt>
   <trkpt lat="41.939080000000004" lon="2.93611">
    <ele>207.41</ele>
   </trkpt>
   <trkpt lat="41.939060000000005" lon="2.9372100000000003">
    <ele>202.34</ele>
   </trkpt>
   <trkpt lat="41.938970000000005" lon="2.9376100000000003">
    <ele>199.3</ele>
   </trkpt>
   <trkpt lat="41.93896" lon="2.9377700000000004">
    <ele>199.3</ele>
   </trkpt>
   <trkpt lat="41.9391" lon="2.9383700000000004">
    <ele>195.64000000000001</ele>
   </trkpt>
   <trkpt lat="41.93911000000001" lon="2.93848">
    <ele>195.64000000000001</ele>
   </trkpt>
   <trkpt lat="41.9391" lon="2.9386">
    <ele>195.64000000000001</ele>
   </trkpt>
   <trkpt lat="41.93891" lon="2.9395700000000002">
    <ele>191.59</ele>
   </trkpt>
   <trkpt lat="41.938990000000004" lon="2.94008">
    <ele>184.94000000000003</ele>
   </trkpt>
   <trkpt lat="41.939" lon="2.94031">
    <ele>184.94000000000003</ele>
   </trkpt>
   <trkpt lat="41.93892" lon="2.9408800000000004">
    <ele>183.76</ele>
   </trkpt>
   <trkpt lat="41.938880000000005" lon="2.94105">
    <ele>182.34</ele>
   </trkpt>
   <trkpt lat="41.938770000000005" lon="2.94125">
    <ele>182.34</ele>
   </trkpt>
   <trkpt lat="41.938455001009416" lon="2.9417200022454146">
    <ele>179.4</ele>
   </trkpt>
   <trkpt lat="41.938140000000004" lon="2.94219">
    <ele>175.28000000000003</ele>
   </trkpt>
   <trkpt lat="41.938100000000006" lon="2.94232">
    <ele>175.28000000000003</ele>
   </trkpt>
   <trkpt lat="41.938100000000006" lon="2.94248">
    <ele>174.68</ele>
   </trkpt>
   <trkpt lat="41.93815" lon="2.94261">
    <ele>173.43</ele>
   </trkpt>
   <trkpt lat="41.93842" lon="2.9430500000000004">
    <ele>170.59</ele>
   </trkpt>
   <trkpt lat="41.93844" lon="2.94315">
    <ele>170.59</ele>
   </trkpt>
   <trkpt lat="41.938430000000004" lon="2.9432300000000002">
    <ele>169.29000000000002</ele>
   </trkpt>
   <trkpt lat="41.938280000000006" lon="2.9436600000000004">
    <ele>166.26000000000002</ele>
   </trkpt>
   <trkpt lat="41.938280000000006" lon="2.9437900000000004">
    <ele>166.26000000000002</ele>
   </trkpt>
   <trkpt lat="41.93833" lon="2.94397">
    <ele>166.26000000000002</ele>
   </trkpt>
   <trkpt lat="41.93826000000001" lon="2.9441800000000002">
    <ele>164.23000000000002</ele>
   </trkpt>
   <trkpt lat="41.93817000000001" lon="2.9442700000000004">
    <ele>164.23000000000002</ele>
   </trkpt>
   <trkpt lat="41.938100000000006" lon="2.94437">
    <ele>162.39000000000001</ele>
   </trkpt>
   <trkpt lat="41.93807" lon="2.94451">
    <ele>162.39000000000001</ele>
   </trkpt>
   <trkpt lat="41.9382" lon="2.94512">
    <ele>159.22</ele>
   </trkpt>
   <trkpt lat="41.93836" lon="2.94564">
    <ele>155.82000000000002</ele>
   </trkpt>
   <trkpt lat="41.93844" lon="2.94571">
    <ele>155.82000000000002</ele>
   </trkpt>
   <trkpt lat="41.93854" lon="2.94572">
    <ele>155.82000000000002</ele>
   </trkpt>
   <trkpt lat="41.938680000000005" lon="2.9456800000000003">
    <ele>154.03</ele>
   </trkpt>
   <trkpt lat="41.938750000000006" lon="2.9456800000000003">
    <ele>154.03</ele>
   </trkpt>
   <trkpt lat="41.938810000000004" lon="2.9457600000000004">
    <ele>153.4</ele>
   </trkpt>
   <trkpt lat="41.93887" lon="2.9462200000000003">
    <ele>150.13000000000002</ele>
   </trkpt>
   <trkpt lat="41.93894" lon="2.9464200000000003">
    <ele>150.13000000000002</ele>
   </trkpt>
   <trkpt lat="41.938950000000006" lon="2.9465600000000003">
    <ele>148.49</ele>
   </trkpt>
   <trkpt lat="41.938900000000004" lon="2.94667">
    <ele>148.49</ele>
   </trkpt>
   <trkpt lat="41.938750000000006" lon="2.94681">
    <ele>146.91</ele>
   </trkpt>
   <trkpt lat="41.938610000000004" lon="2.94702">
    <ele>143.91</ele>
   </trkpt>
   <trkpt lat="41.938570000000006" lon="2.9471900000000004">
    <ele>143.91</ele>
   </trkpt>
   <trkpt lat="41.938480000000006" lon="2.94728">
    <ele>143.91</ele>
   </trkpt>
   <trkpt lat="41.9382" lon="2.9474500000000003">
    <ele>141.70000000000002</ele>
   </trkpt>
   <trkpt lat="41.93811" lon="2.94755">
    <ele>139.21</ele>
   </trkpt>
   <trkpt lat="41.937960000000004" lon="2.9475800000000003">
    <ele>139.21</ele>
   </trkpt>
   <trkpt lat="41.93775" lon="2.9475700000000002">
    <ele>137.58</ele>
   </trkpt>
   <trkpt lat="41.93764" lon="2.94761">
    <ele>136.96</ele>
   </trkpt>
   <trkpt lat="41.937560000000005" lon="2.9477">
    <ele>136.96</ele>
   </trkpt>
   <trkpt lat="41.93755" lon="2.94781">
    <ele>135.48000000000002</ele>
   </trkpt>
   <trkpt lat="41.93761000000001" lon="2.9480700000000004">
    <ele>133.62</ele>
   </trkpt>
   <trkpt lat="41.9376" lon="2.9482100000000004">
    <ele>133.62</ele>
   </trkpt>
   <trkpt lat="41.937430000000006" lon="2.9485300000000003">
    <ele>131.31</ele>
   </trkpt>
   <trkpt lat="41.937380000000005" lon="2.9486600000000003">
    <ele>131.31</ele>
   </trkpt>
   <trkpt lat="41.93737" lon="2.94926">
    <ele>127.41000000000003</ele>
   </trkpt>
   <trkpt lat="41.93741000000001" lon="2.9494200000000004">
    <ele>127.41000000000003</ele>
   </trkpt>
   <trkpt lat="41.93748" lon="2.94952">
    <ele>126.48</ele>
   </trkpt>
   <trkpt lat="41.937560000000005" lon="2.9495500000000003">
    <ele>125.83</ele>
   </trkpt>
   <trkpt lat="41.93764" lon="2.9495400000000003">
    <ele>124.22000000000001</ele>
   </trkpt>
   <trkpt lat="41.937960000000004" lon="2.9492000000000003">
    <ele>123.10000000000001</ele>
   </trkpt>
   <trkpt lat="41.93818" lon="2.9491600000000004">
    <ele>119.71000000000001</ele>
   </trkpt>
   <trkpt lat="41.938410000000005" lon="2.94905">
    <ele>117.94</ele>
   </trkpt>
   <trkpt lat="41.93858" lon="2.9489400000000003">
    <ele>117.17</ele>
   </trkpt>
   <trkpt lat="41.938770000000005" lon="2.9489500000000004">
    <ele>116.12000000000002</ele>
   </trkpt>
   <trkpt lat="41.93889" lon="2.9489900000000002">
    <ele>116.04</ele>
   </trkpt>
   <trkpt lat="41.93894" lon="2.9490800000000004">
    <ele>115.93</ele>
   </trkpt>
   <trkpt lat="41.93889" lon="2.94931">
    <ele>115.88000000000001</ele>
   </trkpt>
   <trkpt lat="41.93885" lon="2.9493600000000004">
    <ele>115.57000000000001</ele>
   </trkpt>
   <trkpt lat="41.93831" lon="2.9496700000000002">
    <ele>114.74000000000001</ele>
   </trkpt>
   <trkpt lat="41.93824" lon="2.94973">
    <ele>114.58000000000001</ele>
   </trkpt>
   <trkpt lat="41.93818" lon="2.9500100000000002">
    <ele>114.58000000000001</ele>
   </trkpt>
   <trkpt lat="41.93809" lon="2.9506300000000003">
    <ele>114.16000000000001</ele>
   </trkpt>
   <trkpt lat="41.937850000000005" lon="2.9511000000000003">
    <ele>113.97000000000001</ele>
   </trkpt>
   <trkpt lat="41.937760000000004" lon="2.9513700000000003">
    <ele>113.92</ele>
   </trkpt>
   <trkpt lat="41.93769" lon="2.95181">
    <ele>113.91000000000001</ele>
   </trkpt>
   <trkpt lat="41.937630000000006" lon="2.9519800000000003">
    <ele>113.91000000000001</ele>
   </trkpt>
   <trkpt lat="41.937540000000006" lon="2.9521300000000004">
    <ele>113.91000000000001</ele>
   </trkpt>
   <trkpt lat="41.93741000000001" lon="2.9522500000000003">
    <ele>113.61</ele>
   </trkpt>
   <trkpt lat="41.93714000000001" lon="2.9524000000000004">
    <ele>113.55000000000001</ele>
   </trkpt>
   <trkpt lat="41.937050000000006" lon="2.95242">
    <ele>113.41000000000001</ele>
   </trkpt>
   <trkpt lat="41.9369" lon="2.9523900000000003">
    <ele>113.41000000000001</ele>
   </trkpt>
   <trkpt lat="41.93676000000001" lon="2.9524500000000002">
    <ele>112.96000000000001</ele>
   </trkpt>
   <trkpt lat="41.936310000000006" lon="2.95297">
    <ele>112.25</ele>
   </trkpt>
   <trkpt lat="41.93625" lon="2.95318">
    <ele>111.78</ele>
   </trkpt>
   <trkpt lat="41.93614" lon="2.9542800000000002">
    <ele>110.63000000000001</ele>
   </trkpt>
   <trkpt lat="41.93616" lon="2.9545100000000004">
    <ele>110.18</ele>
   </trkpt>
   <trkpt lat="41.93634" lon="2.95495">
    <ele>109.57000000000001</ele>
   </trkpt>
   <trkpt lat="41.93659" lon="2.95542">
    <ele>109.18</ele>
   </trkpt>
   <trkpt lat="41.937050000000006" lon="2.9559200000000003">
    <ele>107.81</ele>
   </trkpt>
   <trkpt lat="41.93759" lon="2.95643">
    <ele>107.33000000000001</ele>
   </trkpt>
   <trkpt lat="41.93806" lon="2.95684">
    <ele>107.42000000000002</ele>
   </trkpt>
   <trkpt lat="41.93816" lon="2.9568700000000003">
    <ele>107.3</ele>
   </trkpt>
   <trkpt lat="41.93878" lon="2.9568100000000004">
    <ele>107.15</ele>
   </trkpt>
   <trkpt lat="41.938950000000006" lon="2.95683">
    <ele>107.18</ele>
   </trkpt>
   <trkpt lat="41.939150000000005" lon="2.95692">
    <ele>107.33000000000001</ele>
   </trkpt>
   <trkpt lat="41.93925" lon="2.9570900000000004">
    <ele>107.35000000000001</ele>
   </trkpt>
   <trkpt lat="41.93927" lon="2.95726">
    <ele>107.28000000000002</ele>
   </trkpt>
   <trkpt lat="41.939260000000004" lon="2.9574300000000004">
    <ele>107.28000000000002</ele>
   </trkpt>
   <trkpt lat="41.93920000000001" lon="2.9575500000000003">
    <ele>106.89000000000001</ele>
   </trkpt>
   <trkpt lat="41.93909" lon="2.9576200000000004">
    <ele>106.89000000000001</ele>
   </trkpt>
   <trkpt lat="41.93856" lon="2.9578100000000003">
    <ele>106.35000000000001</ele>
   </trkpt>
   <trkpt lat="41.9384" lon="2.9579000000000004">
    <ele>106.12</ele>
   </trkpt>
   <trkpt lat="41.93822" lon="2.95825">
    <ele>105.93</ele>
   </trkpt>
   <trkpt lat="41.93807" lon="2.9588300000000003">
    <ele>105.87</ele>
   </trkpt>
   <trkpt lat="41.938100000000006" lon="2.9591200000000004">
    <ele>105.87</ele>
   </trkpt>
   <trkpt lat="41.93822" lon="2.9593800000000003">
    <ele>105.87</ele>
   </trkpt>
   <trkpt lat="41.938590000000005" lon="2.9599">
    <ele>105.68</ele>
   </trkpt>
   <trkpt lat="41.93901500354268" lon="2.960799994062286">
    <ele>105.66</ele>
   </trkpt>
   <trkpt lat="41.939440000000005" lon="2.9617000000000004">
    <ele>104.87</ele>
   </trkpt>
   <trkpt lat="41.93947" lon="2.9618">
    <ele>104.87</ele>
   </trkpt>
   <trkpt lat="41.93947" lon="2.9619600000000004">
    <ele>104.65</ele>
   </trkpt>
   <trkpt lat="41.939400000000006" lon="2.96226">
    <ele>104.48</ele>
   </trkpt>
   <trkpt lat="41.939400000000006" lon="2.9624900000000003">
    <ele>103.89000000000001</ele>
   </trkpt>
   <trkpt lat="41.93934" lon="2.9626900000000003">
    <ele>103.62</ele>
   </trkpt>
   <trkpt lat="41.93912" lon="2.9631900000000004">
    <ele>102.72</ele>
   </trkpt>
   <trkpt lat="41.93909" lon="2.9634600000000004">
    <ele>102.72</ele>
   </trkpt>
   <trkpt lat="41.939130000000006" lon="2.9637300000000004">
    <ele>102.24000000000001</ele>
   </trkpt>
   <trkpt lat="41.93919" lon="2.9639100000000003">
    <ele>101.73000000000002</ele>
   </trkpt>
   <trkpt lat="41.939280000000004" lon="2.9640700000000004">
    <ele>101.73000000000002</ele>
   </trkpt>
   <trkpt lat="41.93985000000001" lon="2.96485">
    <ele>100.38000000000001</ele>
   </trkpt>
   <trkpt lat="41.93992" lon="2.96523">
    <ele>99.47</ele>
   </trkpt>
   <trkpt lat="41.939910000000005" lon="2.96553">
    <ele>99.47</ele>
   </trkpt>
   <trkpt lat="41.93974" lon="2.96633">
    <ele>98.29</ele>
   </trkpt>
   <trkpt lat="41.93968" lon="2.9669100000000004">
    <ele>97.24000000000001</ele>
   </trkpt>
   <trkpt lat="41.93972" lon="2.9670400000000003">
    <ele>97.24000000000001</ele>
   </trkpt>
   <trkpt lat="41.939800000000005" lon="2.96713">
    <ele>96.85000000000001</ele>
   </trkpt>
   <trkpt lat="41.939930000000004" lon="2.9671800000000004">
    <ele>96.85000000000001</ele>
   </trkpt>
   <trkpt lat="41.9408" lon="2.9673100000000003">
    <ele>95.28</ele>
   </trkpt>
   <trkpt lat="41.94116" lon="2.9673200000000004">
    <ele>94.16000000000001</ele>
   </trkpt>
   <trkpt lat="41.9414" lon="2.9672600000000005">
    <ele>94.16000000000001</ele>
   </trkpt>
   <trkpt lat="41.94162" lon="2.9671700000000003">
    <ele>93.19000000000001</ele>
   </trkpt>
   <trkpt lat="41.942170000000004" lon="2.9668500000000004">
    <ele>91.62</ele>
   </trkpt>
   <trkpt lat="41.94245" lon="2.96673">
    <ele>90.96000000000001</ele>
   </trkpt>
   <trkpt lat="41.942980000000006" lon="2.9666200000000003">
    <ele>89.22</ele>
   </trkpt>
   <trkpt lat="41.94315" lon="2.9666300000000003">
    <ele>89.22</ele>
   </trkpt>
   <trkpt lat="41.943360000000006" lon="2.96672">
    <ele>88.11</ele>
   </trkpt>
   <trkpt lat="41.943630000000006" lon="2.96687">
    <ele>87.62</ele>
   </trkpt>
   <trkpt lat="41.94429600337713" lon="2.9673099816267285">
    <ele>85.69</ele>
   </trkpt>
   <trkpt lat="41.944962005074494" lon="2.967749972445468">
    <ele>84.69</ele>
   </trkpt>
   <trkpt lat="41.94562800509199" lon="2.9681899724566034">
    <ele>84.44</ele>
   </trkpt>
   <trkpt lat="41.946294003429585" lon="2.968629981660518">
    <ele>84.22</ele>
   </trkpt>
   <trkpt lat="41.946960000000004" lon="2.9690700000000003">
    <ele>83.99000000000001</ele>
   </trkpt>
   <trkpt lat="41.947120000000005" lon="2.9692100000000003">
    <ele>83.92</ele>
   </trkpt>
   <trkpt lat="41.9472" lon="2.9693500000000004">
    <ele>83.92</ele>
   </trkpt>
   <trkpt lat="41.947250000000004" lon="2.9694900000000004">
    <ele>83.92</ele>
   </trkpt>
   <trkpt lat="41.947570010580144" lon="2.970593322315677">
    <ele>82.77000000000001</ele>
   </trkpt>
   <trkpt lat="41.947890010597305" lon="2.971696655707973">
    <ele>82.15</ele>
   </trkpt>
   <trkpt lat="41.94821" lon="2.9728000000000003">
    <ele>81.99000000000001</ele>
   </trkpt>
   <trkpt lat="41.94827" lon="2.97311">
    <ele>81.67</ele>
   </trkpt>
   <trkpt lat="41.94827" lon="2.97352">
    <ele>81.66000000000001</ele>
   </trkpt>
   <trkpt lat="41.9482" lon="2.97459">
    <ele>83.06</ele>
   </trkpt>
   <trkpt lat="41.94823" lon="2.9749800000000004">
    <ele>84.97</ele>
   </trkpt>
   <trkpt lat="41.948310000000006" lon="2.97508">
    <ele>85.31</ele>
   </trkpt>
   <trkpt lat="41.94874000020192" lon="2.9752699987384035">
    <ele>86.84</ele>
   </trkpt>
   <trkpt lat="41.94917" lon="2.9754600000000004">
    <ele>88.85000000000001</ele>
   </trkpt>
   <trkpt lat="41.94960999994617" lon="2.975619998835652">
    <ele>92.38</ele>
   </trkpt>
   <trkpt lat="41.950050000000005" lon="2.9757800000000003">
    <ele>94.55000000000001</ele>
   </trkpt>
   <trkpt lat="41.950630000000004" lon="2.97603">
    <ele>97.54</ele>
   </trkpt>
   <trkpt lat="41.95096" lon="2.9761200000000003">
    <ele>97.54</ele>
   </trkpt>
   <trkpt lat="41.95174000008851" lon="2.9762749981001453">
    <ele>102.89</ele>
   </trkpt>
   <trkpt lat="41.95252000000001" lon="2.97643">
    <ele>105.36000000000001</ele>
   </trkpt>
   <trkpt lat="41.952830000000006" lon="2.97656">
    <ele>107.21000000000001</ele>
   </trkpt>
   <trkpt lat="41.95295" lon="2.9766800000000004">
    <ele>108.73</ele>
   </trkpt>
   <trkpt lat="41.953520000000005" lon="2.9774300000000005">
    <ele>112.95</ele>
   </trkpt>
   <trkpt lat="41.953660000000006" lon="2.97758">
    <ele>112.95</ele>
   </trkpt>
   <trkpt lat="41.95375000000001" lon="2.97764">
    <ele>114.81</ele>
   </trkpt>
   <trkpt lat="41.953860000000006" lon="2.97766">
    <ele>114.81</ele>
   </trkpt>
   <trkpt lat="41.954750000000004" lon="2.97771">
    <ele>119.28000000000002</ele>
   </trkpt>
   <trkpt lat="41.95483" lon="2.9777400000000003">
    <ele>119.28000000000002</ele>
   </trkpt>
   <trkpt lat="41.954950000000004" lon="2.9778700000000002">
    <ele>119.72</ele>
   </trkpt>
   <trkpt lat="41.955020000000005" lon="2.9780100000000003">
    <ele>119.84000000000002</ele>
   </trkpt>
   <trkpt lat="41.95518717016968" lon="2.9790342696007754">
    <ele>120.46000000000001</ele>
   </trkpt>
   <trkpt lat="41.95535433123558" lon="2.9800585445746393">
    <ele>121.11000000000001</ele>
   </trkpt>
   <trkpt lat="41.95552148319764" lon="2.9810828249213595">
    <ele>120.04</ele>
   </trkpt>
   <trkpt lat="41.95568862605572" lon="2.9821071106407024">
    <ele>118.93</ele>
   </trkpt>
   <trkpt lat="41.955855759809765" lon="2.983131401732436">
    <ele>117.06</ele>
   </trkpt>
   <trkpt lat="41.95602288445963" lon="2.9841556981963264">
    <ele>116.27000000000001</ele>
   </trkpt>
   <trkpt lat="41.95619000000001" lon="2.98518">
    <ele>115.18</ele>
   </trkpt>
   <trkpt lat="41.9562" lon="2.9853300000000003">
    <ele>115.18</ele>
   </trkpt>
   <trkpt lat="41.95618" lon="2.9855300000000002">
    <ele>114.99000000000001</ele>
   </trkpt>
   <trkpt lat="41.956030000000005" lon="2.98599">
    <ele>114.10000000000001</ele>
   </trkpt>
   <trkpt lat="41.955920000000006" lon="2.9862">
    <ele>114.10000000000001</ele>
   </trkpt>
   <trkpt lat="41.955760000000005" lon="2.9863700000000004">
    <ele>113.67</ele>
   </trkpt>
   <trkpt lat="41.955690000000004" lon="2.9865100000000004">
    <ele>113.67</ele>
   </trkpt>
   <trkpt lat="41.955690000000004" lon="2.9867000000000004">
    <ele>113.48</ele>
   </trkpt>
   <trkpt lat="41.955960000000005" lon="2.98734">
    <ele>113.27000000000001</ele>
   </trkpt>
   <trkpt lat="41.95604" lon="2.9876300000000002">
    <ele>113.07000000000001</ele>
   </trkpt>
   <trkpt lat="41.95604" lon="2.9878000000000005">
    <ele>113.07000000000001</ele>
   </trkpt>
   <trkpt lat="41.95586" lon="2.9881300000000004">
    <ele>112.75</ele>
   </trkpt>
   <trkpt lat="41.95573" lon="2.9882500000000003">
    <ele>112.60000000000001</ele>
   </trkpt>
   <trkpt lat="41.955580000000005" lon="2.9883300000000004">
    <ele>112.49000000000001</ele>
   </trkpt>
   <trkpt lat="41.95488" lon="2.98844">
    <ele>112.08000000000001</ele>
   </trkpt>
   <trkpt lat="41.954750000000004" lon="2.98849">
    <ele>112.08000000000001</ele>
   </trkpt>
   <trkpt lat="41.95468" lon="2.9885200000000003">
    <ele>111.93</ele>
   </trkpt>
   <trkpt lat="41.95458" lon="2.9886500000000003">
    <ele>111.92</ele>
   </trkpt>
   <trkpt lat="41.954530000000005" lon="2.98882">
    <ele>111.88000000000001</ele>
   </trkpt>
   <trkpt lat="41.954510000000006" lon="2.9890100000000004">
    <ele>111.69000000000001</ele>
   </trkpt>
   <trkpt lat="41.95456000287825" lon="2.9898249993017094">
    <ele>111.39</ele>
   </trkpt>
   <trkpt lat="41.95461" lon="2.9906400000000004">
    <ele>111.22000000000001</ele>
   </trkpt>
   <trkpt lat="41.954660000000004" lon="2.9917300000000004">
    <ele>110.78</ele>
   </trkpt>
   <trkpt lat="41.954710000000006" lon="2.99196">
    <ele>110.64</ele>
   </trkpt>
   <trkpt lat="41.95476" lon="2.9920700000000005">
    <ele>110.64</ele>
   </trkpt>
   <trkpt lat="41.95485" lon="2.9921900000000003">
    <ele>110.64</ele>
   </trkpt>
   <trkpt lat="41.95496000000001" lon="2.99223">
    <ele>110.64</ele>
   </trkpt>
   <trkpt lat="41.95558500010965" lon="2.992205000240887">
    <ele>110.54</ele>
   </trkpt>
   <trkpt lat="41.956210000000006" lon="2.9921800000000003">
    <ele>110.64</ele>
   </trkpt>
   <trkpt lat="41.95633" lon="2.99223">
    <ele>110.64</ele>
   </trkpt>
   <trkpt lat="41.9564" lon="2.9923100000000002">
    <ele>110.64</ele>
   </trkpt>
   <trkpt lat="41.95675000000001" lon="2.9931500000000004">
    <ele>110.54</ele>
   </trkpt>
   <trkpt lat="41.956880000000005" lon="2.99337">
    <ele>110.50000000000001</ele>
   </trkpt>
   <trkpt lat="41.957480000000004" lon="2.9938900000000004">
    <ele>110.49000000000001</ele>
   </trkpt>
   <trkpt lat="41.95759" lon="2.99412">
    <ele>110.68</ele>
   </trkpt>
   <trkpt lat="41.95761" lon="2.9942400000000005">
    <ele>110.68</ele>
   </trkpt>
   <trkpt lat="41.95781" lon="2.9942200000000003">
    <ele>110.86000000000001</ele>
   </trkpt>
   <trkpt lat="41.957840000000004" lon="2.99426">
    <ele>110.80000000000001</ele>
   </trkpt>
   <trkpt lat="41.95787000000001" lon="2.99432">
    <ele>110.80000000000001</ele>
   </trkpt>
   <trkpt lat="41.95805500179633" lon="2.994964998097213">
    <ele>111.18</ele>
   </trkpt>
   <trkpt lat="41.95824" lon="2.99561">
    <ele>111.85000000000001</ele>
   </trkpt>
   <trkpt lat="41.958330000000004" lon="2.9957300000000004">
    <ele>111.60000000000001</ele>
   </trkpt>
   <trkpt lat="41.95844" lon="2.99581">
    <ele>111.04</ele>
   </trkpt>
   <trkpt lat="41.95902500010479" lon="2.9959399988135806">
    <ele>105.56000000000002</ele>
   </trkpt>
   <trkpt lat="41.959610000000005" lon="2.9960700000000005">
    <ele>102.26</ele>
   </trkpt>
   <trkpt lat="41.96017000009515" lon="2.9961299994812336">
    <ele>96.95</ele>
   </trkpt>
   <trkpt lat="41.960730000000005" lon="2.9961900000000004">
    <ele>92.74</ele>
   </trkpt>
   <trkpt lat="41.96085" lon="2.9962500000000003">
    <ele>91.86000000000001</ele>
   </trkpt>
   <trkpt lat="41.96115" lon="2.9966100000000004">
    <ele>87.78000000000002</ele>
   </trkpt>
   <trkpt lat="41.961580000000005" lon="2.9968600000000003">
    <ele>85.78</ele>
   </trkpt>
   <trkpt lat="41.962210000000006" lon="2.99705">
    <ele>84.73000000000002</ele>
   </trkpt>
   <trkpt lat="41.962430000000005" lon="2.9970600000000003">
    <ele>84.32000000000001</ele>
   </trkpt>
   <trkpt lat="41.96291" lon="2.99691">
    <ele>84.0</ele>
   </trkpt>
   <trkpt lat="41.963150000000006" lon="2.9967900000000003">
    <ele>83.76</ele>
   </trkpt>
   <trkpt lat="41.96343" lon="2.99677">
    <ele>83.28</ele>
   </trkpt>
   <trkpt lat="41.96394499998275" lon="2.9968449993877093">
    <ele>82.52000000000001</ele>
   </trkpt>
   <trkpt lat="41.96446" lon="2.9969200000000003">
    <ele>82.63000000000001</ele>
   </trkpt>
   <trkpt lat="41.964760000000005" lon="2.9968800000000004">
    <ele>83.35000000000001</ele>
   </trkpt>
   <trkpt lat="41.96526" lon="2.9967300000000003">
    <ele>84.97</ele>
   </trkpt>
   <trkpt lat="41.96546" lon="2.99676">
    <ele>85.83</ele>
   </trkpt>
   <trkpt lat="41.96557000000001" lon="2.9968100000000004">
    <ele>86.47</ele>
   </trkpt>
   <trkpt lat="41.965740000000004" lon="2.99697">
    <ele>86.56000000000002</ele>
   </trkpt>
   <trkpt lat="41.966170000000005" lon="2.99764">
    <ele>85.37</ele>
   </trkpt>
   <trkpt lat="41.96631" lon="2.9978000000000002">
    <ele>85.03</ele>
   </trkpt>
   <trkpt lat="41.966820000000006" lon="2.9981600000000004">
    <ele>84.68</ele>
   </trkpt>
   <trkpt lat="41.967040000000004" lon="2.9982900000000003">
    <ele>84.64</ele>
   </trkpt>
   <trkpt lat="41.967270000000006" lon="2.99839">
    <ele>84.67</ele>
   </trkpt>
   <trkpt lat="41.967530000000004" lon="2.9984400000000004">
    <ele>84.81</ele>
   </trkpt>
   <trkpt lat="41.96813999995728" lon="2.998479999613726">
    <ele>84.78</ele>
   </trkpt>
   <trkpt lat="41.96875" lon="2.99852">
    <ele>82.46000000000001</ele>
   </trkpt>
   <trkpt lat="41.96891" lon="2.9985600000000003">
    <ele>81.56</ele>
   </trkpt>
   <trkpt lat="41.96913000000001" lon="2.99867">
    <ele>79.85000000000001</ele>
   </trkpt>
   <trkpt lat="41.96943" lon="2.99872">
    <ele>78.21</ele>
   </trkpt>
   <trkpt lat="41.96960000000001" lon="2.99872">
    <ele>78.21</ele>
   </trkpt>
   <trkpt lat="41.97016" lon="2.9986400000000004">
    <ele>75.34</ele>
   </trkpt>
   <trkpt lat="41.97032" lon="2.9986400000000004">
    <ele>72.29</ele>
   </trkpt>
   <trkpt lat="41.970490000000005" lon="2.99865">
    <ele>72.29</ele>
   </trkpt>
   <trkpt lat="41.97104" lon="2.99879">
    <ele>67.35000000000001</ele>
   </trkpt>
   <trkpt lat="41.97122" lon="2.99881">
    <ele>66.55000000000001</ele>
   </trkpt>
   <trkpt lat="41.971410000000006" lon="2.99879">
    <ele>65.32000000000001</ele>
   </trkpt>
   <trkpt lat="41.97223" lon="2.9986">
    <ele>63.24</ele>
   </trkpt>
   <trkpt lat="41.97251000000001" lon="2.9985700000000004">
    <ele>62.93</ele>
   </trkpt>
   <trkpt lat="41.973060000000004" lon="2.9986400000000004">
    <ele>62.63</ele>
   </trkpt>
   <trkpt lat="41.97323" lon="2.9986900000000003">
    <ele>62.02</ele>
   </trkpt>
   <trkpt lat="41.97336000000001" lon="2.9988200000000003">
    <ele>61.660000000000004</ele>
   </trkpt>
   <trkpt lat="41.97359" lon="2.9993800000000004">
    <ele>59.010000000000005</ele>
   </trkpt>
   <trkpt lat="41.974090000000004" lon="3.0000600000000004">
    <ele>56.190000000000005</ele>
   </trkpt>
   <trkpt lat="41.9742" lon="3.00037">
    <ele>55.910000000000004</ele>
   </trkpt>
   <trkpt lat="41.97422" lon="3.00076">
    <ele>54.720000000000006</ele>
   </trkpt>
   <trkpt lat="41.974270000000004" lon="3.0009500000000005">
    <ele>53.96</ele>
   </trkpt>
   <trkpt lat="41.974630000000005" lon="3.0018300000000004">
    <ele>49.400000000000006</ele>
   </trkpt>
   <trkpt lat="41.974700000000006" lon="3.0019500000000003">
    <ele>49.400000000000006</ele>
   </trkpt>
   <trkpt lat="41.97478" lon="3.00198">
    <ele>48.730000000000004</ele>
   </trkpt>
   <trkpt lat="41.974970000000006" lon="3.0019500000000003">
    <ele>48.550000000000004</ele>
   </trkpt>
   <trkpt lat="41.97525" lon="3.0018700000000003">
    <ele>48.27</ele>
   </trkpt>
   <trkpt lat="41.97563" lon="3.00164">
    <ele>48.32</ele>
   </trkpt>
   <trkpt lat="41.97587" lon="3.0014700000000003">
    <ele>48.230000000000004</ele>
   </trkpt>
   <trkpt lat="41.976530000000004" lon="3.00091">
    <ele>49.82</ele>
   </trkpt>
   <trkpt lat="41.97661" lon="3.00089">
    <ele>49.82</ele>
   </trkpt>
   <trkpt lat="41.97663" lon="3.00109">
    <ele>49.17</ele>
   </trkpt>
   <trkpt lat="41.976780000000005" lon="3.0022">
    <ele>47.78</ele>
   </trkpt>
   <trkpt lat="41.97683000000001" lon="3.0024200000000003">
    <ele>47.620000000000005</ele>
   </trkpt>
   <trkpt lat="41.9769" lon="3.0025600000000003">
    <ele>47.57</ele>
   </trkpt>
   <trkpt lat="41.977030000000006" lon="3.0027000000000004">
    <ele>47.46</ele>
   </trkpt>
   <trkpt lat="41.977737505068696" lon="3.0033249791549004">
    <ele>47.440000000000005</ele>
   </trkpt>
   <trkpt lat="41.97844500674764" lon="3.0039499721966685">
    <ele>47.85</ele>
   </trkpt>
   <trkpt lat="41.97915250503668" lon="3.004574979125891">
    <ele>48.620000000000005</ele>
   </trkpt>
   <trkpt lat="41.97986" lon="3.0052000000000003">
    <ele>49.400000000000006</ele>
   </trkpt>
   <trkpt lat="41.980090000000004" lon="3.0054900000000004">
    <ele>50.09</ele>
   </trkpt>
   <trkpt lat="41.98031" lon="3.00592">
    <ele>50.230000000000004</ele>
   </trkpt>
   <trkpt lat="41.98031" lon="3.00593">
    <ele>50.230000000000004</ele>
   </trkpt>
   <trkpt lat="41.980720000000005" lon="3.00688">
    <ele>50.47</ele>
   </trkpt>
   <trkpt lat="41.98098" lon="3.00742">
    <ele>49.96</ele>
   </trkpt>
   <trkpt lat="41.981286671162806" lon="3.008139993058554">
    <ele>49.160000000000004</ele>
   </trkpt>
   <trkpt lat="41.981593337826865" lon="3.0088599930523188">
    <ele>49.040000000000006</ele>
   </trkpt>
   <trkpt lat="41.9819" lon="3.00958">
    <ele>49.940000000000005</ele>
   </trkpt>
   <trkpt lat="41.98243500342163" lon="3.010474992389343">
    <ele>49.85</ele>
   </trkpt>
   <trkpt lat="41.98297" lon="3.0113700000000003">
    <ele>49.400000000000006</ele>
   </trkpt>
   <trkpt lat="41.98337333706702" lon="3.0120299915619717">
    <ele>49.040000000000006</ele>
   </trkpt>
   <trkpt lat="41.983776670353826" lon="3.0126899914857206">
    <ele>48.78</ele>
   </trkpt>
   <trkpt lat="41.98418" lon="3.0133500000000004">
    <ele>48.57</ele>
   </trkpt>
   <trkpt lat="41.9845050009497" lon="3.0138099976965327">
    <ele>48.510000000000005</ele>
   </trkpt>
   <trkpt lat="41.98483" lon="3.0142700000000002">
    <ele>48.580000000000005</ele>
   </trkpt>
   <trkpt lat="41.98518000000001" lon="3.0146800000000002">
    <ele>48.690000000000005</ele>
   </trkpt>
   <trkpt lat="41.98554" lon="3.0149600000000003">
    <ele>48.59</ele>
   </trkpt>
   <trkpt lat="41.98584" lon="3.01515">
    <ele>48.160000000000004</ele>
   </trkpt>
   <trkpt lat="41.986270000000005" lon="3.0153600000000003">
    <ele>46.45</ele>
   </trkpt>
   <trkpt lat="41.98653" lon="3.0154500000000004">
    <ele>45.93000000000001</ele>
   </trkpt>
   <trkpt lat="41.987004999964995" lon="3.0155049995840595">
    <ele>45.12</ele>
   </trkpt>
   <trkpt lat="41.987480000000005" lon="3.0155600000000002">
    <ele>45.07000000000001</ele>
   </trkpt>
   <trkpt lat="41.987680000000005" lon="3.0156300000000003">
    <ele>45.13</ele>
   </trkpt>
   <trkpt lat="41.98812" lon="3.0159000000000002">
    <ele>45.14000000000001</ele>
   </trkpt>
   <trkpt lat="41.98827" lon="3.01602">
    <ele>44.38</ele>
   </trkpt>
   <trkpt lat="41.988420000000005" lon="3.0162000000000004">
    <ele>44.0</ele>
   </trkpt>
   <trkpt lat="41.988850000000006" lon="3.01697">
    <ele>43.63</ele>
   </trkpt>
   <trkpt lat="41.988820000000004" lon="3.0170500000000002">
    <ele>43.54</ele>
   </trkpt>
   <trkpt lat="41.98899" lon="3.01744">
    <ele>42.980000000000004</ele>
   </trkpt>
   <trkpt lat="41.98908" lon="3.0176000000000003">
    <ele>42.940000000000005</ele>
   </trkpt>
   <trkpt lat="41.98957" lon="3.0180800000000003">
    <ele>43.010000000000005</ele>
   </trkpt>
   <trkpt lat="41.98978" lon="3.0182">
    <ele>43.190000000000005</ele>
   </trkpt>
   <trkpt lat="41.98991" lon="3.01825">
    <ele>43.24</ele>
   </trkpt>
   <trkpt lat="41.990050000000004" lon="3.01833">
    <ele>43.550000000000004</ele>
   </trkpt>
   <trkpt lat="41.9902" lon="3.01847">
    <ele>43.83</ele>
   </trkpt>
   <trkpt lat="41.99034" lon="3.01867">
    <ele>44.26</ele>
   </trkpt>
   <trkpt lat="41.990460000000006" lon="3.0188900000000003">
    <ele>44.78</ele>
   </trkpt>
   <trkpt lat="41.99051" lon="3.0192900000000003">
    <ele>45.65</ele>
   </trkpt>
   <trkpt lat="41.990500000000004" lon="3.0199000000000003">
    <ele>48.38</ele>
   </trkpt>
   <trkpt lat="41.990550000000006" lon="3.0202600000000004">
    <ele>50.09</ele>
   </trkpt>
   <trkpt lat="41.99053000000001" lon="3.0204000000000004">
    <ele>50.230000000000004</ele>
   </trkpt>
   <trkpt lat="41.990170000000006" lon="3.0210500000000002">
    <ele>50.160000000000004</ele>
   </trkpt>
   <trkpt lat="41.98966" lon="3.02204">
    <ele>47.120000000000005</ele>
   </trkpt>
   <trkpt lat="41.989140000000006" lon="3.02267">
    <ele>43.03000000000001</ele>
   </trkpt>
   <trkpt lat="41.98897" lon="3.02292">
    <ele>41.6</ele>
   </trkpt>
   <trkpt lat="41.988820000000004" lon="3.02355">
    <ele>39.89</ele>
   </trkpt>
   <trkpt lat="41.98877" lon="3.0236400000000003">
    <ele>40.230000000000004</ele>
   </trkpt>
   <trkpt lat="41.98872" lon="3.0238">
    <ele>39.150000000000006</ele>
   </trkpt>
   <trkpt lat="41.988780000000006" lon="3.0239200000000004">
    <ele>38.970000000000006</ele>
   </trkpt>
   <trkpt lat="41.988980000000005" lon="3.02401">
    <ele>38.900000000000006</ele>
   </trkpt>
   <trkpt lat="41.989090000000004" lon="3.0241000000000002">
    <ele>39.14</ele>
   </trkpt>
   <trkpt lat="41.98962" lon="3.0243100000000003">
    <ele>38.23</ele>
   </trkpt>
   <trkpt lat="41.99002" lon="3.02443">
    <ele>37.77</ele>
   </trkpt>
   <trkpt lat="41.99073500045116" lon="3.024724996716733">
    <ele>37.42</ele>
   </trkpt>
   <trkpt lat="41.99145" lon="3.02502">
    <ele>36.62</ele>
   </trkpt>
   <trkpt lat="41.99213250122184" lon="3.0253249901936443">
    <ele>36.03</ele>
   </trkpt>
   <trkpt lat="41.99281500163639" lon="3.0256299869279037">
    <ele>35.45</ele>
   </trkpt>
   <trkpt lat="41.9934975012436" lon="3.0259349902030674">
    <ele>34.510000000000005</ele>
   </trkpt>
   <trkpt lat="41.99418" lon="3.02624">
    <ele>34.2</ele>
   </trkpt>
   <trkpt lat="41.99501000193581" lon="3.0266249849401663">
    <ele>33.93</ele>
   </trkpt>
   <trkpt lat="41.99584000258529" lon="3.027009979921793">
    <ele>33.660000000000004</ele>
   </trkpt>
   <trkpt lat="41.99667000194837" lon="3.02739498494542">
    <ele>33.92</ele>
   </trkpt>
   <trkpt lat="41.9975" lon="3.0277800000000004">
    <ele>34.17</ele>
   </trkpt>
   <trkpt lat="41.997490000000006" lon="3.0277800000000004">
    <ele>34.17</ele>
   </trkpt>
   <trkpt lat="41.99824" lon="3.0281300000000004">
    <ele>34.980000000000004</ele>
   </trkpt>
   <trkpt lat="41.99893" lon="3.02849">
    <ele>35.43</ele>
   </trkpt>
   <trkpt lat="41.999320000000004" lon="3.0287200000000003">
    <ele>36.47</ele>
   </trkpt>
   <trkpt lat="41.99956" lon="3.02884">
    <ele>37.970000000000006</ele>
   </trkpt>
   <trkpt lat="41.99967" lon="3.0289800000000002">
    <ele>38.53</ele>
   </trkpt>
   <trkpt lat="41.99967" lon="3.02916">
    <ele>39.0</ele>
   </trkpt>
   <trkpt lat="41.99953" lon="3.0297300000000003">
    <ele>39.45</ele>
   </trkpt>
   <trkpt lat="41.99953" lon="3.03004">
    <ele>39.620000000000005</ele>
   </trkpt>
   <trkpt lat="41.9996" lon="3.0305500000000003">
    <ele>39.830000000000005</ele>
   </trkpt>
   <trkpt lat="41.99987" lon="3.03126">
    <ele>40.32</ele>
   </trkpt>
   <trkpt lat="41.999930000000006" lon="3.03207">
    <ele>41.24</ele>
   </trkpt>
   <trkpt lat="41.99996" lon="3.03222">
    <ele>41.980000000000004</ele>
   </trkpt>
   <trkpt lat="41.999970000000005" lon="3.03236">
    <ele>41.980000000000004</ele>
   </trkpt>
   <trkpt lat="41.999930000000006" lon="3.0325300000000004">
    <ele>42.54</ele>
   </trkpt>
   <trkpt lat="41.99996" lon="3.0326700000000004">
    <ele>42.800000000000004</ele>
   </trkpt>
   <trkpt lat="42.00018" lon="3.03257">
    <ele>42.56</ele>
   </trkpt>
   <trkpt lat="42.000240000000005" lon="3.0329800000000002">
    <ele>42.47</ele>
   </trkpt>
   <trkpt lat="42.000265001594855" lon="3.033584999920226">
    <ele>42.9</ele>
   </trkpt>
   <trkpt lat="42.00029000000001" lon="3.03419">
    <ele>42.050000000000004</ele>
   </trkpt>
   <trkpt lat="42.00038000000001" lon="3.0346200000000003">
    <ele>40.61</ele>
   </trkpt>
   <trkpt lat="42.000730000000004" lon="3.0354500000000004">
    <ele>39.0</ele>
   </trkpt>
   <trkpt lat="42.00083" lon="3.0355900000000005">
    <ele>38.540000000000006</ele>
   </trkpt>
   <trkpt lat="42.000910000000005" lon="3.0356500000000004">
    <ele>37.98</ele>
   </trkpt>
   <trkpt lat="42.0013" lon="3.0357800000000004">
    <ele>35.63</ele>
   </trkpt>
   <trkpt lat="42.00169" lon="3.03596">
    <ele>32.120000000000005</ele>
   </trkpt>
   <trkpt lat="42.001920000000005" lon="3.03616">
    <ele>30.390000000000004</ele>
   </trkpt>
   <trkpt lat="42.00217000000001" lon="3.0366400000000002">
    <ele>28.380000000000003</ele>
   </trkpt>
   <trkpt lat="42.00227" lon="3.0368800000000005">
    <ele>27.89</ele>
   </trkpt>
   <trkpt lat="42.002340000000004" lon="3.03717">
    <ele>27.470000000000002</ele>
   </trkpt>
   <trkpt lat="42.002460000000006" lon="3.0381400000000003">
    <ele>26.150000000000002</ele>
   </trkpt>
   <trkpt lat="42.00253" lon="3.0383000000000004">
    <ele>25.75</ele>
   </trkpt>
   <trkpt lat="42.0029850010742" lon="3.03877499670254">
    <ele>24.310000000000002</ele>
   </trkpt>
   <trkpt lat="42.003440000000005" lon="3.0392500000000005">
    <ele>21.96</ele>
   </trkpt>
   <trkpt lat="42.00395" lon="3.0395200000000004">
    <ele>21.01</ele>
   </trkpt>
   <trkpt lat="42.00419" lon="3.0398400000000003">
    <ele>20.84</ele>
   </trkpt>
   <trkpt lat="42.00426" lon="3.0400600000000004">
    <ele>20.830000000000002</ele>
   </trkpt>
   <trkpt lat="42.004310000000004" lon="3.04029">
    <ele>20.86</ele>
   </trkpt>
   <trkpt lat="42.00428" lon="3.0412100000000004">
    <ele>20.96</ele>
   </trkpt>
   <trkpt lat="42.00435" lon="3.0419">
    <ele>20.970000000000002</ele>
   </trkpt>
   <trkpt lat="42.004380000000005" lon="3.04273">
    <ele>21.37</ele>
   </trkpt>
   <trkpt lat="42.00448" lon="3.0435000000000003">
    <ele>22.47</ele>
   </trkpt>
   <trkpt lat="42.00385" lon="3.0434400000000004">
    <ele>21.41</ele>
   </trkpt>
   <trkpt lat="42.00379" lon="3.04347">
    <ele>21.36</ele>
   </trkpt>
   <trkpt lat="42.00372" lon="3.0435900000000005">
    <ele>21.23</ele>
   </trkpt>
   <trkpt lat="42.00368" lon="3.04401">
    <ele>20.67</ele>
   </trkpt>
   <trkpt lat="42.003690000000006" lon="3.0443000000000002">
    <ele>20.48</ele>
   </trkpt>
   <trkpt lat="42.00385000370289" lon="3.0452249976155676">
    <ele>20.48</ele>
   </trkpt>
   <trkpt lat="42.00401" lon="3.0461500000000004">
    <ele>20.650000000000002</ele>
   </trkpt>
   <trkpt lat="42.00401" lon="3.0463500000000003">
    <ele>20.650000000000002</ele>
   </trkpt>
   <trkpt lat="42.00394" lon="3.0467000000000004">
    <ele>20.59</ele>
   </trkpt>
   <trkpt lat="42.003620000000005" lon="3.04782">
    <ele>21.05</ele>
   </trkpt>
   <trkpt lat="42.00334" lon="3.04843">
    <ele>21.460000000000004</ele>
   </trkpt>
   <trkpt lat="42.003310000000006" lon="3.0487">
    <ele>21.77</ele>
   </trkpt>
   <trkpt lat="42.003130000000006" lon="3.04924">
    <ele>21.86</ele>
   </trkpt>
   <trkpt lat="42.00283" lon="3.04985">
    <ele>21.5</ele>
   </trkpt>
   <trkpt lat="42.0024" lon="3.05046">
    <ele>21.27</ele>
   </trkpt>
   <trkpt lat="42.00233" lon="3.05065">
    <ele>21.130000000000003</ele>
   </trkpt>
   <trkpt lat="42.00218500160208" lon="3.0512500012023294">
    <ele>21.03</ele>
   </trkpt>
   <trkpt lat="42.00204" lon="3.0518500000000004">
    <ele>20.98</ele>
   </trkpt>
   <trkpt lat="42.0016300033713" lon="3.0527300056470756">
    <ele>20.71</ele>
   </trkpt>
   <trkpt lat="42.00122" lon="3.0536100000000004">
    <ele>20.6</ele>
   </trkpt>
   <trkpt lat="42.00122" lon="3.0540100000000003">
    <ele>20.380000000000003</ele>
   </trkpt>
   <trkpt lat="42.00147500167235" lon="3.0546349974395266">
    <ele>20.51</ele>
   </trkpt>
   <trkpt lat="42.00173" lon="3.05526">
    <ele>20.830000000000002</ele>
   </trkpt>
   <trkpt lat="42.001940000000005" lon="3.0559100000000003">
    <ele>21.68</ele>
   </trkpt>
   <trkpt lat="42.001990000000006" lon="3.0564400000000003">
    <ele>21.28</ele>
   </trkpt>
   <trkpt lat="42.00186" lon="3.0576200000000004">
    <ele>18.56</ele>
   </trkpt>
   <trkpt lat="42.001740000000005" lon="3.0581400000000003">
    <ele>18.340000000000003</ele>
   </trkpt>
   <trkpt lat="42.001460002251996" lon="3.0588650032652303">
    <ele>18.54</ele>
   </trkpt>
   <trkpt lat="42.001180000000005" lon="3.05959">
    <ele>18.8</ele>
   </trkpt>
   <trkpt lat="42.000960000000006" lon="3.0599000000000003">
    <ele>18.830000000000002</ele>
   </trkpt>
   <trkpt lat="42.0007" lon="3.06014">
    <ele>19.020000000000003</ele>
   </trkpt>
   <trkpt lat="42.000690000000006" lon="3.0605200000000004">
    <ele>19.1</ele>
   </trkpt>
   <trkpt lat="42.00104" lon="3.0614700000000004">
    <ele>19.19</ele>
   </trkpt>
   <trkpt lat="42.0013" lon="3.0625600000000004">
    <ele>20.87</ele>
   </trkpt>
   <trkpt lat="42.001235003796054" lon="3.06349500092038">
    <ele>23.970000000000002</ele>
   </trkpt>
   <trkpt lat="42.00117" lon="3.06443">
    <ele>27.900000000000002</ele>
   </trkpt>
   <trkpt lat="42.001070000000006" lon="3.06449">
    <ele>29.27</ele>
   </trkpt>
   <trkpt lat="42.000800000000005" lon="3.0645900000000004">
    <ele>30.6</ele>
   </trkpt>
   <trkpt lat="42.000620000000005" lon="3.0647200000000003">
    <ele>31.810000000000006</ele>
   </trkpt>
   <trkpt lat="42.000510000000006" lon="3.06475">
    <ele>31.810000000000006</ele>
   </trkpt>
   <trkpt lat="42.000400000000006" lon="3.0647400000000005">
    <ele>32.46</ele>
   </trkpt>
   <trkpt lat="42.00034" lon="3.0650000000000004">
    <ele>34.09</ele>
   </trkpt>
   <trkpt lat="42.00034" lon="3.06523">
    <ele>35.300000000000004</ele>
   </trkpt>
   <trkpt lat="42.000440000000005" lon="3.0654800000000004">
    <ele>37.06</ele>
   </trkpt>
   <trkpt lat="42.00045" lon="3.0657">
    <ele>37.85</ele>
   </trkpt>
   <trkpt lat="42.000240000000005" lon="3.0658100000000004">
    <ele>38.27</ele>
   </trkpt>
   <trkpt lat="42.00025" lon="3.0658800000000004">
    <ele>38.27</ele>
   </trkpt>
   <trkpt lat="42.00038000000001" lon="3.06612">
    <ele>39.43</ele>
   </trkpt>
   <trkpt lat="42.000550000000004" lon="3.06638">
    <ele>40.07</ele>
   </trkpt>
   <trkpt lat="42.00063" lon="3.06666">
    <ele>41.72</ele>
   </trkpt>
   <trkpt lat="42.00066" lon="3.0671600000000003">
    <ele>43.120000000000005</ele>
   </trkpt>
   <trkpt lat="42.000640000000004" lon="3.0672900000000003">
    <ele>43.4</ele>
   </trkpt>
   <trkpt lat="42.000620000000005" lon="3.0674200000000003">
    <ele>43.730000000000004</ele>
   </trkpt>
   <trkpt lat="42.000440000000005" lon="3.0676900000000002">
    <ele>45.03</ele>
   </trkpt>
   <trkpt lat="42.00038000000001" lon="3.06775">
    <ele>45.03</ele>
   </trkpt>
   <trkpt lat="42.00019" lon="3.0678500000000004">
    <ele>44.56</ele>
   </trkpt>
   <trkpt lat="42.000040000000006" lon="3.0679900000000004">
    <ele>44.76</ele>
   </trkpt>
   <trkpt lat="41.999880000000005" lon="3.0684500000000003">
    <ele>45.980000000000004</ele>
   </trkpt>
   <trkpt lat="41.99978" lon="3.0687800000000003">
    <ele>47.16</ele>
   </trkpt>
   <trkpt lat="41.999950000000005" lon="3.0691900000000003">
    <ele>46.77</ele>
   </trkpt>
   <trkpt lat="42.00014" lon="3.06943">
    <ele>45.26</ele>
   </trkpt>
   <trkpt lat="42.00025" lon="3.06949">
    <ele>44.88</ele>
   </trkpt>
   <trkpt lat="42.000400000000006" lon="3.0695">
    <ele>44.17</ele>
   </trkpt>
   <trkpt lat="42.00047" lon="3.0695400000000004">
    <ele>44.17</ele>
   </trkpt>
   <trkpt lat="42.0005" lon="3.06963">
    <ele>43.13</ele>
   </trkpt>
   <trkpt lat="42.000510000000006" lon="3.0697400000000004">
    <ele>43.08</ele>
   </trkpt>
   <trkpt lat="42.000460000000004" lon="3.0698100000000004">
    <ele>43.08</ele>
   </trkpt>
   <trkpt lat="42.000440000000005" lon="3.0698900000000005">
    <ele>42.910000000000004</ele>
   </trkpt>
   <trkpt lat="42.00054" lon="3.07018">
    <ele>41.18</ele>
   </trkpt>
   <trkpt lat="42.000490000000006" lon="3.0707700000000004">
    <ele>38.17</ele>
   </trkpt>
   <trkpt lat="42.000510000000006" lon="3.071">
    <ele>34.75</ele>
   </trkpt>
   <trkpt lat="42.00057" lon="3.0712200000000003">
    <ele>34.75</ele>
   </trkpt>
   <trkpt lat="42.00068" lon="3.0713800000000004">
    <ele>32.93</ele>
   </trkpt>
   <trkpt lat="42.00083" lon="3.0715200000000005">
    <ele>31.720000000000006</ele>
   </trkpt>
   <trkpt lat="42.000910000000005" lon="3.0716900000000003">
    <ele>31.880000000000006</ele>
   </trkpt>
   <trkpt lat="42.000840000000004" lon="3.0723100000000003">
    <ele>29.67</ele>
   </trkpt>
   <trkpt lat="42.00085000000001" lon="3.07296">
    <ele>28.19</ele>
   </trkpt>
   <trkpt lat="42.00076000000001" lon="3.0732700000000004">
    <ele>26.8</ele>
   </trkpt>
   <trkpt lat="42.000370000000004" lon="3.0741300000000003">
    <ele>24.94</ele>
   </trkpt>
   <trkpt lat="42.00014500175115" lon="3.0747600021468964">
    <ele>23.090000000000003</ele>
   </trkpt>
   <trkpt lat="41.99992" lon="3.07539">
    <ele>20.77</ele>
   </trkpt>
   <trkpt lat="41.999670001198346" lon="3.0759350023386163">
    <ele>18.830000000000002</ele>
   </trkpt>
   <trkpt lat="41.99942" lon="3.07648">
    <ele>17.240000000000002</ele>
   </trkpt>
   <trkpt lat="41.99920500196809" lon="3.0771700026454565">
    <ele>15.66</ele>
   </trkpt>
   <trkpt lat="41.998990000000006" lon="3.0778600000000003">
    <ele>14.040000000000001</ele>
   </trkpt>
   <trkpt lat="41.99869000347717" lon="3.078755004215685">
    <ele>13.920000000000002</ele>
   </trkpt>
   <trkpt lat="41.99839" lon="3.0796500000000004">
    <ele>12.860000000000001</ele>
   </trkpt>
   <trkpt lat="41.99824000165355" lon="3.080255001162985">
    <ele>12.46</ele>
   </trkpt>
   <trkpt lat="41.998090000000005" lon="3.0808600000000004">
    <ele>12.430000000000001</ele>
   </trkpt>
   <trkpt lat="41.99788" lon="3.08137">
    <ele>12.650000000000002</ele>
   </trkpt>
   <trkpt lat="41.99763500224498" lon="3.082090002785297">
    <ele>12.63</ele>
   </trkpt>
   <trkpt lat="41.99739" lon="3.0828100000000003">
    <ele>12.85</ele>
   </trkpt>
   <trkpt lat="41.997245001677136" lon="3.083435001501322">
    <ele>12.870000000000001</ele>
   </trkpt>
   <trkpt lat="41.9971" lon="3.0840600000000005">
    <ele>13.22</ele>
   </trkpt>
   <trkpt lat="41.996840000000006" lon="3.0847300000000004">
    <ele>13.72</ele>
   </trkpt>
   <trkpt lat="41.99674" lon="3.08502">
    <ele>13.72</ele>
   </trkpt>
   <trkpt lat="41.99656" lon="3.0860600000000002">
    <ele>14.950000000000001</ele>
   </trkpt>
   <trkpt lat="41.9964" lon="3.0866900000000004">
    <ele>16.3</ele>
   </trkpt>
   <trkpt lat="41.99625" lon="3.08747">
    <ele>15.56</ele>
   </trkpt>
   <trkpt lat="41.99618" lon="3.0876200000000003">
    <ele>15.150000000000002</ele>
   </trkpt>
   <trkpt lat="41.995720000000006" lon="3.0883200000000004">
    <ele>13.170000000000002</ele>
   </trkpt>
   <trkpt lat="41.99546" lon="3.0888400000000003">
    <ele>13.030000000000001</ele>
   </trkpt>
   <trkpt lat="41.99528" lon="3.0891400000000004">
    <ele>13.070000000000002</ele>
   </trkpt>
   <trkpt lat="41.9947" lon="3.0898800000000004">
    <ele>13.35</ele>
   </trkpt>
   <trkpt lat="41.994550000000004" lon="3.0900900000000004">
    <ele>13.690000000000001</ele>
   </trkpt>
   <trkpt lat="41.99448" lon="3.0902200000000004">
    <ele>13.690000000000001</ele>
   </trkpt>
   <trkpt lat="41.99443" lon="3.09046">
    <ele>13.99</ele>
   </trkpt>
   <trkpt lat="41.994400000000006" lon="3.0912">
    <ele>14.620000000000001</ele>
   </trkpt>
   <trkpt lat="41.99437" lon="3.09133">
    <ele>14.860000000000001</ele>
   </trkpt>
   <trkpt lat="41.99416" lon="3.0919000000000003">
    <ele>16.060000000000002</ele>
   </trkpt>
   <trkpt lat="41.99405" lon="3.0923100000000003">
    <ele>18.3</ele>
   </trkpt>
   <trkpt lat="41.99401" lon="3.0925900000000004">
    <ele>19.4</ele>
   </trkpt>
   <trkpt lat="41.99401" lon="3.0929400000000005">
    <ele>22.0</ele>
   </trkpt>
   <trkpt lat="41.994060000000005" lon="3.0933100000000002">
    <ele>23.46</ele>
   </trkpt>
   <trkpt lat="41.99407" lon="3.0935300000000003">
    <ele>23.83</ele>
   </trkpt>
   <trkpt lat="41.994040000000005" lon="3.09369">
    <ele>23.83</ele>
   </trkpt>
   <trkpt lat="41.993970000000004" lon="3.09384">
    <ele>25.080000000000002</ele>
   </trkpt>
   <trkpt lat="41.9936" lon="3.0944100000000003">
    <ele>27.930000000000003</ele>
   </trkpt>
   <trkpt lat="41.99322500119131" lon="3.094925002978735">
    <ele>29.93</ele>
   </trkpt>
   <trkpt lat="41.992850000000004" lon="3.0954400000000004">
    <ele>32.660000000000004</ele>
   </trkpt>
   <trkpt lat="41.99268" lon="3.0957600000000003">
    <ele>33.42</ele>
   </trkpt>
   <trkpt lat="41.992430000000006" lon="3.09663">
    <ele>35.07</ele>
   </trkpt>
   <trkpt lat="41.99217" lon="3.0971100000000003">
    <ele>36.14000000000001</ele>
   </trkpt>
   <trkpt lat="41.9919" lon="3.09728">
    <ele>37.56</ele>
   </trkpt>
   <trkpt lat="41.991780000000006" lon="3.0973">
    <ele>37.56</ele>
   </trkpt>
   <trkpt lat="41.991310000000006" lon="3.0977300000000003">
    <ele>38.650000000000006</ele>
   </trkpt>
   <trkpt lat="41.991040000000005" lon="3.0981300000000003">
    <ele>37.93000000000001</ele>
   </trkpt>
   <trkpt lat="41.990880000000004" lon="3.0986300000000004">
    <ele>36.120000000000005</ele>
   </trkpt>
   <trkpt lat="41.990880000000004" lon="3.0989400000000002">
    <ele>35.29</ele>
   </trkpt>
   <trkpt lat="41.99098" lon="3.0994900000000003">
    <ele>33.5</ele>
   </trkpt>
   <trkpt lat="41.99099500355041" lon="3.1003949995712756">
    <ele>32.440000000000005</ele>
   </trkpt>
   <trkpt lat="41.99101" lon="3.1013">
    <ele>31.71</ele>
   </trkpt>
   <trkpt lat="41.99114" lon="3.1019900000000002">
    <ele>28.03</ele>
   </trkpt>
   <trkpt lat="41.99121" lon="3.10252">
    <ele>24.35</ele>
   </trkpt>
   <trkpt lat="41.99132" lon="3.1028800000000003">
    <ele>20.330000000000002</ele>
   </trkpt>
   <trkpt lat="41.99143500325482" lon="3.1037449984978047">
    <ele>17.34</ele>
   </trkpt>
   <trkpt lat="41.991550000000004" lon="3.10461">
    <ele>16.28</ele>
   </trkpt>
   <trkpt lat="41.99166" lon="3.1057300000000003">
    <ele>15.690000000000003</ele>
   </trkpt>
   <trkpt lat="41.99166" lon="3.1057200000000003">
    <ele>15.700000000000001</ele>
   </trkpt>
   <trkpt lat="41.9917" lon="3.10596">
    <ele>15.47</ele>
   </trkpt>
   <trkpt lat="41.99168" lon="3.1061500000000004">
    <ele>15.47</ele>
   </trkpt>
   <trkpt lat="41.99156000000001" lon="3.1065500000000004">
    <ele>15.500000000000002</ele>
   </trkpt>
   <trkpt lat="41.99152" lon="3.1068300000000004">
    <ele>15.98</ele>
   </trkpt>
   <trkpt lat="41.991510000000005" lon="3.10711">
    <ele>16.19</ele>
   </trkpt>
   <trkpt lat="41.991530000000004" lon="3.1076500000000005">
    <ele>16.380000000000003</ele>
   </trkpt>
   <trkpt lat="41.99161000228688" lon="3.108374999143484">
    <ele>15.850000000000003</ele>
   </trkpt>
   <trkpt lat="41.991690000000006" lon="3.1091">
    <ele>14.700000000000001</ele>
   </trkpt>
   <trkpt lat="41.99143" lon="3.1092100000000005">
    <ele>14.58</ele>
   </trkpt>
   <trkpt lat="41.99105" lon="3.1094500000000003">
    <ele>14.97</ele>
   </trkpt>
   <trkpt lat="41.990990000000004" lon="3.10951">
    <ele>15.160000000000002</ele>
   </trkpt>
   <trkpt lat="41.99089" lon="3.1098000000000003">
    <ele>16.07</ele>
   </trkpt>
   <trkpt lat="41.99085" lon="3.1098500000000002">
    <ele>16.43</ele>
   </trkpt>
   <trkpt lat="41.99036" lon="3.11023">
    <ele>19.250000000000004</ele>
   </trkpt>
   <trkpt lat="41.990260000000006" lon="3.1102600000000002">
    <ele>19.58</ele>
   </trkpt>
   <trkpt lat="41.990230000000004" lon="3.1103400000000003">
    <ele>19.810000000000002</ele>
   </trkpt>
   <trkpt lat="41.99013" lon="3.1104600000000002">
    <ele>19.930000000000003</ele>
   </trkpt>
   <trkpt lat="41.989900000000006" lon="3.11084">
    <ele>19.5</ele>
   </trkpt>
   <trkpt lat="41.989790000000006" lon="3.1109000000000004">
    <ele>19.5</ele>
   </trkpt>
   <trkpt lat="41.98955" lon="3.11093">
    <ele>19.090000000000003</ele>
   </trkpt>
   <trkpt lat="41.989290000000004" lon="3.11086">
    <ele>19.040000000000003</ele>
   </trkpt>
   <trkpt lat="41.98921" lon="3.11126">
    <ele>17.740000000000002</ele>
   </trkpt>
   <trkpt lat="41.989180000000005" lon="3.1124400000000003">
    <ele>15.4</ele>
   </trkpt>
   <trkpt lat="41.98923000160613" lon="3.1130449997409095">
    <ele>14.120000000000001</ele>
   </trkpt>
   <trkpt lat="41.98928" lon="3.1136500000000003">
    <ele>13.8</ele>
   </trkpt>
   <trkpt lat="41.98926" lon="3.11377">
    <ele>13.47</ele>
   </trkpt>
   <trkpt lat="41.989070000000005" lon="3.1140200000000005">
    <ele>13.44</ele>
   </trkpt>
   <trkpt lat="41.98901" lon="3.1141500000000004">
    <ele>13.44</ele>
   </trkpt>
   <trkpt lat="41.989000000000004" lon="3.11431">
    <ele>13.49</ele>
   </trkpt>
   <trkpt lat="41.989020000000004" lon="3.11444">
    <ele>13.49</ele>
   </trkpt>
   <trkpt lat="41.989090000000004" lon="3.11457">
    <ele>13.450000000000001</ele>
   </trkpt>
   <trkpt lat="41.98919" lon="3.11465">
    <ele>13.3</ele>
   </trkpt>
   <trkpt lat="41.989620000174824" lon="3.1149099981720427">
    <ele>13.18</ele>
   </trkpt>
   <trkpt lat="41.990050000000004" lon="3.1151700000000004">
    <ele>13.690000000000001</ele>
   </trkpt>
   <trkpt lat="41.990280000000006" lon="3.1153600000000004">
    <ele>14.31</ele>
   </trkpt>
   <trkpt lat="41.99078" lon="3.1160900000000002">
    <ele>14.46</ele>
   </trkpt>
   <trkpt lat="41.99098" lon="3.11635">
    <ele>13.72</ele>
   </trkpt>
   <trkpt lat="41.991533336900346" lon="3.1169933221193293">
    <ele>12.020000000000001</ele>
   </trkpt>
   <trkpt lat="41.99208667020886" lon="3.1176366554236643">
    <ele>11.44</ele>
   </trkpt>
   <trkpt lat="41.99264" lon="3.1182800000000004">
    <ele>12.540000000000001</ele>
   </trkpt>
   <trkpt lat="41.99277" lon="3.1185500000000004">
    <ele>12.690000000000001</ele>
   </trkpt>
   <trkpt lat="41.99279000000001" lon="3.1187500000000004">
    <ele>12.85</ele>
   </trkpt>
   <trkpt lat="41.992760000000004" lon="3.1191600000000004">
    <ele>13.240000000000002</ele>
   </trkpt>
   <trkpt lat="41.9928" lon="3.1196200000000003">
    <ele>13.940000000000001</ele>
   </trkpt>
   <trkpt lat="41.992930002122556" lon="3.1203199985503374">
    <ele>14.48</ele>
   </trkpt>
   <trkpt lat="41.99306000000001" lon="3.12102">
    <ele>15.05</ele>
   </trkpt>
   <trkpt lat="41.99327" lon="3.1219400000000004">
    <ele>11.46</ele>
   </trkpt>
   <trkpt lat="41.993390000000005" lon="3.1219900000000003">
    <ele>11.46</ele>
   </trkpt>
   <trkpt lat="41.993460000000006" lon="3.1221400000000004">
    <ele>10.610000000000001</ele>
   </trkpt>
   <trkpt lat="41.993280000000006" lon="3.1222700000000003">
    <ele>10.15</ele>
   </trkpt>
   <trkpt lat="41.993170000000006" lon="3.1226100000000003">
    <ele>9.49</ele>
   </trkpt>
   <trkpt lat="41.99282" lon="3.12312">
    <ele>8.190000000000001</ele>
   </trkpt>
   <trkpt lat="41.99238000228431" lon="3.1238500050929447">
    <ele>7.680000000000001</ele>
   </trkpt>
   <trkpt lat="41.99194000000001" lon="3.1245800000000004">
    <ele>7.37</ele>
   </trkpt>
   <trkpt lat="41.991580000000006" lon="3.12487">
    <ele>7.320000000000001</ele>
   </trkpt>
   <trkpt lat="41.99103" lon="3.1251400000000005">
    <ele>7.29</ele>
   </trkpt>
   <trkpt lat="41.9904" lon="3.1255100000000002">
    <ele>6.800000000000001</ele>
   </trkpt>
   <trkpt lat="41.989790000000006" lon="3.12582">
    <ele>6.03</ele>
   </trkpt>
   <trkpt lat="41.989290000000004" lon="3.1261500000000004">
    <ele>5.540000000000001</ele>
   </trkpt>
   <trkpt lat="41.988406667023916" lon="3.126340005263376">
    <ele>5.21</ele>
   </trkpt>
   <trkpt lat="41.98752333373453" lon="3.1265300052538185">
    <ele>5.090000000000001</ele>
   </trkpt>
   <trkpt lat="41.98664" lon="3.12672">
    <ele>5.46</ele>
   </trkpt>
   <trkpt lat="41.98708253152565" lon="3.1277387004357253">
    <ele>4.95</ele>
   </trkpt>
   <trkpt lat="41.98752505404513" lon="3.1287574150338626">
    <ele>4.62</ele>
   </trkpt>
   <trkpt lat="41.98796756755817" lon="3.1297761437945386">
    <ele>4.33</ele>
   </trkpt>
   <trkpt lat="41.98841007206452" lon="3.130794886717884">
    <ele>4.16</ele>
   </trkpt>
   <trkpt lat="41.98885256756389" lon="3.1318136438040263">
    <ele>4.109999999999999</ele>
   </trkpt>
   <trkpt lat="41.98929505405605" lon="3.132832415053093">
    <ele>4.15</ele>
   </trkpt>
   <trkpt lat="41.98973753154071" lon="3.1338512004652146">
    <ele>4.13</ele>
   </trkpt>
   <trkpt lat="41.99018" lon="3.1348700000000003">
    <ele>4.64</ele>
   </trkpt>
   <trkpt lat="41.99031" lon="3.1352800000000003">
    <ele>5.19</ele>
   </trkpt>
   <trkpt lat="41.990400002781854" lon="3.136079998910915">
    <ele>5.090000000000001</ele>
   </trkpt>
   <trkpt lat="41.99049" lon="3.13688">
    <ele>4.9</ele>
   </trkpt>
   <trkpt lat="41.99051000594026" lon="3.138049999645293">
    <ele>5.010000000000001</ele>
   </trkpt>
   <trkpt lat="41.99053000000001" lon="3.1392200000000003">
    <ele>5.3</ele>
   </trkpt>
   <trkpt lat="41.990590000000005" lon="3.13972">
    <ele>5.2</ele>
   </trkpt>
   <trkpt lat="41.990590000000005" lon="3.1397100000000004">
    <ele>5.2</ele>
   </trkpt>
   <trkpt lat="41.99081" lon="3.1408600000000004">
    <ele>4.970000000000001</ele>
   </trkpt>
   <trkpt lat="41.990950000000005" lon="3.1413900000000003">
    <ele>4.96</ele>
   </trkpt>
   <trkpt lat="41.99120500132665" lon="3.1419049982918366">
    <ele>4.59</ele>
   </trkpt>
   <trkpt lat="41.991460000000004" lon="3.1424200000000004">
    <ele>4.59</ele>
   </trkpt>
   <trkpt lat="41.991690000000006" lon="3.14298">
    <ele>4.5</ele>
   </trkpt>
   <trkpt lat="41.99213333841509" lon="3.1437466559534384">
    <ele>4.51</ele>
   </trkpt>
   <trkpt lat="41.99257667172914" lon="3.14451332258663">
    <ele>4.33</ele>
   </trkpt>
   <trkpt lat="41.99302" lon="3.14528">
    <ele>4.32</ele>
   </trkpt>
   <trkpt lat="41.99326000000001" lon="3.1461300000000003">
    <ele>3.94</ele>
   </trkpt>
   <trkpt lat="41.99343251002632" lon="3.1470074928776564">
    <ele>3.9000000000000004</ele>
   </trkpt>
   <trkpt lat="41.99360501337009" lon="3.1478849905118986">
    <ele>4.6000000000000005</ele>
   </trkpt>
   <trkpt lat="41.99377751003128" lon="3.1487624929025984">
    <ele>5.32</ele>
   </trkpt>
   <trkpt lat="41.993950000000005" lon="3.14964">
    <ele>5.82</ele>
   </trkpt>
   <trkpt lat="41.993970000000004" lon="3.1499400000000004">
    <ele>5.74</ele>
   </trkpt>
   <trkpt lat="41.993950000000005" lon="3.1500600000000003">
    <ele>5.73</ele>
   </trkpt>
   <trkpt lat="41.99382000000001" lon="3.15025">
    <ele>5.620000000000001</ele>
   </trkpt>
   <trkpt lat="41.99323000051426" lon="3.150630003594823">
    <ele>5.930000000000001</ele>
   </trkpt>
   <trkpt lat="41.99264" lon="3.1510100000000003">
    <ele>6.140000000000001</ele>
   </trkpt>
   <trkpt lat="41.99253" lon="3.15111">
    <ele>6.32</ele>
   </trkpt>
   <trkpt lat="41.9919050007193" lon="3.1515050038518284">
    <ele>6.5</ele>
   </trkpt>
   <trkpt lat="41.99128" lon="3.1519000000000004">
    <ele>6.72</ele>
   </trkpt>
   <trkpt lat="41.9905260037621" lon="3.1523660220835024">
    <ele>6.83</ele>
   </trkpt>
   <trkpt lat="41.989772005639466" lon="3.1528320331269444">
    <ele>6.750000000000001</ele>
   </trkpt>
   <trkpt lat="41.989018005632204" lon="3.1532980331308513">
    <ele>6.73</ele>
   </trkpt>
   <trkpt lat="41.9882640037404" lon="3.1537640220957504">
    <ele>7.180000000000001</ele>
   </trkpt>
   <trkpt lat="41.98751" lon="3.15423">
    <ele>7.750000000000001</ele>
   </trkpt>
   <trkpt lat="41.9874" lon="3.1542700000000004">
    <ele>7.670000000000001</ele>
   </trkpt>
   <trkpt lat="41.98697000000001" lon="3.1544800000000004">
    <ele>7.51</ele>
   </trkpt>
   <trkpt lat="41.98657" lon="3.1546200000000004">
    <ele>7.840000000000002</ele>
   </trkpt>
   <trkpt lat="41.98619" lon="3.1546800000000004">
    <ele>8.270000000000001</ele>
   </trkpt>
   <trkpt lat="41.98579" lon="3.1546900000000004">
    <ele>8.46</ele>
   </trkpt>
   <trkpt lat="41.98541" lon="3.15464">
    <ele>9.21</ele>
   </trkpt>
   <trkpt lat="41.984970000000004" lon="3.1545400000000003">
    <ele>10.030000000000001</ele>
   </trkpt>
   <trkpt lat="41.98431666712492" lon="3.1543066618729045">
    <ele>10.620000000000001</ele>
   </trkpt>
   <trkpt lat="41.983663333777336" lon="3.1540733285345532">
    <ele>11.1</ele>
   </trkpt>
   <trkpt lat="41.98301" lon="3.15384">
    <ele>11.3</ele>
   </trkpt>
   <trkpt lat="41.983000000000004" lon="3.15384">
    <ele>11.3</ele>
   </trkpt>
   <trkpt lat="41.982337500701824" lon="3.153604992658663">
    <ele>11.38</ele>
   </trkpt>
   <trkpt lat="41.98167500092437" lon="3.153369990207654">
    <ele>11.47</ele>
   </trkpt>
   <trkpt lat="41.98101250066765" lon="3.1531349926467622">
    <ele>11.53</ele>
   </trkpt>
   <trkpt lat="41.98035" lon="3.1529000000000003">
    <ele>11.860000000000001</ele>
   </trkpt>
   <trkpt lat="41.98038500173815" lon="3.153529999940979">
    <ele>12.98</ele>
   </trkpt>
   <trkpt lat="41.98042" lon="3.15416">
    <ele>15.64</ele>
   </trkpt>
   <trkpt lat="41.98044" lon="3.15438">
    <ele>15.940000000000003</ele>
   </trkpt>
   <trkpt lat="41.98049" lon="3.1544800000000004">
    <ele>16.380000000000003</ele>
   </trkpt>
   <trkpt lat="41.98055" lon="3.15472">
    <ele>17.2</ele>
   </trkpt>
   <trkpt lat="41.98058" lon="3.15531">
    <ele>19.62</ele>
   </trkpt>
   <trkpt lat="41.980560000000004" lon="3.15552">
    <ele>20.86</ele>
   </trkpt>
   <trkpt lat="41.980470000000004" lon="3.1556200000000003">
    <ele>20.86</ele>
   </trkpt>
   <trkpt lat="41.980250000000005" lon="3.1557800000000005">
    <ele>23.700000000000003</ele>
   </trkpt>
   <trkpt lat="41.98037" lon="3.15681">
    <ele>26.580000000000002</ele>
   </trkpt>
   <trkpt lat="41.9798950002942" lon="3.1570600018527393">
    <ele>27.94</ele>
   </trkpt>
   <trkpt lat="41.979420000000005" lon="3.1573100000000003">
    <ele>29.32</ele>
   </trkpt>
   <trkpt lat="41.978860000000005" lon="3.1575900000000003">
    <ele>30.770000000000003</ele>
   </trkpt>
   <trkpt lat="41.978750000000005" lon="3.1577100000000002">
    <ele>30.88</ele>
   </trkpt>
   <trkpt lat="41.978680000000004" lon="3.1579400000000004">
    <ele>31.3</ele>
   </trkpt>
   <trkpt lat="41.97872" lon="3.1583400000000004">
    <ele>31.55</ele>
   </trkpt>
   <trkpt lat="41.97871000000001" lon="3.1584900000000005">
    <ele>31.82</ele>
   </trkpt>
   <trkpt lat="41.97867" lon="3.15871">
    <ele>32.46</ele>
   </trkpt>
   <trkpt lat="41.97854" lon="3.15897">
    <ele>33.580000000000005</ele>
   </trkpt>
   <trkpt lat="41.97838" lon="3.1591400000000003">
    <ele>34.78</ele>
   </trkpt>
   <trkpt lat="41.9782" lon="3.1592200000000004">
    <ele>36.33</ele>
   </trkpt>
   <trkpt lat="41.97786000000001" lon="3.15918">
    <ele>36.50000000000001</ele>
   </trkpt>
   <trkpt lat="41.97798" lon="3.1594">
    <ele>36.37</ele>
   </trkpt>
   <trkpt lat="41.978010000000005" lon="3.15951">
    <ele>36.37</ele>
   </trkpt>
   <trkpt lat="41.97807" lon="3.15959">
    <ele>36.39000000000001</ele>
   </trkpt>
   <trkpt lat="41.978120000000004" lon="3.1596">
    <ele>36.39000000000001</ele>
   </trkpt>
   <trkpt lat="41.978170000000006" lon="3.1598200000000003">
    <ele>36.730000000000004</ele>
   </trkpt>
   <trkpt lat="41.97818" lon="3.1599000000000004">
    <ele>36.92</ele>
   </trkpt>
   <trkpt lat="41.97805" lon="3.15992">
    <ele>36.81</ele>
   </trkpt>
   <trkpt lat="41.977380000000004" lon="3.16048">
    <ele>38.580000000000005</ele>
   </trkpt>
   <trkpt lat="41.97730000000001" lon="3.1604900000000002">
    <ele>38.77</ele>
   </trkpt>
   <trkpt lat="41.976980000000005" lon="3.1604200000000002">
    <ele>39.02</ele>
   </trkpt>
   <trkpt lat="41.97683000000001" lon="3.1603000000000003">
    <ele>39.39</ele>
   </trkpt>
   <trkpt lat="41.976670000000006" lon="3.1601000000000004">
    <ele>40.010000000000005</ele>
   </trkpt>
   <trkpt lat="41.97659" lon="3.16006">
    <ele>40.31</ele>
   </trkpt>
   <trkpt lat="41.976490000000005" lon="3.1600800000000002">
    <ele>40.85</ele>
   </trkpt>
   <trkpt lat="41.976290000000006" lon="3.16019">
    <ele>41.470000000000006</ele>
   </trkpt>
   <trkpt lat="41.976000000000006" lon="3.1605100000000004">
    <ele>43.88</ele>
   </trkpt>
   <trkpt lat="41.975730000000006" lon="3.1607700000000003">
    <ele>44.64000000000001</ele>
   </trkpt>
   <trkpt lat="41.97532000049619" lon="3.161130002375612">
    <ele>46.64</ele>
   </trkpt>
   <trkpt lat="41.97491" lon="3.16149">
    <ele>49.63000000000001</ele>
   </trkpt>
   <trkpt lat="41.97477000000001" lon="3.16157">
    <ele>50.46</ele>
   </trkpt>
   <trkpt lat="41.974540000000005" lon="3.1617200000000003">
    <ele>51.67000000000001</ele>
   </trkpt>
   <trkpt lat="41.97381" lon="3.16195">
    <ele>53.300000000000004</ele>
   </trkpt>
   <trkpt lat="41.973670000000006" lon="3.16217">
    <ele>53.21000000000001</ele>
   </trkpt>
   <trkpt lat="41.97348" lon="3.1623900000000003">
    <ele>53.21000000000001</ele>
   </trkpt>
   <trkpt lat="41.973220000000005" lon="3.16263">
    <ele>53.52</ele>
   </trkpt>
   <trkpt lat="41.97312" lon="3.1627500000000004">
    <ele>54.1</ele>
   </trkpt>
   <trkpt lat="41.973060000000004" lon="3.16291">
    <ele>54.1</ele>
   </trkpt>
   <trkpt lat="41.97303" lon="3.16306">
    <ele>54.36000000000001</ele>
   </trkpt>
   <trkpt lat="41.97305" lon="3.1632300000000004">
    <ele>54.480000000000004</ele>
   </trkpt>
   <trkpt lat="41.973420000000004" lon="3.1641600000000003">
    <ele>56.370000000000005</ele>
   </trkpt>
   <trkpt lat="41.973420000000004" lon="3.1643100000000004">
    <ele>56.88</ele>
   </trkpt>
   <trkpt lat="41.97337" lon="3.1644300000000003">
    <ele>57.53</ele>
   </trkpt>
   <trkpt lat="41.97326" lon="3.16453">
    <ele>59.010000000000005</ele>
   </trkpt>
   <trkpt lat="41.972930000000005" lon="3.16475">
    <ele>60.75000000000001</ele>
   </trkpt>
   <trkpt lat="41.97256" lon="3.1651900000000004">
    <ele>63.9</ele>
   </trkpt>
   <trkpt lat="41.97243" lon="3.1654700000000005">
    <ele>67.43</ele>
   </trkpt>
   <trkpt lat="41.97213000104267" lon="3.1659650023652017">
    <ele>70.83</ele>
   </trkpt>
   <trkpt lat="41.971830000000004" lon="3.1664600000000003">
    <ele>75.22000000000001</ele>
   </trkpt>
   <trkpt lat="41.97169" lon="3.16691">
    <ele>78.88000000000001</ele>
   </trkpt>
   <trkpt lat="41.97155" lon="3.1672300000000004">
    <ele>81.05000000000001</ele>
   </trkpt>
   <trkpt lat="41.971360000000004" lon="3.16753">
    <ele>84.27000000000001</ele>
   </trkpt>
   <trkpt lat="41.97101000000001" lon="3.1682300000000003">
    <ele>88.22</ele>
   </trkpt>
   <trkpt lat="41.970890000000004" lon="3.16834">
    <ele>88.85000000000001</ele>
   </trkpt>
   <trkpt lat="41.97073" lon="3.16841">
    <ele>88.97</ele>
   </trkpt>
   <trkpt lat="41.97048" lon="3.1686300000000003">
    <ele>88.35000000000001</ele>
   </trkpt>
   <trkpt lat="41.970380000000006" lon="3.1687800000000004">
    <ele>87.8</ele>
   </trkpt>
   <trkpt lat="41.970270000000006" lon="3.1690600000000004">
    <ele>87.06000000000002</ele>
   </trkpt>
   <trkpt lat="41.97001" lon="3.1701400000000004">
    <ele>86.36</ele>
   </trkpt>
   <trkpt lat="41.970000000000006" lon="3.1702600000000003">
    <ele>86.59</ele>
   </trkpt>
   <trkpt lat="41.96988" lon="3.1706900000000005">
    <ele>85.38000000000001</ele>
   </trkpt>
   <trkpt lat="41.96983" lon="3.17099">
    <ele>84.43</ele>
   </trkpt>
  </trkseg>
 </trk>
</gpx>
