<?xml version="1.0" encoding="UTF-8"?>
<gpx creator="StravaGPX" version="1.1" xmlns="http://www.topografix.com/GPX/1/1" xmlns:xsi="http://www.w3.org/2001/XMLSchema-instance" xsi:schemaLocation="http://www.topografix.com/GPX/1/1 http://www.topografix.com/GPX/1/1/gpx.xsd">
 <metadata>
  <name>Ses Garites - Petit Carrilet</name>
  <author>
   <name>Carl Gort</name>
   <link href="https://www.strava.com/athletes/22107721"/>
  </author>
  <copyright author="OpenStreetMap contributors">
   <year>2020</year>
   <license>https://www.openstreetmap.org/copyright</license>
  </copyright>
  <link href="https://www.strava.com/routes/3506268396526480534"/>
 </metadata>
 <trk>
  <name>Ses Garites - Petit Carrilet</name>
  <link href="https://www.strava.com/routes/3506268396526480534"/>
  <type>cycling</type>
  <trkseg>
   <trkpt lat="41.969840000000005" lon="3.17179">
    <ele>83.34</ele>
   </trkpt>
   <trkpt lat="41.969800000000006" lon="3.1721800000000004">
    <ele>83.4</ele>
   </trkpt>
   <trkpt lat="41.969660000000005" lon="3.1721500000000002">
    <ele>82.60000000000001</ele>
   </trkpt>
   <trkpt lat="41.969550000000005" lon="3.1720800000000002">
    <ele>81.84</ele>
   </trkpt>
   <trkpt lat="41.96947" lon="3.1721600000000003">
    <ele>81.41000000000001</ele>
   </trkpt>
   <trkpt lat="41.96932" lon="3.1722400000000004">
    <ele>80.62</ele>
   </trkpt>
   <trkpt lat="41.969030000000004" lon="3.1722">
    <ele>78.39</ele>
   </trkpt>
   <trkpt lat="41.968920000000004" lon="3.1722500000000005">
    <ele>78.04</ele>
   </trkpt>
   <trkpt lat="41.96884" lon="3.1723800000000004">
    <ele>77.97000000000001</ele>
   </trkpt>
   <trkpt lat="41.968810000000005" lon="3.1725000000000003">
    <ele>78.02000000000001</ele>
   </trkpt>
   <trkpt lat="41.96869" lon="3.17275">
    <ele>80.36</ele>
   </trkpt>
   <trkpt lat="41.96858" lon="3.1728600000000005">
    <ele>81.14999999999999</ele>
   </trkpt>
   <trkpt lat="41.96847" lon="3.1729300000000005">
    <ele>81.57000000000001</ele>
   </trkpt>
   <trkpt lat="41.96837" lon="3.17295">
    <ele>81.7</ele>
   </trkpt>
   <trkpt lat="41.968210000000006" lon="3.1730300000000002">
    <ele>81.67</ele>
   </trkpt>
   <trkpt lat="41.967960000000005" lon="3.1731000000000003">
    <ele>80.89</ele>
   </trkpt>
   <trkpt lat="41.967780000000005" lon="3.1732500000000003">
    <ele>80.17</ele>
   </trkpt>
   <trkpt lat="41.96766" lon="3.17341">
    <ele>79.83000000000001</ele>
   </trkpt>
   <trkpt lat="41.96745000000001" lon="3.1736000000000004">
    <ele>79.56</ele>
   </trkpt>
   <trkpt lat="41.96735" lon="3.17375">
    <ele>79.53</ele>
   </trkpt>
   <trkpt lat="41.967200000000005" lon="3.1741200000000003">
    <ele>79.67999999999999</ele>
   </trkpt>
   <trkpt lat="41.96701" lon="3.1744600000000003">
    <ele>80.05000000000001</ele>
   </trkpt>
   <trkpt lat="41.96696" lon="3.1745500000000004">
    <ele>79.97000000000001</ele>
   </trkpt>
   <trkpt lat="41.96685" lon="3.17464">
    <ele>79.91000000000001</ele>
   </trkpt>
   <trkpt lat="41.96663" lon="3.17464">
    <ele>79.48</ele>
   </trkpt>
   <trkpt lat="41.96627" lon="3.17457">
    <ele>80.31</ele>
   </trkpt>
   <trkpt lat="41.9657200001703" lon="3.17466500079747">
    <ele>81.78</ele>
   </trkpt>
   <trkpt lat="41.96517" lon="3.1747600000000005">
    <ele>83.21000000000001</ele>
   </trkpt>
   <trkpt lat="41.96468" lon="3.17504">
    <ele>83.55000000000001</ele>
   </trkpt>
   <trkpt lat="41.964290000000005" lon="3.17519">
    <ele>86.11</ele>
   </trkpt>
   <trkpt lat="41.964180000000006" lon="3.1756200000000003">
    <ele>88.19</ele>
   </trkpt>
   <trkpt lat="41.964090000000006" lon="3.1756800000000003">
    <ele>88.98</ele>
   </trkpt>
   <trkpt lat="41.96388" lon="3.1756900000000003">
    <ele>91.07000000000001</ele>
   </trkpt>
   <trkpt lat="41.963820000000005" lon="3.1757000000000004">
    <ele>92.19000000000001</ele>
   </trkpt>
   <trkpt lat="41.9637" lon="3.1757700000000004">
    <ele>93.00000000000001</ele>
   </trkpt>
   <trkpt lat="41.963640000000005" lon="3.17586">
    <ele>93.67</ele>
   </trkpt>
   <trkpt lat="41.96341" lon="3.17668">
    <ele>96.21000000000001</ele>
   </trkpt>
   <trkpt lat="41.96303" lon="3.1769700000000003">
    <ele>99.85000000000001</ele>
   </trkpt>
   <trkpt lat="41.96246999993959" lon="3.1771850019897903">
    <ele>103.56000000000002</ele>
   </trkpt>
   <trkpt lat="41.96191" lon="3.1774000000000004">
    <ele>107.98</ele>
   </trkpt>
   <trkpt lat="41.961510000000004" lon="3.1776000000000004">
    <ele>113.33000000000001</ele>
   </trkpt>
   <trkpt lat="41.96146" lon="3.17776">
    <ele>113.7</ele>
   </trkpt>
   <trkpt lat="41.96146" lon="3.17822">
    <ele>114.85000000000001</ele>
   </trkpt>
   <trkpt lat="41.96139" lon="3.17837">
    <ele>114.85000000000001</ele>
   </trkpt>
   <trkpt lat="41.961130000000004" lon="3.1786800000000004">
    <ele>114.71000000000001</ele>
   </trkpt>
   <trkpt lat="41.960950000000004" lon="3.1790300000000005">
    <ele>113.94000000000001</ele>
   </trkpt>
   <trkpt lat="41.96076" lon="3.1793400000000003">
    <ele>112.66000000000001</ele>
   </trkpt>
   <trkpt lat="41.96060000000001" lon="3.1794900000000004">
    <ele>111.03</ele>
   </trkpt>
   <trkpt lat="41.959900000000005" lon="3.1798800000000003">
    <ele>106.52</ele>
   </trkpt>
   <trkpt lat="41.959520000000005" lon="3.17979">
    <ele>103.89000000000001</ele>
   </trkpt>
   <trkpt lat="41.95894500017522" lon="3.1794999972876314">
    <ele>100.86</ele>
   </trkpt>
   <trkpt lat="41.95837" lon="3.1792100000000003">
    <ele>96.53</ele>
   </trkpt>
   <trkpt lat="41.958020000000005" lon="3.17965">
    <ele>92.01</ele>
   </trkpt>
   <trkpt lat="41.957570000000004" lon="3.1798300000000004">
    <ele>90.76</ele>
   </trkpt>
   <trkpt lat="41.95705" lon="3.17967">
    <ele>89.55</ele>
   </trkpt>
   <trkpt lat="41.95618" lon="3.1795600000000004">
    <ele>84.89</ele>
   </trkpt>
   <trkpt lat="41.95555" lon="3.1793000000000005">
    <ele>81.66000000000001</ele>
   </trkpt>
   <trkpt lat="41.95532" lon="3.1785500000000004">
    <ele>79.15</ele>
   </trkpt>
   <trkpt lat="41.95516000000001" lon="3.17843">
    <ele>78.80000000000001</ele>
   </trkpt>
   <trkpt lat="41.95516000000001" lon="3.1784200000000005">
    <ele>78.77000000000001</ele>
   </trkpt>
   <trkpt lat="41.954800000000006" lon="3.1781500000000005">
    <ele>77.94000000000001</ele>
   </trkpt>
   <trkpt lat="41.95452" lon="3.1776000000000004">
    <ele>77.71</ele>
   </trkpt>
   <trkpt lat="41.95401500006374" lon="3.1774449987594635">
    <ele>75.36000000000001</ele>
   </trkpt>
   <trkpt lat="41.95351" lon="3.17729">
    <ele>74.42</ele>
   </trkpt>
   <trkpt lat="41.95337000000001" lon="3.17707">
    <ele>74.11000000000001</ele>
   </trkpt>
   <trkpt lat="41.95293333674631" lon="3.176446658185074">
    <ele>71.58</ele>
   </trkpt>
   <trkpt lat="41.95249667012105" lon="3.175823324910954">
    <ele>69.98</ele>
   </trkpt>
   <trkpt lat="41.95206" lon="3.1752000000000002">
    <ele>69.41</ele>
   </trkpt>
   <trkpt lat="41.95194" lon="3.17491">
    <ele>68.88000000000001</ele>
   </trkpt>
   <trkpt lat="41.95188" lon="3.1746900000000005">
    <ele>68.81</ele>
   </trkpt>
   <trkpt lat="41.951840000000004" lon="3.17477">
    <ele>67.12</ele>
   </trkpt>
   <trkpt lat="41.95186" lon="3.1750000000000003">
    <ele>66.41000000000001</ele>
   </trkpt>
   <trkpt lat="41.95178000000001" lon="3.17512">
    <ele>65.75</ele>
   </trkpt>
   <trkpt lat="41.951730000000005" lon="3.17512">
    <ele>65.66000000000001</ele>
   </trkpt>
   <trkpt lat="41.951510000000006" lon="3.1749">
    <ele>65.88000000000001</ele>
   </trkpt>
   <trkpt lat="41.951440000000005" lon="3.17485">
    <ele>66.15</ele>
   </trkpt>
   <trkpt lat="41.951350000000005" lon="3.1748100000000004">
    <ele>66.49000000000001</ele>
   </trkpt>
   <trkpt lat="41.951060000000005" lon="3.1748000000000003">
    <ele>67.9</ele>
   </trkpt>
   <trkpt lat="41.95033" lon="3.1748700000000003">
    <ele>72.33</ele>
   </trkpt>
   <trkpt lat="41.949830000000006" lon="3.1749600000000004">
    <ele>73.55</ele>
   </trkpt>
   <trkpt lat="41.9497" lon="3.1750100000000003">
    <ele>72.95</ele>
   </trkpt>
   <trkpt lat="41.94948" lon="3.1751300000000002">
    <ele>69.89</ele>
   </trkpt>
   <trkpt lat="41.949070000000006" lon="3.17524">
    <ele>68.29</ele>
   </trkpt>
   <trkpt lat="41.948930000000004" lon="3.17526">
    <ele>68.02000000000001</ele>
   </trkpt>
   <trkpt lat="41.948840000000004" lon="3.17525">
    <ele>67.79</ele>
   </trkpt>
   <trkpt lat="41.948730000000005" lon="3.17519">
    <ele>67.79</ele>
   </trkpt>
   <trkpt lat="41.94865" lon="3.1750900000000004">
    <ele>67.72</ele>
   </trkpt>
   <trkpt lat="41.948550000000004" lon="3.1748200000000004">
    <ele>67.60000000000001</ele>
   </trkpt>
   <trkpt lat="41.948280000000004" lon="3.1746900000000005">
    <ele>69.83</ele>
   </trkpt>
   <trkpt lat="41.94803" lon="3.1745400000000004">
    <ele>71.68</ele>
   </trkpt>
   <trkpt lat="41.94759500018936" lon="3.174239997814267">
    <ele>70.97</ele>
   </trkpt>
   <trkpt lat="41.947160000000004" lon="3.1739400000000004">
    <ele>73.46000000000001</ele>
   </trkpt>
   <trkpt lat="41.94717000000001" lon="3.17395">
    <ele>73.46000000000001</ele>
   </trkpt>
   <trkpt lat="41.94695" lon="3.1738000000000004">
    <ele>73.86000000000001</ele>
   </trkpt>
   <trkpt lat="41.946720000000006" lon="3.1736000000000004">
    <ele>73.16</ele>
   </trkpt>
   <trkpt lat="41.94642" lon="3.1734600000000004">
    <ele>72.55</ele>
   </trkpt>
   <trkpt lat="41.94624" lon="3.1733000000000002">
    <ele>72.37</ele>
   </trkpt>
   <trkpt lat="41.946020000000004" lon="3.1731900000000004">
    <ele>72.19</ele>
   </trkpt>
   <trkpt lat="41.945690000000006" lon="3.17321">
    <ele>72.64000000000001</ele>
   </trkpt>
   <trkpt lat="41.9453" lon="3.1731000000000003">
    <ele>74.35</ele>
   </trkpt>
   <trkpt lat="41.945100000000004" lon="3.1729600000000002">
    <ele>74.26</ele>
   </trkpt>
   <trkpt lat="41.94465" lon="3.1726900000000002">
    <ele>73.35000000000001</ele>
   </trkpt>
   <trkpt lat="41.944370000000006" lon="3.1724200000000002">
    <ele>72.37</ele>
   </trkpt>
   <trkpt lat="41.94406" lon="3.1718800000000003">
    <ele>68.7</ele>
   </trkpt>
   <trkpt lat="41.94395" lon="3.17165">
    <ele>67.24000000000001</ele>
   </trkpt>
   <trkpt lat="41.94361000000001" lon="3.17063">
    <ele>58.78</ele>
   </trkpt>
   <trkpt lat="41.943380000000005" lon="3.17079">
    <ele>58.75</ele>
   </trkpt>
   <trkpt lat="41.94306" lon="3.17111">
    <ele>58.56000000000001</ele>
   </trkpt>
   <trkpt lat="41.942820000000005" lon="3.1712900000000004">
    <ele>58.09</ele>
   </trkpt>
   <trkpt lat="41.9427" lon="3.17126">
    <ele>57.410000000000004</ele>
   </trkpt>
   <trkpt lat="41.942330000000005" lon="3.1712100000000003">
    <ele>55.85</ele>
   </trkpt>
   <trkpt lat="41.942040000000006" lon="3.1712200000000004">
    <ele>55.56</ele>
   </trkpt>
   <trkpt lat="41.941880000000005" lon="3.1711000000000005">
    <ele>54.86000000000001</ele>
   </trkpt>
   <trkpt lat="41.94158" lon="3.1706700000000003">
    <ele>53.62</ele>
   </trkpt>
   <trkpt lat="41.94131500164563" lon="3.170044997286754">
    <ele>52.910000000000004</ele>
   </trkpt>
   <trkpt lat="41.941050000000004" lon="3.16942">
    <ele>51.78000000000001</ele>
   </trkpt>
   <trkpt lat="41.940900000000006" lon="3.1692500000000003">
    <ele>52.31</ele>
   </trkpt>
   <trkpt lat="41.94075" lon="3.1692700000000005">
    <ele>52.980000000000004</ele>
   </trkpt>
   <trkpt lat="41.94046" lon="3.16942">
    <ele>54.330000000000005</ele>
   </trkpt>
   <trkpt lat="41.940110000000004" lon="3.1696400000000002">
    <ele>55.690000000000005</ele>
   </trkpt>
   <trkpt lat="41.939530000000005" lon="3.1700600000000003">
    <ele>56.74</ele>
   </trkpt>
   <trkpt lat="41.93894" lon="3.17043">
    <ele>58.07</ele>
   </trkpt>
   <trkpt lat="41.938590000000005" lon="3.17036">
    <ele>57.81000000000001</ele>
   </trkpt>
   <trkpt lat="41.93844" lon="3.1702500000000002">
    <ele>57.84</ele>
   </trkpt>
   <trkpt lat="41.93804" lon="3.17024">
    <ele>58.43</ele>
   </trkpt>
   <trkpt lat="41.93802" lon="3.17024">
    <ele>58.480000000000004</ele>
   </trkpt>
   <trkpt lat="41.937580000000004" lon="3.17023">
    <ele>58.940000000000005</ele>
   </trkpt>
   <trkpt lat="41.93688" lon="3.1701500000000005">
    <ele>58.46</ele>
   </trkpt>
   <trkpt lat="41.93677" lon="3.17029">
    <ele>58.46</ele>
   </trkpt>
   <trkpt lat="41.9367" lon="3.1703500000000004">
    <ele>58.46</ele>
   </trkpt>
   <trkpt lat="41.93663" lon="3.17038">
    <ele>58.46</ele>
   </trkpt>
   <trkpt lat="41.936240000000005" lon="3.1704100000000004">
    <ele>58.46</ele>
   </trkpt>
   <trkpt lat="41.93618" lon="3.17044">
    <ele>58.46</ele>
   </trkpt>
   <trkpt lat="41.9361" lon="3.1705200000000002">
    <ele>58.46</ele>
   </trkpt>
   <trkpt lat="41.935930000000006" lon="3.1708600000000002">
    <ele>58.46</ele>
   </trkpt>
   <trkpt lat="41.935900000000004" lon="3.17097">
    <ele>73.28000000000002</ele>
   </trkpt>
   <trkpt lat="41.93587" lon="3.1712700000000003">
    <ele>73.28000000000002</ele>
   </trkpt>
   <trkpt lat="41.93585" lon="3.17133">
    <ele>73.28000000000002</ele>
   </trkpt>
   <trkpt lat="41.93578" lon="3.1714">
    <ele>73.28000000000002</ele>
   </trkpt>
   <trkpt lat="41.9352" lon="3.1718300000000004">
    <ele>73.28000000000002</ele>
   </trkpt>
   <trkpt lat="41.935050000000004" lon="3.1718900000000003">
    <ele>73.28000000000002</ele>
   </trkpt>
   <trkpt lat="41.93486" lon="3.17192">
    <ele>73.28000000000002</ele>
   </trkpt>
   <trkpt lat="41.93455" lon="3.1720900000000003">
    <ele>73.28000000000002</ele>
   </trkpt>
   <trkpt lat="41.934430000000006" lon="3.17214">
    <ele>73.28000000000002</ele>
   </trkpt>
   <trkpt lat="41.93432000000001" lon="3.1721600000000003">
    <ele>73.28000000000002</ele>
   </trkpt>
   <trkpt lat="41.9341" lon="3.1721000000000004">
    <ele>73.28000000000002</ele>
   </trkpt>
   <trkpt lat="41.933980000000005" lon="3.1720900000000003">
    <ele>73.28000000000002</ele>
   </trkpt>
   <trkpt lat="41.933640000000004" lon="3.17212">
    <ele>69.63000000000001</ele>
   </trkpt>
   <trkpt lat="41.933350000000004" lon="3.1721100000000004">
    <ele>69.63000000000001</ele>
   </trkpt>
   <trkpt lat="41.93298" lon="3.1722900000000003">
    <ele>69.63000000000001</ele>
   </trkpt>
   <trkpt lat="41.93285" lon="3.17233">
    <ele>69.63000000000001</ele>
   </trkpt>
   <trkpt lat="41.932520000000004" lon="3.1723800000000004">
    <ele>69.63000000000001</ele>
   </trkpt>
   <trkpt lat="41.9322" lon="3.1723800000000004">
    <ele>69.63000000000001</ele>
   </trkpt>
   <trkpt lat="41.93213" lon="3.17239">
    <ele>69.62</ele>
   </trkpt>
   <trkpt lat="41.931990000000006" lon="3.1724300000000003">
    <ele>69.18</ele>
   </trkpt>
   <trkpt lat="41.93184" lon="3.1724300000000003">
    <ele>69.18</ele>
   </trkpt>
   <trkpt lat="41.931700000000006" lon="3.17273">
    <ele>70.79</ele>
   </trkpt>
   <trkpt lat="41.93149000129898" lon="3.1732900020076884">
    <ele>75.22000000000001</ele>
   </trkpt>
   <trkpt lat="41.93128" lon="3.1738500000000003">
    <ele>73.71000000000001</ele>
   </trkpt>
   <trkpt lat="41.931180000000005" lon="3.1740500000000003">
    <ele>72.96000000000001</ele>
   </trkpt>
   <trkpt lat="41.931160000000006" lon="3.1740500000000003">
    <ele>72.96000000000001</ele>
   </trkpt>
   <trkpt lat="41.931110000000004" lon="3.1741800000000002">
    <ele>71.74000000000001</ele>
   </trkpt>
   <trkpt lat="41.931140000000006" lon="3.1742100000000004">
    <ele>71.74000000000001</ele>
   </trkpt>
   <trkpt lat="41.9309" lon="3.17437">
    <ele>68.76</ele>
   </trkpt>
   <trkpt lat="41.93077" lon="3.1744100000000004">
    <ele>68.76</ele>
   </trkpt>
   <trkpt lat="41.9307" lon="3.1744000000000003">
    <ele>67.78</ele>
   </trkpt>
   <trkpt lat="41.930690000000006" lon="3.1744000000000003">
    <ele>67.78</ele>
   </trkpt>
   <trkpt lat="41.930460000000004" lon="3.1744000000000003">
    <ele>66.34</ele>
   </trkpt>
   <trkpt lat="41.93032" lon="3.17443">
    <ele>65.50999999999999</ele>
   </trkpt>
   <trkpt lat="41.93027" lon="3.1748000000000003">
    <ele>66.10000000000001</ele>
   </trkpt>
   <trkpt lat="41.93025" lon="3.17485">
    <ele>66.57000000000001</ele>
   </trkpt>
   <trkpt lat="41.93009000000001" lon="3.17492">
    <ele>67.2</ele>
   </trkpt>
   <trkpt lat="41.930060000000005" lon="3.1750000000000003">
    <ele>67.04</ele>
   </trkpt>
   <trkpt lat="41.930020000000006" lon="3.1752900000000004">
    <ele>69.69</ele>
   </trkpt>
   <trkpt lat="41.93000000000001" lon="3.1754800000000003">
    <ele>71.18</ele>
   </trkpt>
   <trkpt lat="41.92996" lon="3.17553">
    <ele>71.59</ele>
   </trkpt>
   <trkpt lat="41.9299" lon="3.1755600000000004">
    <ele>71.96000000000001</ele>
   </trkpt>
   <trkpt lat="41.92944000000001" lon="3.1756900000000003">
    <ele>75.54</ele>
   </trkpt>
   <trkpt lat="41.929300000000005" lon="3.1760800000000002">
    <ele>78.27000000000001</ele>
   </trkpt>
   <trkpt lat="41.92927" lon="3.17613">
    <ele>78.27000000000001</ele>
   </trkpt>
   <trkpt lat="41.92906000000001" lon="3.17628">
    <ele>78.36000000000001</ele>
   </trkpt>
   <trkpt lat="41.929" lon="3.17641">
    <ele>78.15</ele>
   </trkpt>
   <trkpt lat="41.928990000000006" lon="3.1765600000000003">
    <ele>78.13000000000001</ele>
   </trkpt>
   <trkpt lat="41.929100000000005" lon="3.17675">
    <ele>78.49000000000001</ele>
   </trkpt>
   <trkpt lat="41.929210000000005" lon="3.1767000000000003">
    <ele>78.80000000000001</ele>
   </trkpt>
   <trkpt lat="41.929260000000006" lon="3.17675">
    <ele>79.06</ele>
   </trkpt>
   <trkpt lat="41.929260000000006" lon="3.17682">
    <ele>79.35000000000001</ele>
   </trkpt>
   <trkpt lat="41.929280000000006" lon="3.17687">
    <ele>79.99000000000001</ele>
   </trkpt>
   <trkpt lat="41.929260000000006" lon="3.17689">
    <ele>79.99000000000001</ele>
   </trkpt>
   <trkpt lat="41.92925" lon="3.17742">
    <ele>81.14</ele>
   </trkpt>
   <trkpt lat="41.92927" lon="3.17775">
    <ele>81.67</ele>
   </trkpt>
   <trkpt lat="41.92934" lon="3.1780000000000004">
    <ele>82.52000000000001</ele>
   </trkpt>
   <trkpt lat="41.92934" lon="3.1780800000000005">
    <ele>82.77000000000001</ele>
   </trkpt>
   <trkpt lat="41.92929" lon="3.1782000000000004">
    <ele>83.34</ele>
   </trkpt>
   <trkpt lat="41.92924" lon="3.17822">
    <ele>83.96000000000001</ele>
   </trkpt>
   <trkpt lat="41.929210000000005" lon="3.1782100000000004">
    <ele>83.96000000000001</ele>
   </trkpt>
   <trkpt lat="41.929500000000004" lon="3.1789">
    <ele>85.03</ele>
   </trkpt>
   <trkpt lat="41.929550000000006" lon="3.1789300000000003">
    <ele>85.03</ele>
   </trkpt>
   <trkpt lat="41.929680000000005" lon="3.17912">
    <ele>86.07000000000001</ele>
   </trkpt>
   <trkpt lat="41.92982000000001" lon="3.1791500000000004">
    <ele>86.29</ele>
   </trkpt>
   <trkpt lat="41.93034" lon="3.17904">
    <ele>88.0</ele>
   </trkpt>
   <trkpt lat="41.93061" lon="3.17906">
    <ele>90.17000000000002</ele>
   </trkpt>
   <trkpt lat="41.930780000000006" lon="3.1791600000000004">
    <ele>91.38</ele>
   </trkpt>
   <trkpt lat="41.930910000000004" lon="3.1794800000000003">
    <ele>93.44000000000001</ele>
   </trkpt>
   <trkpt lat="41.931140000000006" lon="3.18034">
    <ele>95.99000000000001</ele>
   </trkpt>
   <trkpt lat="41.931140000000006" lon="3.18033">
    <ele>95.97000000000001</ele>
   </trkpt>
   <trkpt lat="41.931200000000004" lon="3.18054">
    <ele>96.87</ele>
   </trkpt>
   <trkpt lat="41.931200000000004" lon="3.1809000000000003">
    <ele>98.17</ele>
   </trkpt>
   <trkpt lat="41.93124" lon="3.18122">
    <ele>100.25</ele>
   </trkpt>
   <trkpt lat="41.931430000000006" lon="3.18195">
    <ele>105.61000000000001</ele>
   </trkpt>
   <trkpt lat="41.93153" lon="3.1825300000000003">
    <ele>110.18</ele>
   </trkpt>
   <trkpt lat="41.93150000000001" lon="3.1828600000000002">
    <ele>112.44000000000001</ele>
   </trkpt>
   <trkpt lat="41.931110000000004" lon="3.1834800000000003">
    <ele>115.61</ele>
   </trkpt>
   <trkpt lat="41.930980000000005" lon="3.18379">
    <ele>116.91000000000001</ele>
   </trkpt>
   <trkpt lat="41.930930000000004" lon="3.18419">
    <ele>118.04</ele>
   </trkpt>
   <trkpt lat="41.931000000000004" lon="3.1847800000000004">
    <ele>121.10000000000001</ele>
   </trkpt>
   <trkpt lat="41.93119" lon="3.18548">
    <ele>121.04</ele>
   </trkpt>
   <trkpt lat="41.930980000000005" lon="3.1859800000000003">
    <ele>120.39000000000001</ele>
   </trkpt>
   <trkpt lat="41.930890000000005" lon="3.1866200000000005">
    <ele>119.68</ele>
   </trkpt>
   <trkpt lat="41.930845001835024" lon="3.187270000428446">
    <ele>120.73</ele>
   </trkpt>
   <trkpt lat="41.930800000000005" lon="3.18792">
    <ele>122.19</ele>
   </trkpt>
   <trkpt lat="41.930640000000004" lon="3.1885700000000003">
    <ele>124.71000000000001</ele>
   </trkpt>
   <trkpt lat="41.93068" lon="3.1895800000000003">
    <ele>128.29999999999998</ele>
   </trkpt>
   <trkpt lat="41.93065" lon="3.1898600000000004">
    <ele>130.22</ele>
   </trkpt>
   <trkpt lat="41.93061" lon="3.19037">
    <ele>133.62</ele>
   </trkpt>
   <trkpt lat="41.93075" lon="3.1909600000000005">
    <ele>135.72</ele>
   </trkpt>
   <trkpt lat="41.930710000000005" lon="3.19185">
    <ele>139.45000000000002</ele>
   </trkpt>
   <trkpt lat="41.93065" lon="3.19207">
    <ele>139.38</ele>
   </trkpt>
   <trkpt lat="41.930710000000005" lon="3.19227">
    <ele>138.07</ele>
   </trkpt>
   <trkpt lat="41.93104" lon="3.1925900000000005">
    <ele>134.02</ele>
   </trkpt>
   <trkpt lat="41.931070000000005" lon="3.19266">
    <ele>134.02</ele>
   </trkpt>
   <trkpt lat="41.931070000000005" lon="3.19275">
    <ele>132.69</ele>
   </trkpt>
   <trkpt lat="41.93050500064601" lon="3.192379996756883">
    <ele>131.57000000000002</ele>
   </trkpt>
   <trkpt lat="41.92994" lon="3.1920100000000002">
    <ele>130.38000000000002</ele>
   </trkpt>
   <trkpt lat="41.92989" lon="3.19194">
    <ele>130.17000000000002</ele>
   </trkpt>
   <trkpt lat="41.929880000000004" lon="3.19194">
    <ele>130.15</ele>
   </trkpt>
   <trkpt lat="41.92971" lon="3.19171">
    <ele>129.14000000000001</ele>
   </trkpt>
   <trkpt lat="41.9296" lon="3.19179">
    <ele>128.29999999999998</ele>
   </trkpt>
   <trkpt lat="41.92944000000001" lon="3.1918200000000003">
    <ele>126.96000000000001</ele>
   </trkpt>
   <trkpt lat="41.92918" lon="3.19179">
    <ele>123.66</ele>
   </trkpt>
   <trkpt lat="41.92911" lon="3.1918400000000005">
    <ele>123.04</ele>
   </trkpt>
   <trkpt lat="41.92906000000001" lon="3.19194">
    <ele>119.77000000000001</ele>
   </trkpt>
   <trkpt lat="41.929050000000004" lon="3.19206">
    <ele>119.77000000000001</ele>
   </trkpt>
   <trkpt lat="41.92911" lon="3.19234">
    <ele>116.37000000000002</ele>
   </trkpt>
   <trkpt lat="41.9294" lon="3.19295">
    <ele>111.22000000000001</ele>
   </trkpt>
   <trkpt lat="41.92943" lon="3.1931200000000004">
    <ele>109.1</ele>
   </trkpt>
   <trkpt lat="41.9294" lon="3.19342">
    <ele>106.72000000000001</ele>
   </trkpt>
   <trkpt lat="41.929320000000004" lon="3.1935900000000004">
    <ele>105.47000000000001</ele>
   </trkpt>
   <trkpt lat="41.929190000000006" lon="3.19376">
    <ele>104.09</ele>
   </trkpt>
   <trkpt lat="41.929100000000005" lon="3.1938400000000002">
    <ele>103.62</ele>
   </trkpt>
   <trkpt lat="41.929010000000005" lon="3.1938600000000004">
    <ele>103.26</ele>
   </trkpt>
   <trkpt lat="41.928940000000004" lon="3.19383">
    <ele>102.96000000000001</ele>
   </trkpt>
   <trkpt lat="41.92882" lon="3.1937100000000003">
    <ele>102.3</ele>
   </trkpt>
   <trkpt lat="41.92868" lon="3.1935200000000004">
    <ele>101.92</ele>
   </trkpt>
   <trkpt lat="41.928630000000005" lon="3.19349">
    <ele>101.35000000000001</ele>
   </trkpt>
   <trkpt lat="41.928560000000004" lon="3.19349">
    <ele>101.35000000000001</ele>
   </trkpt>
   <trkpt lat="41.92844" lon="3.19356">
    <ele>99.93</ele>
   </trkpt>
   <trkpt lat="41.928270000000005" lon="3.1935900000000004">
    <ele>99.17</ele>
   </trkpt>
   <trkpt lat="41.92808" lon="3.1935800000000003">
    <ele>99.29</ele>
   </trkpt>
   <trkpt lat="41.92794000000001" lon="3.1936000000000004">
    <ele>99.79</ele>
   </trkpt>
   <trkpt lat="41.927800000000005" lon="3.19356">
    <ele>99.32000000000001</ele>
   </trkpt>
   <trkpt lat="41.92777" lon="3.1935800000000003">
    <ele>99.32000000000001</ele>
   </trkpt>
   <trkpt lat="41.92775" lon="3.19362">
    <ele>98.96000000000001</ele>
   </trkpt>
   <trkpt lat="41.92784" lon="3.1939300000000004">
    <ele>95.72000000000001</ele>
   </trkpt>
   <trkpt lat="41.927820000000004" lon="3.19402">
    <ele>95.19000000000001</ele>
   </trkpt>
   <trkpt lat="41.927780000000006" lon="3.19409">
    <ele>94.32</ele>
   </trkpt>
   <trkpt lat="41.927640000000004" lon="3.19417">
    <ele>93.66000000000001</ele>
   </trkpt>
   <trkpt lat="41.927510000000005" lon="3.19416">
    <ele>93.76</ele>
   </trkpt>
   <trkpt lat="41.92725" lon="3.1940700000000004">
    <ele>94.31</ele>
   </trkpt>
   <trkpt lat="41.92716" lon="3.1940800000000005">
    <ele>94.03</ele>
   </trkpt>
   <trkpt lat="41.927110000000006" lon="3.1941300000000004">
    <ele>93.51</ele>
   </trkpt>
   <trkpt lat="41.92691000000001" lon="3.1946000000000003">
    <ele>90.36000000000001</ele>
   </trkpt>
   <trkpt lat="41.92687" lon="3.1947400000000004">
    <ele>89.78000000000002</ele>
   </trkpt>
   <trkpt lat="41.92671" lon="3.19526">
    <ele>88.05</ele>
   </trkpt>
   <trkpt lat="41.92665" lon="3.1952800000000003">
    <ele>88.05</ele>
   </trkpt>
   <trkpt lat="41.926610000000004" lon="3.19537">
    <ele>88.02</ele>
   </trkpt>
   <trkpt lat="41.92649" lon="3.1954900000000004">
    <ele>87.8</ele>
   </trkpt>
   <trkpt lat="41.926350000000006" lon="3.19559">
    <ele>87.5</ele>
   </trkpt>
   <trkpt lat="41.92609" lon="3.1957700000000004">
    <ele>86.19</ele>
   </trkpt>
   <trkpt lat="41.92550000000001" lon="3.19626">
    <ele>84.29</ele>
   </trkpt>
   <trkpt lat="41.92544" lon="3.1963000000000004">
    <ele>84.29</ele>
   </trkpt>
   <trkpt lat="41.925340000000006" lon="3.1962900000000003">
    <ele>84.41000000000001</ele>
   </trkpt>
   <trkpt lat="41.92499" lon="3.1961700000000004">
    <ele>84.68</ele>
   </trkpt>
   <trkpt lat="41.924395000159336" lon="3.1961099994549538">
    <ele>82.21000000000001</ele>
   </trkpt>
   <trkpt lat="41.9238" lon="3.19605">
    <ele>80.49000000000001</ele>
   </trkpt>
   <trkpt lat="41.923790000000004" lon="3.19605">
    <ele>80.48</ele>
   </trkpt>
   <trkpt lat="41.92365" lon="3.1960200000000003">
    <ele>80.32000000000001</ele>
   </trkpt>
   <trkpt lat="41.923590000000004" lon="3.1959700000000004">
    <ele>80.02000000000001</ele>
   </trkpt>
   <trkpt lat="41.923570000000005" lon="3.1959000000000004">
    <ele>80.02000000000001</ele>
   </trkpt>
   <trkpt lat="41.923590000000004" lon="3.1957600000000004">
    <ele>79.55000000000001</ele>
   </trkpt>
   <trkpt lat="41.92365" lon="3.1955600000000004">
    <ele>78.04</ele>
   </trkpt>
   <trkpt lat="41.92367" lon="3.1954100000000003">
    <ele>76.22000000000001</ele>
   </trkpt>
   <trkpt lat="41.92365" lon="3.1952900000000004">
    <ele>75.25000000000001</ele>
   </trkpt>
   <trkpt lat="41.923610000000004" lon="3.19525">
    <ele>74.84</ele>
   </trkpt>
   <trkpt lat="41.92354" lon="3.1952200000000004">
    <ele>74.1</ele>
   </trkpt>
   <trkpt lat="41.923230000000004" lon="3.1952200000000004">
    <ele>72.13</ele>
   </trkpt>
   <trkpt lat="41.92278" lon="3.19505">
    <ele>68.51</ele>
   </trkpt>
   <trkpt lat="41.9226" lon="3.1949300000000003">
    <ele>68.12</ele>
   </trkpt>
   <trkpt lat="41.92246" lon="3.1947900000000002">
    <ele>68.45</ele>
   </trkpt>
   <trkpt lat="41.922380000000004" lon="3.1946800000000004">
    <ele>69.23</ele>
   </trkpt>
   <trkpt lat="41.92219" lon="3.1942500000000003">
    <ele>71.66</ele>
   </trkpt>
   <trkpt lat="41.92193" lon="3.1934000000000005">
    <ele>80.43</ele>
   </trkpt>
   <trkpt lat="41.92186" lon="3.19322">
    <ele>80.89</ele>
   </trkpt>
   <trkpt lat="41.9217" lon="3.19301">
    <ele>81.84</ele>
   </trkpt>
   <trkpt lat="41.921670000000006" lon="3.19275">
    <ele>81.78</ele>
   </trkpt>
   <trkpt lat="41.921580000000006" lon="3.1926200000000002">
    <ele>82.22</ele>
   </trkpt>
   <trkpt lat="41.92132" lon="3.19247">
    <ele>84.47</ele>
   </trkpt>
   <trkpt lat="41.92128" lon="3.19241">
    <ele>85.18</ele>
   </trkpt>
   <trkpt lat="41.92127000000001" lon="3.19239">
    <ele>85.31</ele>
   </trkpt>
   <trkpt lat="41.92099" lon="3.1913600000000004">
    <ele>91.26</ele>
   </trkpt>
   <trkpt lat="41.920930000000006" lon="3.1912200000000004">
    <ele>92.83000000000001</ele>
   </trkpt>
   <trkpt lat="41.920660000000005" lon="3.1908000000000003">
    <ele>95.82000000000001</ele>
   </trkpt>
   <trkpt lat="41.92045" lon="3.19037">
    <ele>100.4</ele>
   </trkpt>
   <trkpt lat="41.92042" lon="3.19017">
    <ele>100.4</ele>
   </trkpt>
   <trkpt lat="41.920390000000005" lon="3.19017">
    <ele>100.36</ele>
   </trkpt>
   <trkpt lat="41.92034" lon="3.18983">
    <ele>101.85000000000001</ele>
   </trkpt>
   <trkpt lat="41.92033000000001" lon="3.18968">
    <ele>102.26</ele>
   </trkpt>
   <trkpt lat="41.920300000000005" lon="3.1895700000000002">
    <ele>102.61</ele>
   </trkpt>
   <trkpt lat="41.92014" lon="3.1892400000000003">
    <ele>102.13000000000001</ele>
   </trkpt>
   <trkpt lat="41.92011" lon="3.18921">
    <ele>102.13000000000001</ele>
   </trkpt>
   <trkpt lat="41.920010000000005" lon="3.1892000000000005">
    <ele>101.27000000000001</ele>
   </trkpt>
   <trkpt lat="41.919650000000004" lon="3.1893100000000003">
    <ele>99.33</ele>
   </trkpt>
   <trkpt lat="41.91953" lon="3.18928">
    <ele>98.76000000000002</ele>
   </trkpt>
   <trkpt lat="41.91944" lon="3.1889100000000004">
    <ele>97.75</ele>
   </trkpt>
   <trkpt lat="41.91942" lon="3.1887700000000003">
    <ele>97.5</ele>
   </trkpt>
   <trkpt lat="41.919410000000006" lon="3.1884">
    <ele>96.68</ele>
   </trkpt>
   <trkpt lat="41.919430000000006" lon="3.1879100000000005">
    <ele>95.67999999999999</ele>
   </trkpt>
   <trkpt lat="41.919380000000004" lon="3.18731">
    <ele>93.68</ele>
   </trkpt>
   <trkpt lat="41.91930000000001" lon="3.1869500000000004">
    <ele>92.98</ele>
   </trkpt>
   <trkpt lat="41.91918000397669" lon="3.1859949983650333">
    <ele>90.26</ele>
   </trkpt>
   <trkpt lat="41.91906" lon="3.1850400000000003">
    <ele>88.81000000000002</ele>
   </trkpt>
   <trkpt lat="41.91906" lon="3.1848300000000003">
    <ele>88.32000000000001</ele>
   </trkpt>
   <trkpt lat="41.91902" lon="3.1849200000000004">
    <ele>88.32000000000001</ele>
   </trkpt>
   <trkpt lat="41.91893" lon="3.18501">
    <ele>88.66</ele>
   </trkpt>
   <trkpt lat="41.91881" lon="3.1848300000000003">
    <ele>88.93</ele>
   </trkpt>
   <trkpt lat="41.91865000000001" lon="3.1847200000000004">
    <ele>89.68</ele>
   </trkpt>
   <trkpt lat="41.91843" lon="3.1846300000000003">
    <ele>90.18</ele>
   </trkpt>
   <trkpt lat="41.918330000000005" lon="3.1846200000000002">
    <ele>90.18</ele>
   </trkpt>
   <trkpt lat="41.91827000000001" lon="3.18467">
    <ele>90.18</ele>
   </trkpt>
   <trkpt lat="41.91819" lon="3.1848">
    <ele>90.9</ele>
   </trkpt>
   <trkpt lat="41.917970000000004" lon="3.18535">
    <ele>92.15</ele>
   </trkpt>
   <trkpt lat="41.917880000000004" lon="3.1855200000000004">
    <ele>92.15</ele>
   </trkpt>
   <trkpt lat="41.917590000000004" lon="3.18589">
    <ele>93.93</ele>
   </trkpt>
   <trkpt lat="41.917500000000004" lon="3.1859800000000003">
    <ele>94.21</ele>
   </trkpt>
   <trkpt lat="41.91742" lon="3.1860100000000005">
    <ele>94.21</ele>
   </trkpt>
   <trkpt lat="41.91733000000001" lon="3.1860100000000005">
    <ele>95.33000000000001</ele>
   </trkpt>
   <trkpt lat="41.91709" lon="3.18595">
    <ele>95.33000000000001</ele>
   </trkpt>
   <trkpt lat="41.916520000000006" lon="3.18576">
    <ele>96.49000000000001</ele>
   </trkpt>
   <trkpt lat="41.916250000000005" lon="3.1856600000000004">
    <ele>96.47000000000001</ele>
   </trkpt>
   <trkpt lat="41.91602" lon="3.1855400000000005">
    <ele>96.27000000000001</ele>
   </trkpt>
   <trkpt lat="41.91601" lon="3.1855400000000005">
    <ele>96.27000000000001</ele>
   </trkpt>
   <trkpt lat="41.91550000000539" lon="3.185359998513928">
    <ele>95.44000000000001</ele>
   </trkpt>
   <trkpt lat="41.91499" lon="3.1851800000000003">
    <ele>92.7</ele>
   </trkpt>
   <trkpt lat="41.91489000000001" lon="3.18508">
    <ele>90.33000000000001</ele>
   </trkpt>
   <trkpt lat="41.914550000000006" lon="3.1850500000000004">
    <ele>87.78000000000002</ele>
   </trkpt>
   <trkpt lat="41.914280000000005" lon="3.18494">
    <ele>86.01</ele>
   </trkpt>
   <trkpt lat="41.91414" lon="3.1849100000000004">
    <ele>85.4</ele>
   </trkpt>
   <trkpt lat="41.913920000000005" lon="3.18489">
    <ele>84.47</ele>
   </trkpt>
   <trkpt lat="41.91375" lon="3.1849000000000003">
    <ele>83.97</ele>
   </trkpt>
   <trkpt lat="41.913140000000006" lon="3.18475">
    <ele>80.33000000000001</ele>
   </trkpt>
   <trkpt lat="41.91313" lon="3.18475">
    <ele>80.36</ele>
   </trkpt>
   <trkpt lat="41.912780000000005" lon="3.18466">
    <ele>78.63000000000001</ele>
   </trkpt>
   <trkpt lat="41.91284" lon="3.1838400000000004">
    <ele>78.49000000000001</ele>
   </trkpt>
   <trkpt lat="41.91282" lon="3.1837600000000004">
    <ele>78.36000000000001</ele>
   </trkpt>
   <trkpt lat="41.912530000000004" lon="3.18346">
    <ele>75.69000000000001</ele>
   </trkpt>
   <trkpt lat="41.912580000000005" lon="3.18326">
    <ele>74.27</ele>
   </trkpt>
   <trkpt lat="41.912580000000005" lon="3.18311">
    <ele>73.71000000000001</ele>
   </trkpt>
   <trkpt lat="41.912440000000004" lon="3.1827500000000004">
    <ele>68.52000000000001</ele>
   </trkpt>
   <trkpt lat="41.91227000000001" lon="3.1825">
    <ele>66.38000000000001</ele>
   </trkpt>
   <trkpt lat="41.91172" lon="3.1820700000000004">
    <ele>60.510000000000005</ele>
   </trkpt>
   <trkpt lat="41.91171000000001" lon="3.1820600000000003">
    <ele>60.440000000000005</ele>
   </trkpt>
   <trkpt lat="41.91143" lon="3.1818400000000002">
    <ele>58.64</ele>
   </trkpt>
   <trkpt lat="41.91175500234902" lon="3.181105003729814">
    <ele>57.86</ele>
   </trkpt>
   <trkpt lat="41.91208" lon="3.1803700000000004">
    <ele>57.400000000000006</ele>
   </trkpt>
   <trkpt lat="41.912290000000006" lon="3.1797500000000003">
    <ele>57.36</ele>
   </trkpt>
   <trkpt lat="41.91260000527223" lon="3.178650005259955">
    <ele>57.20000000000001</ele>
   </trkpt>
   <trkpt lat="41.912910000000004" lon="3.17755">
    <ele>57.38000000000001</ele>
   </trkpt>
   <trkpt lat="41.913220001856295" lon="3.176900003107705">
    <ele>57.650000000000006</ele>
   </trkpt>
   <trkpt lat="41.91353" lon="3.1762500000000005">
    <ele>57.550000000000004</ele>
   </trkpt>
   <trkpt lat="41.91386000000001" lon="3.1756200000000003">
    <ele>57.21</ele>
   </trkpt>
   <trkpt lat="41.914115001319885" lon="3.175065002252942">
    <ele>57.050000000000004</ele>
   </trkpt>
   <trkpt lat="41.914370000000005" lon="3.17451">
    <ele>56.970000000000006</ele>
   </trkpt>
   <trkpt lat="41.91479" lon="3.1735300000000004">
    <ele>56.830000000000005</ele>
   </trkpt>
   <trkpt lat="41.91502500180955" lon="3.1728750025555046">
    <ele>56.830000000000005</ele>
   </trkpt>
   <trkpt lat="41.91526" lon="3.1722200000000003">
    <ele>56.760000000000005</ele>
   </trkpt>
   <trkpt lat="41.915470000000006" lon="3.17146">
    <ele>56.74</ele>
   </trkpt>
   <trkpt lat="41.91488499996422" lon="3.171319998687869">
    <ele>54.86000000000001</ele>
   </trkpt>
   <trkpt lat="41.914300000000004" lon="3.17118">
    <ele>53.410000000000004</ele>
   </trkpt>
   <trkpt lat="41.91375" lon="3.1710300000000005">
    <ele>52.59</ele>
   </trkpt>
   <trkpt lat="41.91368000000001" lon="3.17099">
    <ele>52.7</ele>
   </trkpt>
   <trkpt lat="41.91358" lon="3.1709">
    <ele>52.72</ele>
   </trkpt>
   <trkpt lat="41.913540000000005" lon="3.17092">
    <ele>52.57000000000001</ele>
   </trkpt>
   <trkpt lat="41.91342" lon="3.1709">
    <ele>51.9</ele>
   </trkpt>
   <trkpt lat="41.91329" lon="3.17084">
    <ele>51.35000000000001</ele>
   </trkpt>
   <trkpt lat="41.91261" lon="3.1704600000000003">
    <ele>48.580000000000005</ele>
   </trkpt>
   <trkpt lat="41.91246" lon="3.17029">
    <ele>48.14</ele>
   </trkpt>
   <trkpt lat="41.91204000175864" lon="3.169624995371415">
    <ele>46.160000000000004</ele>
   </trkpt>
   <trkpt lat="41.911620000000006" lon="3.16896">
    <ele>44.79</ele>
   </trkpt>
   <trkpt lat="41.91152" lon="3.1685900000000005">
    <ele>44.410000000000004</ele>
   </trkpt>
   <trkpt lat="41.91152" lon="3.1684">
    <ele>44.410000000000004</ele>
   </trkpt>
   <trkpt lat="41.91147" lon="3.16827">
    <ele>44.32000000000001</ele>
   </trkpt>
   <trkpt lat="41.911410000000004" lon="3.16821">
    <ele>44.32000000000001</ele>
   </trkpt>
   <trkpt lat="41.91131" lon="3.1681800000000004">
    <ele>44.32000000000001</ele>
   </trkpt>
   <trkpt lat="41.91127" lon="3.16819">
    <ele>44.24</ele>
   </trkpt>
   <trkpt lat="41.911190000000005" lon="3.1682500000000005">
    <ele>43.53000000000001</ele>
   </trkpt>
   <trkpt lat="41.91113" lon="3.16835">
    <ele>43.53000000000001</ele>
   </trkpt>
   <trkpt lat="41.91111" lon="3.16847">
    <ele>43.54</ele>
   </trkpt>
   <trkpt lat="41.91114" lon="3.1686">
    <ele>43.61</ele>
   </trkpt>
   <trkpt lat="41.9112" lon="3.16868">
    <ele>43.88</ele>
   </trkpt>
   <trkpt lat="41.91125" lon="3.1687200000000004">
    <ele>43.88</ele>
   </trkpt>
   <trkpt lat="41.91138" lon="3.1687800000000004">
    <ele>43.980000000000004</ele>
   </trkpt>
   <trkpt lat="41.91151000000001" lon="3.16894">
    <ele>44.13</ele>
   </trkpt>
   <trkpt lat="41.9118850015517" lon="3.1695349965297033">
    <ele>45.07000000000001</ele>
   </trkpt>
   <trkpt lat="41.91226" lon="3.1701300000000003">
    <ele>46.73</ele>
   </trkpt>
   <trkpt lat="41.912200000000006" lon="3.17004">
    <ele>46.39</ele>
   </trkpt>
   <trkpt lat="41.912440000000004" lon="3.17037">
    <ele>48.0</ele>
   </trkpt>
   <trkpt lat="41.91261" lon="3.1704600000000003">
    <ele>48.580000000000005</ele>
   </trkpt>
   <trkpt lat="41.91246" lon="3.17029">
    <ele>48.14</ele>
   </trkpt>
   <trkpt lat="41.91204000175864" lon="3.169624995371415">
    <ele>46.160000000000004</ele>
   </trkpt>
   <trkpt lat="41.911620000000006" lon="3.16896">
    <ele>45.050000000000004</ele>
   </trkpt>
   <trkpt lat="41.91152" lon="3.1685900000000005">
    <ele>44.410000000000004</ele>
   </trkpt>
   <trkpt lat="41.91152" lon="3.1684">
    <ele>44.410000000000004</ele>
   </trkpt>
   <trkpt lat="41.91147" lon="3.16827">
    <ele>44.32000000000001</ele>
   </trkpt>
   <trkpt lat="41.911410000000004" lon="3.16821">
    <ele>44.32000000000001</ele>
   </trkpt>
   <trkpt lat="41.91131" lon="3.1681800000000004">
    <ele>44.32000000000001</ele>
   </trkpt>
   <trkpt lat="41.91127" lon="3.16819">
    <ele>44.24</ele>
   </trkpt>
   <trkpt lat="41.911190000000005" lon="3.1682500000000005">
    <ele>43.53000000000001</ele>
   </trkpt>
   <trkpt lat="41.91113" lon="3.16835">
    <ele>43.54</ele>
   </trkpt>
   <trkpt lat="41.91105" lon="3.1683600000000003">
    <ele>43.38</ele>
   </trkpt>
   <trkpt lat="41.910880000000006" lon="3.16853">
    <ele>43.31</ele>
   </trkpt>
   <trkpt lat="41.910370000666695" lon="3.1689350032713572">
    <ele>42.39</ele>
   </trkpt>
   <trkpt lat="41.90986" lon="3.16934">
    <ele>42.53</ele>
   </trkpt>
   <trkpt lat="41.9095" lon="3.1697">
    <ele>42.7</ele>
   </trkpt>
   <trkpt lat="41.90912000045126" lon="3.170050002157252">
    <ele>42.59</ele>
   </trkpt>
   <trkpt lat="41.90874" lon="3.1704000000000003">
    <ele>42.93</ele>
   </trkpt>
   <trkpt lat="41.90822000070394" lon="3.17081500341484">
    <ele>43.68</ele>
   </trkpt>
   <trkpt lat="41.907700000000006" lon="3.1712300000000004">
    <ele>45.53</ele>
   </trkpt>
   <trkpt lat="41.90764" lon="3.1713000000000005">
    <ele>45.53</ele>
   </trkpt>
   <trkpt lat="41.907590000000006" lon="3.17158">
    <ele>45.94</ele>
   </trkpt>
   <trkpt lat="41.90758" lon="3.17212">
    <ele>45.230000000000004</ele>
   </trkpt>
   <trkpt lat="41.907560000000004" lon="3.1722300000000003">
    <ele>44.67</ele>
   </trkpt>
   <trkpt lat="41.907500000000006" lon="3.1723500000000002">
    <ele>44.67</ele>
   </trkpt>
   <trkpt lat="41.90738" lon="3.1724200000000002">
    <ele>44.410000000000004</ele>
   </trkpt>
   <trkpt lat="41.906510000000004" lon="3.1726300000000003">
    <ele>41.190000000000005</ele>
   </trkpt>
   <trkpt lat="41.906200000000005" lon="3.17275">
    <ele>40.25</ele>
   </trkpt>
   <trkpt lat="41.90569" lon="3.1731000000000003">
    <ele>39.7</ele>
   </trkpt>
   <trkpt lat="41.90558" lon="3.1732000000000005">
    <ele>39.7</ele>
   </trkpt>
   <trkpt lat="41.90549" lon="3.1733200000000004">
    <ele>39.78</ele>
   </trkpt>
   <trkpt lat="41.905390000000004" lon="3.1735">
    <ele>39.78</ele>
   </trkpt>
   <trkpt lat="41.90505000187009" lon="3.174180003892723">
    <ele>40.18</ele>
   </trkpt>
   <trkpt lat="41.90471" lon="3.1748600000000002">
    <ele>40.580000000000005</ele>
   </trkpt>
   <trkpt lat="41.90455" lon="3.1751300000000002">
    <ele>41.07</ele>
   </trkpt>
   <trkpt lat="41.904300000000006" lon="3.17538">
    <ele>41.230000000000004</ele>
   </trkpt>
   <trkpt lat="41.90408" lon="3.17551">
    <ele>41.230000000000004</ele>
   </trkpt>
   <trkpt lat="41.90395" lon="3.1755600000000004">
    <ele>41.24</ele>
   </trkpt>
   <trkpt lat="41.90391" lon="3.1755500000000003">
    <ele>41.1</ele>
   </trkpt>
   <trkpt lat="41.90373" lon="3.1756">
    <ele>41.010000000000005</ele>
   </trkpt>
   <trkpt lat="41.90301999992221" lon="3.175680000901474">
    <ele>40.660000000000004</ele>
   </trkpt>
   <trkpt lat="41.90231" lon="3.1757600000000004">
    <ele>40.5</ele>
   </trkpt>
   <trkpt lat="41.90205" lon="3.1758200000000003">
    <ele>40.5</ele>
   </trkpt>
   <trkpt lat="41.901900000000005" lon="3.1759100000000005">
    <ele>40.6</ele>
   </trkpt>
   <trkpt lat="41.90173" lon="3.1761100000000004">
    <ele>40.68</ele>
   </trkpt>
   <trkpt lat="41.901680000000006" lon="3.17621">
    <ele>40.68</ele>
   </trkpt>
   <trkpt lat="41.90144" lon="3.1767900000000004">
    <ele>41.17</ele>
   </trkpt>
   <trkpt lat="41.901160000000004" lon="3.1775700000000002">
    <ele>42.46</ele>
   </trkpt>
   <trkpt lat="41.901180000000004" lon="3.1775900000000004">
    <ele>42.46</ele>
   </trkpt>
   <trkpt lat="41.901070000000004" lon="3.1777300000000004">
    <ele>42.24000000000001</ele>
   </trkpt>
   <trkpt lat="41.901" lon="3.1778000000000004">
    <ele>42.24000000000001</ele>
   </trkpt>
   <trkpt lat="41.900760000000005" lon="3.17795">
    <ele>42.2</ele>
   </trkpt>
   <trkpt lat="41.900269999958525" lon="3.178075000987051">
    <ele>42.38</ele>
   </trkpt>
   <trkpt lat="41.89978000000001" lon="3.1782000000000004">
    <ele>43.120000000000005</ele>
   </trkpt>
   <trkpt lat="41.899770000000004" lon="3.1782000000000004">
    <ele>43.13</ele>
   </trkpt>
   <trkpt lat="41.89923" lon="3.17836">
    <ele>44.95</ele>
   </trkpt>
   <trkpt lat="41.899150000000006" lon="3.17824">
    <ele>45.19</ele>
   </trkpt>
   <trkpt lat="41.89904000000001" lon="3.1782500000000002">
    <ele>45.82000000000001</ele>
   </trkpt>
   <trkpt lat="41.898790000000005" lon="3.17811">
    <ele>46.220000000000006</ele>
   </trkpt>
   <trkpt lat="41.89811" lon="3.1781900000000003">
    <ele>45.33</ele>
   </trkpt>
   <trkpt lat="41.89775" lon="3.1783400000000004">
    <ele>46.64</ele>
   </trkpt>
   <trkpt lat="41.89723" lon="3.1784900000000005">
    <ele>47.06</ele>
   </trkpt>
   <trkpt lat="41.896640000000005" lon="3.17865">
    <ele>46.09</ele>
   </trkpt>
   <trkpt lat="41.896390000000004" lon="3.1787500000000004">
    <ele>46.07000000000001</ele>
   </trkpt>
   <trkpt lat="41.89593" lon="3.17884">
    <ele>45.980000000000004</ele>
   </trkpt>
   <trkpt lat="41.89574" lon="3.1781">
    <ele>44.81</ele>
   </trkpt>
   <trkpt lat="41.895900000000005" lon="3.17802">
    <ele>44.81</ele>
   </trkpt>
   <trkpt lat="41.89596" lon="3.17789">
    <ele>44.43000000000001</ele>
   </trkpt>
   <trkpt lat="41.89593" lon="3.17782">
    <ele>44.43000000000001</ele>
   </trkpt>
   <trkpt lat="41.89576" lon="3.17763">
    <ele>44.39000000000001</ele>
   </trkpt>
   <trkpt lat="41.89573" lon="3.1773100000000003">
    <ele>44.410000000000004</ele>
   </trkpt>
   <trkpt lat="41.89598" lon="3.1768600000000005">
    <ele>44.36</ele>
   </trkpt>
   <trkpt lat="41.896240000000006" lon="3.1765000000000003">
    <ele>44.190000000000005</ele>
   </trkpt>
   <trkpt lat="41.89632" lon="3.1762900000000003">
    <ele>44.32000000000001</ele>
   </trkpt>
   <trkpt lat="41.89638" lon="3.1761800000000004">
    <ele>44.32000000000001</ele>
   </trkpt>
   <trkpt lat="41.896370000000005" lon="3.17619">
    <ele>44.32000000000001</ele>
   </trkpt>
   <trkpt lat="41.896480000000004" lon="3.17586">
    <ele>44.7</ele>
   </trkpt>
   <trkpt lat="41.896510000000006" lon="3.1756300000000004">
    <ele>45.11000000000001</ele>
   </trkpt>
   <trkpt lat="41.89679" lon="3.1750900000000004">
    <ele>47.02</ele>
   </trkpt>
   <trkpt lat="41.897380000000005" lon="3.1744100000000004">
    <ele>48.260000000000005</ele>
   </trkpt>
   <trkpt lat="41.897710000000004" lon="3.1738700000000004">
    <ele>49.160000000000004</ele>
   </trkpt>
   <trkpt lat="41.89813" lon="3.1729900000000004">
    <ele>51.27</ele>
   </trkpt>
   <trkpt lat="41.89818" lon="3.1728400000000003">
    <ele>52.09</ele>
   </trkpt>
   <trkpt lat="41.89851" lon="3.1723200000000005">
    <ele>53.01</ele>
   </trkpt>
   <trkpt lat="41.89871" lon="3.1720800000000002">
    <ele>52.83</ele>
   </trkpt>
   <trkpt lat="41.899170000000005" lon="3.1717400000000002">
    <ele>51.160000000000004</ele>
   </trkpt>
   <trkpt lat="41.899480000000004" lon="3.1714700000000002">
    <ele>50.89</ele>
   </trkpt>
   <trkpt lat="41.8997" lon="3.17119">
    <ele>50.84</ele>
   </trkpt>
   <trkpt lat="41.90018500091613" lon="3.1707700030592423">
    <ele>51.07</ele>
   </trkpt>
   <trkpt lat="41.900670000000005" lon="3.1703500000000004">
    <ele>51.82000000000001</ele>
   </trkpt>
   <trkpt lat="41.90014500010558" lon="3.170430000645863">
    <ele>52.10000000000001</ele>
   </trkpt>
   <trkpt lat="41.899620000000006" lon="3.17051">
    <ele>52.94</ele>
   </trkpt>
   <trkpt lat="41.89899499993777" lon="3.170525000148324">
    <ele>53.94</ele>
   </trkpt>
   <trkpt lat="41.89837" lon="3.1705400000000004">
    <ele>55.92</ele>
   </trkpt>
   <trkpt lat="41.898120000000006" lon="3.1706600000000003">
    <ele>57.6</ele>
   </trkpt>
   <trkpt lat="41.89741" lon="3.17084">
    <ele>62.82</ele>
   </trkpt>
   <trkpt lat="41.89726" lon="3.17092">
    <ele>63.32</ele>
   </trkpt>
   <trkpt lat="41.89715" lon="3.1710000000000003">
    <ele>63.32</ele>
   </trkpt>
   <trkpt lat="41.896890000000006" lon="3.1713600000000004">
    <ele>65.33</ele>
   </trkpt>
   <trkpt lat="41.896770000000004" lon="3.1714800000000003">
    <ele>65.33</ele>
   </trkpt>
   <trkpt lat="41.896640000000005" lon="3.1715600000000004">
    <ele>65.69000000000001</ele>
   </trkpt>
   <trkpt lat="41.896460000000005" lon="3.1716300000000004">
    <ele>66.43</ele>
   </trkpt>
   <trkpt lat="41.89634" lon="3.17172">
    <ele>67.26</ele>
   </trkpt>
   <trkpt lat="41.89614" lon="3.17199">
    <ele>67.51</ele>
   </trkpt>
   <trkpt lat="41.896060000000006" lon="3.1720500000000005">
    <ele>68.16000000000001</ele>
   </trkpt>
   <trkpt lat="41.895920000000004" lon="3.1720500000000005">
    <ele>68.33</ele>
   </trkpt>
   <trkpt lat="41.89547" lon="3.17213">
    <ele>69.0</ele>
   </trkpt>
   <trkpt lat="41.89494499996279" lon="3.1721650002905357">
    <ele>69.22</ele>
   </trkpt>
   <trkpt lat="41.894420000000004" lon="3.1722">
    <ele>68.95</ele>
   </trkpt>
   <trkpt lat="41.89426" lon="3.1722400000000004">
    <ele>69.22</ele>
   </trkpt>
   <trkpt lat="41.89396000000001" lon="3.1724">
    <ele>70.07000000000001</ele>
   </trkpt>
   <trkpt lat="41.89381" lon="3.1724500000000004">
    <ele>70.48</ele>
   </trkpt>
   <trkpt lat="41.89356" lon="3.17248">
    <ele>70.62</ele>
   </trkpt>
   <trkpt lat="41.892900000000004" lon="3.17268">
    <ele>71.66</ele>
   </trkpt>
   <trkpt lat="41.89253" lon="3.17275">
    <ele>73.16</ele>
   </trkpt>
   <trkpt lat="41.89244" lon="3.1728">
    <ele>73.87</ele>
   </trkpt>
   <trkpt lat="41.892140000000005" lon="3.17314">
    <ele>76.28</ele>
   </trkpt>
   <trkpt lat="41.891960000000005" lon="3.1732700000000005">
    <ele>76.01</ele>
   </trkpt>
   <trkpt lat="41.89188" lon="3.1733900000000004">
    <ele>74.93</ele>
   </trkpt>
   <trkpt lat="41.891690000000004" lon="3.1737900000000003">
    <ele>74.16</ele>
   </trkpt>
   <trkpt lat="41.891270000000006" lon="3.17438">
    <ele>74.48</ele>
   </trkpt>
   <trkpt lat="41.890890000000006" lon="3.1746900000000005">
    <ele>74.78</ele>
   </trkpt>
   <trkpt lat="41.89039500021321" lon="3.174965002194782">
    <ele>74.87</ele>
   </trkpt>
   <trkpt lat="41.889900000000004" lon="3.17524">
    <ele>74.94000000000001</ele>
   </trkpt>
   <trkpt lat="41.88976" lon="3.17526">
    <ele>74.93</ele>
   </trkpt>
   <trkpt lat="41.88909" lon="3.17525">
    <ele>74.56</ele>
   </trkpt>
   <trkpt lat="41.88899000000001" lon="3.17526">
    <ele>74.42</ele>
   </trkpt>
   <trkpt lat="41.88875" lon="3.17539">
    <ele>74.1</ele>
   </trkpt>
   <trkpt lat="41.88862" lon="3.1755600000000004">
    <ele>74.15</ele>
   </trkpt>
   <trkpt lat="41.88834000000001" lon="3.1757600000000004">
    <ele>74.77</ele>
   </trkpt>
   <trkpt lat="41.888200000000005" lon="3.1760200000000003">
    <ele>75.78</ele>
   </trkpt>
   <trkpt lat="41.888070000000006" lon="3.17612">
    <ele>77.48</ele>
   </trkpt>
   <trkpt lat="41.88787000000001" lon="3.1760800000000002">
    <ele>78.53</ele>
   </trkpt>
   <trkpt lat="41.88772" lon="3.176">
    <ele>79.14</ele>
   </trkpt>
   <trkpt lat="41.887550000000005" lon="3.17586">
    <ele>79.19000000000001</ele>
   </trkpt>
   <trkpt lat="41.88745" lon="3.17572">
    <ele>79.06</ele>
   </trkpt>
   <trkpt lat="41.887260000000005" lon="3.1748600000000002">
    <ele>78.86</ele>
   </trkpt>
   <trkpt lat="41.88716" lon="3.1747">
    <ele>78.48</ele>
   </trkpt>
   <trkpt lat="41.887080000000005" lon="3.1746200000000004">
    <ele>78.22000000000001</ele>
   </trkpt>
   <trkpt lat="41.887010000000004" lon="3.1746000000000003">
    <ele>78.14</ele>
   </trkpt>
   <trkpt lat="41.88671" lon="3.1746000000000003">
    <ele>78.02000000000001</ele>
   </trkpt>
   <trkpt lat="41.88676" lon="3.1746000000000003">
    <ele>78.03</ele>
   </trkpt>
   <trkpt lat="41.88611999998133" lon="3.174605000050235">
    <ele>78.36000000000001</ele>
   </trkpt>
   <trkpt lat="41.88548" lon="3.1746100000000004">
    <ele>78.41000000000001</ele>
   </trkpt>
   <trkpt lat="41.88482500033452" lon="3.1748400023210195">
    <ele>79.0</ele>
   </trkpt>
   <trkpt lat="41.884170000000005" lon="3.1750700000000003">
    <ele>80.68</ele>
   </trkpt>
   <trkpt lat="41.88403" lon="3.1750700000000003">
    <ele>81.11</ele>
   </trkpt>
   <trkpt lat="41.883700000000005" lon="3.1750200000000004">
    <ele>82.94000000000001</ele>
   </trkpt>
   <trkpt lat="41.883230000000005" lon="3.17477">
    <ele>85.64</ele>
   </trkpt>
   <trkpt lat="41.882830000000006" lon="3.1746100000000004">
    <ele>88.60000000000001</ele>
   </trkpt>
   <trkpt lat="41.88262" lon="3.1745">
    <ele>90.14000000000001</ele>
   </trkpt>
   <trkpt lat="41.88233" lon="3.17443">
    <ele>90.81</ele>
   </trkpt>
   <trkpt lat="41.88217" lon="3.17445">
    <ele>90.81</ele>
   </trkpt>
   <trkpt lat="41.88139" lon="3.17484">
    <ele>85.82000000000001</ele>
   </trkpt>
   <trkpt lat="41.88083" lon="3.1750800000000003">
    <ele>81.52000000000001</ele>
   </trkpt>
   <trkpt lat="41.88065" lon="3.1751600000000004">
    <ele>80.30000000000001</ele>
   </trkpt>
   <trkpt lat="41.88047" lon="3.17517">
    <ele>77.58000000000001</ele>
   </trkpt>
   <trkpt lat="41.880410000000005" lon="3.1750700000000003">
    <ele>76.72000000000001</ele>
   </trkpt>
   <trkpt lat="41.880280000000006" lon="3.17498">
    <ele>75.6</ele>
   </trkpt>
   <trkpt lat="41.880190000000006" lon="3.17498">
    <ele>74.74</ele>
   </trkpt>
   <trkpt lat="41.880140000000004" lon="3.1750000000000003">
    <ele>74.74</ele>
   </trkpt>
   <trkpt lat="41.88008000000001" lon="3.1750900000000004">
    <ele>74.1</ele>
   </trkpt>
   <trkpt lat="41.880050000000004" lon="3.1751000000000005">
    <ele>74.1</ele>
   </trkpt>
   <trkpt lat="41.87999000000001" lon="3.1749500000000004">
    <ele>74.25000000000001</ele>
   </trkpt>
   <trkpt lat="41.88006" lon="3.1747">
    <ele>73.13</ele>
   </trkpt>
   <trkpt lat="41.87999000000001" lon="3.1749500000000004">
    <ele>74.25000000000001</ele>
   </trkpt>
   <trkpt lat="41.87988" lon="3.1749">
    <ele>74.37</ele>
   </trkpt>
   <trkpt lat="41.87918500019975" lon="3.174764998555224">
    <ele>77.37</ele>
   </trkpt>
   <trkpt lat="41.878490000000006" lon="3.17463">
    <ele>81.32000000000001</ele>
   </trkpt>
   <trkpt lat="41.87816" lon="3.1746100000000004">
    <ele>83.17</ele>
   </trkpt>
   <trkpt lat="41.877770000000005" lon="3.17465">
    <ele>84.89</ele>
   </trkpt>
   <trkpt lat="41.877570000000006" lon="3.1745500000000004">
    <ele>85.67</ele>
   </trkpt>
   <trkpt lat="41.877210000000005" lon="3.1741500000000005">
    <ele>89.07000000000001</ele>
   </trkpt>
   <trkpt lat="41.87673" lon="3.1741800000000002">
    <ele>93.24</ele>
   </trkpt>
   <trkpt lat="41.87661000000001" lon="3.1741300000000003">
    <ele>95.92</ele>
   </trkpt>
   <trkpt lat="41.8766" lon="3.1741300000000003">
    <ele>96.02000000000001</ele>
   </trkpt>
   <trkpt lat="41.87646" lon="3.1740700000000004">
    <ele>96.02000000000001</ele>
   </trkpt>
   <trkpt lat="41.87623000000001" lon="3.17402">
    <ele>100.51</ele>
   </trkpt>
   <trkpt lat="41.875750000000004" lon="3.17396">
    <ele>105.3</ele>
   </trkpt>
   <trkpt lat="41.87547" lon="3.1743900000000003">
    <ele>108.67</ele>
   </trkpt>
   <trkpt lat="41.875260000000004" lon="3.17465">
    <ele>113.4</ele>
   </trkpt>
   <trkpt lat="41.874930000000006" lon="3.17484">
    <ele>116.53</ele>
   </trkpt>
   <trkpt lat="41.87453" lon="3.17519">
    <ele>116.96000000000001</ele>
   </trkpt>
   <trkpt lat="41.87433" lon="3.1752100000000003">
    <ele>116.25</ele>
   </trkpt>
   <trkpt lat="41.874300000000005" lon="3.17517">
    <ele>115.77000000000001</ele>
   </trkpt>
   <trkpt lat="41.874300000000005" lon="3.17483">
    <ele>112.95</ele>
   </trkpt>
   <trkpt lat="41.87422" lon="3.1746800000000004">
    <ele>112.01</ele>
   </trkpt>
   <trkpt lat="41.874010000000006" lon="3.17456">
    <ele>109.93</ele>
   </trkpt>
   <trkpt lat="41.873850000000004" lon="3.17437">
    <ele>106.56</ele>
   </trkpt>
   <trkpt lat="41.8735" lon="3.17369">
    <ele>104.19</ele>
   </trkpt>
   <trkpt lat="41.873250000000006" lon="3.1732500000000003">
    <ele>102.46000000000001</ele>
   </trkpt>
   <trkpt lat="41.87306" lon="3.17307">
    <ele>101.52000000000001</ele>
   </trkpt>
   <trkpt lat="41.87301" lon="3.1730400000000003">
    <ele>101.10000000000001</ele>
   </trkpt>
   <trkpt lat="41.873000000000005" lon="3.1730300000000002">
    <ele>101.01</ele>
   </trkpt>
   <trkpt lat="41.872890000000005" lon="3.1729800000000004">
    <ele>100.29</ele>
   </trkpt>
   <trkpt lat="41.87275" lon="3.1728400000000003">
    <ele>99.92</ele>
   </trkpt>
   <trkpt lat="41.87265" lon="3.1726400000000003">
    <ele>99.06</ele>
   </trkpt>
   <trkpt lat="41.872550000000004" lon="3.17228">
    <ele>99.28</ele>
   </trkpt>
   <trkpt lat="41.872510000000005" lon="3.1716200000000003">
    <ele>103.94</ele>
   </trkpt>
   <trkpt lat="41.872550000000004" lon="3.1713400000000003">
    <ele>102.74000000000001</ele>
   </trkpt>
   <trkpt lat="41.872550000000004" lon="3.1710300000000005">
    <ele>100.13000000000001</ele>
   </trkpt>
   <trkpt lat="41.87239" lon="3.17024">
    <ele>89.91</ele>
   </trkpt>
   <trkpt lat="41.872400000000006" lon="3.1698100000000005">
    <ele>88.06000000000002</ele>
   </trkpt>
   <trkpt lat="41.87239" lon="3.1696400000000002">
    <ele>86.77000000000001</ele>
   </trkpt>
   <trkpt lat="41.87205" lon="3.1689000000000003">
    <ele>81.49000000000001</ele>
   </trkpt>
   <trkpt lat="41.871930000000006" lon="3.16889">
    <ele>81.5</ele>
   </trkpt>
   <trkpt lat="41.87178" lon="3.1687000000000003">
    <ele>81.18</ele>
   </trkpt>
   <trkpt lat="41.87158" lon="3.1685000000000003">
    <ele>81.07000000000001</ele>
   </trkpt>
   <trkpt lat="41.8714" lon="3.1679100000000004">
    <ele>79.47000000000001</ele>
   </trkpt>
   <trkpt lat="41.871280000000006" lon="3.1674100000000003">
    <ele>78.78</ele>
   </trkpt>
   <trkpt lat="41.87126000000001" lon="3.1672700000000003">
    <ele>78.74000000000001</ele>
   </trkpt>
   <trkpt lat="41.87126000000001" lon="3.16726">
    <ele>78.72000000000001</ele>
   </trkpt>
   <trkpt lat="41.871210000000005" lon="3.1668100000000003">
    <ele>76.32000000000001</ele>
   </trkpt>
   <trkpt lat="41.871140000000004" lon="3.1665">
    <ele>73.45</ele>
   </trkpt>
   <trkpt lat="41.871010000000005" lon="3.1662000000000003">
    <ele>67.33</ele>
   </trkpt>
   <trkpt lat="41.87106" lon="3.16584">
    <ele>64.59</ele>
   </trkpt>
   <trkpt lat="41.87106" lon="3.1655800000000003">
    <ele>63.0</ele>
   </trkpt>
   <trkpt lat="41.87102" lon="3.1654500000000003">
    <ele>63.0</ele>
   </trkpt>
   <trkpt lat="41.871080000000006" lon="3.1653200000000004">
    <ele>59.93</ele>
   </trkpt>
   <trkpt lat="41.871280000000006" lon="3.1643900000000005">
    <ele>53.21000000000001</ele>
   </trkpt>
   <trkpt lat="41.87133" lon="3.16379">
    <ele>48.68</ele>
   </trkpt>
   <trkpt lat="41.87133" lon="3.16338">
    <ele>45.49</ele>
   </trkpt>
   <trkpt lat="41.871410000000004" lon="3.1630200000000004">
    <ele>42.93</ele>
   </trkpt>
   <trkpt lat="41.871410000000004" lon="3.16272">
    <ele>41.31</ele>
   </trkpt>
   <trkpt lat="41.871190000000006" lon="3.1620600000000003">
    <ele>36.34</ele>
   </trkpt>
   <trkpt lat="41.87113" lon="3.1619200000000003">
    <ele>36.06</ele>
   </trkpt>
   <trkpt lat="41.87048" lon="3.1615800000000003">
    <ele>31.57</ele>
   </trkpt>
   <trkpt lat="41.870070000000005" lon="3.1614700000000004">
    <ele>30.410000000000004</ele>
   </trkpt>
   <trkpt lat="41.86985000000001" lon="3.16143">
    <ele>28.940000000000005</ele>
   </trkpt>
   <trkpt lat="41.86972" lon="3.1611900000000004">
    <ele>28.37</ele>
   </trkpt>
   <trkpt lat="41.86956" lon="3.1609700000000003">
    <ele>27.680000000000003</ele>
   </trkpt>
   <trkpt lat="41.869550000000004" lon="3.1609700000000003">
    <ele>27.67</ele>
   </trkpt>
   <trkpt lat="41.86928" lon="3.1605900000000005">
    <ele>26.17</ele>
   </trkpt>
   <trkpt lat="41.868880000000004" lon="3.1603600000000003">
    <ele>23.94</ele>
   </trkpt>
   <trkpt lat="41.868500000000004" lon="3.1600800000000002">
    <ele>21.630000000000003</ele>
   </trkpt>
   <trkpt lat="41.868520000000004" lon="3.1595500000000003">
    <ele>19.84</ele>
   </trkpt>
   <trkpt lat="41.868500000000004" lon="3.15925">
    <ele>18.500000000000004</ele>
   </trkpt>
   <trkpt lat="41.86831" lon="3.15845">
    <ele>16.19</ele>
   </trkpt>
   <trkpt lat="41.86826000000001" lon="3.15811">
    <ele>16.400000000000002</ele>
   </trkpt>
   <trkpt lat="41.86802" lon="3.15809">
    <ele>15.27</ele>
   </trkpt>
   <trkpt lat="41.867520000000006" lon="3.15789">
    <ele>13.040000000000001</ele>
   </trkpt>
   <trkpt lat="41.86733" lon="3.1578600000000003">
    <ele>12.790000000000001</ele>
   </trkpt>
   <trkpt lat="41.867180000000005" lon="3.15776">
    <ele>12.59</ele>
   </trkpt>
   <trkpt lat="41.86693" lon="3.1575">
    <ele>11.44</ele>
   </trkpt>
   <trkpt lat="41.866460000000004" lon="3.15716">
    <ele>10.89</ele>
   </trkpt>
   <trkpt lat="41.866310000000006" lon="3.1571100000000003">
    <ele>10.64</ele>
   </trkpt>
   <trkpt lat="41.866170000000004" lon="3.15716">
    <ele>10.22</ele>
   </trkpt>
   <trkpt lat="41.866020000000006" lon="3.1572600000000004">
    <ele>9.850000000000001</ele>
   </trkpt>
   <trkpt lat="41.865790000000004" lon="3.15736">
    <ele>9.07</ele>
   </trkpt>
   <trkpt lat="41.86565" lon="3.15735">
    <ele>9.07</ele>
   </trkpt>
   <trkpt lat="41.86545" lon="3.15721">
    <ele>8.26</ele>
   </trkpt>
   <trkpt lat="41.865120000000005" lon="3.1568400000000003">
    <ele>7.580000000000001</ele>
   </trkpt>
   <trkpt lat="41.864610000000006" lon="3.1564200000000002">
    <ele>5.3</ele>
   </trkpt>
   <trkpt lat="41.864360000000005" lon="3.15628">
    <ele>5.3</ele>
   </trkpt>
   <trkpt lat="41.863960000000006" lon="3.15614">
    <ele>4.44</ele>
   </trkpt>
   <trkpt lat="41.86395" lon="3.15614">
    <ele>4.430000000000001</ele>
   </trkpt>
   <trkpt lat="41.863820000000004" lon="3.15614">
    <ele>4.32</ele>
   </trkpt>
   <trkpt lat="41.86346" lon="3.1561800000000004">
    <ele>4.0200000000000005</ele>
   </trkpt>
   <trkpt lat="41.863240000000005" lon="3.1562900000000003">
    <ele>3.73</ele>
   </trkpt>
   <trkpt lat="41.86303" lon="3.1563700000000003">
    <ele>3.69</ele>
   </trkpt>
   <trkpt lat="41.86263" lon="3.1564300000000003">
    <ele>3.58</ele>
   </trkpt>
   <trkpt lat="41.86267" lon="3.1558">
    <ele>3.87</ele>
   </trkpt>
   <trkpt lat="41.862660000000005" lon="3.1554300000000004">
    <ele>4.140000000000001</ele>
   </trkpt>
   <trkpt lat="41.862660000000005" lon="3.1554100000000003">
    <ele>4.15</ele>
   </trkpt>
   <trkpt lat="41.86265" lon="3.1547">
    <ele>6.7700000000000005</ele>
   </trkpt>
   <trkpt lat="41.86271000000001" lon="3.1545300000000003">
    <ele>9.82</ele>
   </trkpt>
   <trkpt lat="41.86291000000001" lon="3.1546900000000004">
    <ele>7.95</ele>
   </trkpt>
   <trkpt lat="41.86309000000001" lon="3.1549300000000002">
    <ele>4.91</ele>
   </trkpt>
   <trkpt lat="41.863150000000005" lon="3.15511">
    <ele>4.68</ele>
   </trkpt>
   <trkpt lat="41.86346" lon="3.15504">
    <ele>5.29</ele>
   </trkpt>
   <trkpt lat="41.863670000000006" lon="3.15484">
    <ele>5.95</ele>
   </trkpt>
   <trkpt lat="41.863850000000006" lon="3.1547400000000003">
    <ele>7.4</ele>
   </trkpt>
   <trkpt lat="41.86419" lon="3.1546700000000003">
    <ele>8.46</ele>
   </trkpt>
   <trkpt lat="41.86455" lon="3.1545600000000005">
    <ele>11.06</ele>
   </trkpt>
   <trkpt lat="41.86475" lon="3.1544800000000004">
    <ele>11.91</ele>
   </trkpt>
   <trkpt lat="41.865030000000004" lon="3.1543300000000003">
    <ele>11.410000000000002</ele>
   </trkpt>
   <trkpt lat="41.86516" lon="3.15403">
    <ele>13.09</ele>
   </trkpt>
   <trkpt lat="41.8652" lon="3.15397">
    <ele>13.590000000000002</ele>
   </trkpt>
   <trkpt lat="41.86563" lon="3.1535900000000003">
    <ele>15.850000000000003</ele>
   </trkpt>
   <trkpt lat="41.865930000000006" lon="3.15343">
    <ele>16.470000000000002</ele>
   </trkpt>
   <trkpt lat="41.8665" lon="3.1531700000000003">
    <ele>15.98</ele>
   </trkpt>
   <trkpt lat="41.86659" lon="3.15296">
    <ele>16.96</ele>
   </trkpt>
   <trkpt lat="41.86672" lon="3.15267">
    <ele>19.14</ele>
   </trkpt>
   <trkpt lat="41.866820000000004" lon="3.1525600000000003">
    <ele>20.040000000000003</ele>
   </trkpt>
   <trkpt lat="41.866550000000004" lon="3.1525800000000004">
    <ele>21.220000000000002</ele>
   </trkpt>
   <trkpt lat="41.86643" lon="3.15262">
    <ele>22.02</ele>
   </trkpt>
   <trkpt lat="41.86621" lon="3.1525700000000003">
    <ele>23.75</ele>
   </trkpt>
   <trkpt lat="41.86612" lon="3.15246">
    <ele>24.610000000000003</ele>
   </trkpt>
   <trkpt lat="41.86592" lon="3.1521200000000005">
    <ele>28.25</ele>
   </trkpt>
   <trkpt lat="41.8658" lon="3.1520200000000003">
    <ele>30.09</ele>
   </trkpt>
   <trkpt lat="41.8656" lon="3.15194">
    <ele>31.720000000000006</ele>
   </trkpt>
   <trkpt lat="41.865520000000004" lon="3.1517700000000004">
    <ele>32.580000000000005</ele>
   </trkpt>
   <trkpt lat="41.86536" lon="3.1515400000000002">
    <ele>33.34</ele>
   </trkpt>
   <trkpt lat="41.86525" lon="3.1513400000000003">
    <ele>33.400000000000006</ele>
   </trkpt>
   <trkpt lat="41.865210000000005" lon="3.1511400000000003">
    <ele>32.52</ele>
   </trkpt>
   <trkpt lat="41.865050000000004" lon="3.1506800000000004">
    <ele>31.160000000000004</ele>
   </trkpt>
   <trkpt lat="41.8646" lon="3.1498600000000003">
    <ele>34.85000000000001</ele>
   </trkpt>
   <trkpt lat="41.8646" lon="3.1497200000000003">
    <ele>36.410000000000004</ele>
   </trkpt>
   <trkpt lat="41.86448" lon="3.1497300000000004">
    <ele>36.83</ele>
   </trkpt>
   <trkpt lat="41.864250000000006" lon="3.1496800000000005">
    <ele>37.480000000000004</ele>
   </trkpt>
   <trkpt lat="41.86383" lon="3.1495">
    <ele>38.77</ele>
   </trkpt>
   <trkpt lat="41.86379" lon="3.14882">
    <ele>38.790000000000006</ele>
   </trkpt>
   <trkpt lat="41.8637" lon="3.1484400000000003">
    <ele>38.330000000000005</ele>
   </trkpt>
   <trkpt lat="41.8637" lon="3.1484300000000003">
    <ele>38.330000000000005</ele>
   </trkpt>
   <trkpt lat="41.86359" lon="3.1481700000000004">
    <ele>38.34</ele>
   </trkpt>
   <trkpt lat="41.86354" lon="3.1478900000000003">
    <ele>38.44</ele>
   </trkpt>
   <trkpt lat="41.86352" lon="3.14759">
    <ele>39.470000000000006</ele>
   </trkpt>
   <trkpt lat="41.86359" lon="3.1469500000000004">
    <ele>39.120000000000005</ele>
   </trkpt>
   <trkpt lat="41.863690000000005" lon="3.14657">
    <ele>37.410000000000004</ele>
   </trkpt>
   <trkpt lat="41.863800000000005" lon="3.1462600000000003">
    <ele>36.02</ele>
   </trkpt>
   <trkpt lat="41.86394000000001" lon="3.14597">
    <ele>35.71000000000001</ele>
   </trkpt>
   <trkpt lat="41.86399" lon="3.1457300000000004">
    <ele>35.190000000000005</ele>
   </trkpt>
   <trkpt lat="41.863640000000004" lon="3.14476">
    <ele>30.7</ele>
   </trkpt>
   <trkpt lat="41.86341" lon="3.1442">
    <ele>27.110000000000003</ele>
   </trkpt>
   <trkpt lat="41.86307" lon="3.14372">
    <ele>22.140000000000004</ele>
   </trkpt>
   <trkpt lat="41.86283" lon="3.14333">
    <ele>20.53</ele>
   </trkpt>
   <trkpt lat="41.86271000000001" lon="3.1430700000000003">
    <ele>19.78</ele>
   </trkpt>
   <trkpt lat="41.862700000000004" lon="3.1430000000000002">
    <ele>19.78</ele>
   </trkpt>
   <trkpt lat="41.86267" lon="3.14292">
    <ele>19.78</ele>
   </trkpt>
   <trkpt lat="41.862730000000006" lon="3.1428700000000003">
    <ele>19.84</ele>
   </trkpt>
   <trkpt lat="41.86274" lon="3.14277">
    <ele>19.85</ele>
   </trkpt>
   <trkpt lat="41.862700000000004" lon="3.1426900000000004">
    <ele>19.83</ele>
   </trkpt>
   <trkpt lat="41.86262000000001" lon="3.1426800000000004">
    <ele>19.75</ele>
   </trkpt>
   <trkpt lat="41.862570000000005" lon="3.1427400000000003">
    <ele>19.75</ele>
   </trkpt>
   <trkpt lat="41.86256" lon="3.14285">
    <ele>19.44</ele>
   </trkpt>
   <trkpt lat="41.86244000000001" lon="3.14292">
    <ele>17.76</ele>
   </trkpt>
   <trkpt lat="41.86159000015052" lon="3.1431900036417377">
    <ele>12.22</ele>
   </trkpt>
   <trkpt lat="41.86074000000001" lon="3.14346">
    <ele>9.510000000000002</ele>
   </trkpt>
   <trkpt lat="41.860580000000006" lon="3.14347">
    <ele>9.14</ele>
   </trkpt>
   <trkpt lat="41.86019" lon="3.1434200000000003">
    <ele>8.96</ele>
   </trkpt>
   <trkpt lat="41.86008" lon="3.14338">
    <ele>8.96</ele>
   </trkpt>
   <trkpt lat="41.859750000000005" lon="3.1432">
    <ele>9.160000000000002</ele>
   </trkpt>
   <trkpt lat="41.85958" lon="3.1430700000000003">
    <ele>9.500000000000002</ele>
   </trkpt>
   <trkpt lat="41.85933" lon="3.14286">
    <ele>10.88</ele>
   </trkpt>
   <trkpt lat="41.85913" lon="3.1426600000000002">
    <ele>11.750000000000002</ele>
   </trkpt>
   <trkpt lat="41.85906000000001" lon="3.1424900000000004">
    <ele>12.25</ele>
   </trkpt>
   <trkpt lat="41.858900000000006" lon="3.1418700000000004">
    <ele>13.340000000000002</ele>
   </trkpt>
   <trkpt lat="41.85884000156202" lon="3.141269999443598">
    <ele>14.31</ele>
   </trkpt>
   <trkpt lat="41.85878" lon="3.14067">
    <ele>15.83</ele>
   </trkpt>
   <trkpt lat="41.858760000000004" lon="3.14055">
    <ele>16.19</ele>
   </trkpt>
   <trkpt lat="41.858720000000005" lon="3.1405600000000002">
    <ele>16.19</ele>
   </trkpt>
   <trkpt lat="41.85869" lon="3.14054">
    <ele>16.19</ele>
   </trkpt>
   <trkpt lat="41.85868000000001" lon="3.1404900000000002">
    <ele>16.19</ele>
   </trkpt>
   <trkpt lat="41.8586" lon="3.1404600000000005">
    <ele>16.76</ele>
   </trkpt>
   <trkpt lat="41.858080000495015" lon="3.14010999712966">
    <ele>17.42</ele>
   </trkpt>
   <trkpt lat="41.85756000000001" lon="3.1397600000000003">
    <ele>17.890000000000004</ele>
   </trkpt>
   <trkpt lat="41.857150000000004" lon="3.13959">
    <ele>18.02</ele>
   </trkpt>
   <trkpt lat="41.856660000000005" lon="3.13945">
    <ele>18.35</ele>
   </trkpt>
   <trkpt lat="41.85631" lon="3.13938">
    <ele>18.6</ele>
   </trkpt>
   <trkpt lat="41.856120000000004" lon="3.13939">
    <ele>18.750000000000004</ele>
   </trkpt>
   <trkpt lat="41.855940000000004" lon="3.13947">
    <ele>18.92</ele>
   </trkpt>
   <trkpt lat="41.8556" lon="3.13981">
    <ele>19.8</ele>
   </trkpt>
   <trkpt lat="41.85510000096872" lon="3.1402550033810663">
    <ele>21.44</ele>
   </trkpt>
   <trkpt lat="41.854600000000005" lon="3.1407000000000003">
    <ele>22.250000000000004</ele>
   </trkpt>
   <trkpt lat="41.85403000069403" lon="3.141070003232257">
    <ele>21.810000000000002</ele>
   </trkpt>
   <trkpt lat="41.853460000000005" lon="3.1414400000000002">
    <ele>21.26</ele>
   </trkpt>
   <trkpt lat="41.853370000000005" lon="3.1415100000000002">
    <ele>21.41</ele>
   </trkpt>
   <trkpt lat="41.85329" lon="3.14162">
    <ele>21.560000000000002</ele>
   </trkpt>
   <trkpt lat="41.853010000000005" lon="3.1413200000000003">
    <ele>23.35</ele>
   </trkpt>
   <trkpt lat="41.85256500088505" lon="3.140884997036603">
    <ele>27.14</ele>
   </trkpt>
   <trkpt lat="41.852120000000006" lon="3.1404500000000004">
    <ele>29.740000000000002</ele>
   </trkpt>
   <trkpt lat="41.85171500061197" lon="3.140029997182001">
    <ele>29.580000000000002</ele>
   </trkpt>
   <trkpt lat="41.851310000000005" lon="3.1396100000000002">
    <ele>26.97</ele>
   </trkpt>
   <trkpt lat="41.85086000094329" lon="3.13914499673452">
    <ele>24.130000000000003</ele>
   </trkpt>
   <trkpt lat="41.850410000000004" lon="3.1386800000000004">
    <ele>24.150000000000002</ele>
   </trkpt>
   <trkpt lat="41.850300000000004" lon="3.1385">
    <ele>24.37</ele>
   </trkpt>
   <trkpt lat="41.850260000000006" lon="3.13824">
    <ele>25.14</ele>
   </trkpt>
   <trkpt lat="41.85029" lon="3.13809">
    <ele>25.59</ele>
   </trkpt>
   <trkpt lat="41.85034" lon="3.1380000000000003">
    <ele>25.59</ele>
   </trkpt>
   <trkpt lat="41.850440000000006" lon="3.13789">
    <ele>25.92</ele>
   </trkpt>
   <trkpt lat="41.85114" lon="3.13737">
    <ele>27.28</ele>
   </trkpt>
   <trkpt lat="41.85192333612067" lon="3.136803347211049">
    <ele>29.300000000000004</ele>
   </trkpt>
   <trkpt lat="41.85270666945606" lon="3.136236680543143">
    <ele>30.570000000000004</ele>
   </trkpt>
   <trkpt lat="41.85349" lon="3.13567">
    <ele>32.61</ele>
   </trkpt>
   <trkpt lat="41.85362000000001" lon="3.1356400000000004">
    <ele>32.74</ele>
   </trkpt>
   <trkpt lat="41.85374" lon="3.1356900000000003">
    <ele>32.660000000000004</ele>
   </trkpt>
   <trkpt lat="41.85380000000001" lon="3.1356800000000002">
    <ele>32.660000000000004</ele>
   </trkpt>
   <trkpt lat="41.853880000000004" lon="3.1355700000000004">
    <ele>32.980000000000004</ele>
   </trkpt>
   <trkpt lat="41.85405" lon="3.1354900000000003">
    <ele>33.2</ele>
   </trkpt>
   <trkpt lat="41.85419" lon="3.1354900000000003">
    <ele>32.74</ele>
   </trkpt>
   <trkpt lat="41.8545" lon="3.1355800000000005">
    <ele>32.29</ele>
   </trkpt>
   <trkpt lat="41.85499" lon="3.1357700000000004">
    <ele>30.76</ele>
   </trkpt>
   <trkpt lat="41.85586000000001" lon="3.13606">
    <ele>26.18</ele>
   </trkpt>
   <trkpt lat="41.85605" lon="3.1361600000000003">
    <ele>25.93</ele>
   </trkpt>
   <trkpt lat="41.856080000000006" lon="3.13621">
    <ele>25.900000000000002</ele>
   </trkpt>
   <trkpt lat="41.85614" lon="3.1362500000000004">
    <ele>25.44</ele>
   </trkpt>
   <trkpt lat="41.85618" lon="3.1362500000000004">
    <ele>25.44</ele>
   </trkpt>
   <trkpt lat="41.856260000000006" lon="3.1361900000000005">
    <ele>24.71</ele>
   </trkpt>
   <trkpt lat="41.85649" lon="3.1361000000000003">
    <ele>23.270000000000003</ele>
   </trkpt>
   <trkpt lat="41.85671000000001" lon="3.13606">
    <ele>23.270000000000003</ele>
   </trkpt>
   <trkpt lat="41.856930000000006" lon="3.1359800000000004">
    <ele>21.93</ele>
   </trkpt>
   <trkpt lat="41.857310000000005" lon="3.1357800000000005">
    <ele>19.970000000000002</ele>
   </trkpt>
   <trkpt lat="41.857910000000004" lon="3.1353000000000004">
    <ele>18.37</ele>
   </trkpt>
   <trkpt lat="41.857910000000004" lon="3.13531">
    <ele>18.400000000000002</ele>
   </trkpt>
   <trkpt lat="41.85832000057344" lon="3.134960002207938">
    <ele>17.87</ele>
   </trkpt>
   <trkpt lat="41.85873" lon="3.1346100000000003">
    <ele>17.66</ele>
   </trkpt>
   <trkpt lat="41.859440000000006" lon="3.13389">
    <ele>16.59</ele>
   </trkpt>
   <trkpt lat="41.85958" lon="3.13369">
    <ele>15.75</ele>
   </trkpt>
   <trkpt lat="41.85965" lon="3.1335400000000004">
    <ele>14.790000000000001</ele>
   </trkpt>
   <trkpt lat="41.859840000000005" lon="3.1330500000000003">
    <ele>12.610000000000001</ele>
   </trkpt>
   <trkpt lat="41.859880000000004" lon="3.13303">
    <ele>12.58</ele>
   </trkpt>
   <trkpt lat="41.86003" lon="3.13303">
    <ele>12.3</ele>
   </trkpt>
   <trkpt lat="41.86014" lon="3.1330700000000005">
    <ele>11.940000000000001</ele>
   </trkpt>
   <trkpt lat="41.86083333499731" lon="3.1335099904486894">
    <ele>12.16</ele>
   </trkpt>
   <trkpt lat="41.861526668315314" lon="3.133949990438808">
    <ele>13.97</ele>
   </trkpt>
   <trkpt lat="41.86222" lon="3.1343900000000002">
    <ele>16.0</ele>
   </trkpt>
   <trkpt lat="41.862590000000004" lon="3.1346600000000002">
    <ele>16.52</ele>
   </trkpt>
   <trkpt lat="41.862970000000004" lon="3.13504">
    <ele>16.400000000000002</ele>
   </trkpt>
   <trkpt lat="41.86343" lon="3.1355600000000003">
    <ele>16.150000000000002</ele>
   </trkpt>
   <trkpt lat="41.863580000000006" lon="3.13579">
    <ele>16.18</ele>
   </trkpt>
   <trkpt lat="41.863620000000004" lon="3.13587">
    <ele>16.18</ele>
   </trkpt>
   <trkpt lat="41.863670000000006" lon="3.1361000000000003">
    <ele>16.46</ele>
   </trkpt>
   <trkpt lat="41.863670000000006" lon="3.13626">
    <ele>16.68</ele>
   </trkpt>
   <trkpt lat="41.863640000000004" lon="3.13635">
    <ele>16.68</ele>
   </trkpt>
   <trkpt lat="41.86388" lon="3.13654">
    <ele>16.89</ele>
   </trkpt>
   <trkpt lat="41.864020000000004" lon="3.1367200000000004">
    <ele>17.0</ele>
   </trkpt>
   <trkpt lat="41.864180000000005" lon="3.13687">
    <ele>17.0</ele>
   </trkpt>
   <trkpt lat="41.8643" lon="3.1369100000000003">
    <ele>16.880000000000003</ele>
   </trkpt>
   <trkpt lat="41.86451" lon="3.13687">
    <ele>16.6</ele>
   </trkpt>
   <trkpt lat="41.864650000000005" lon="3.13687">
    <ele>16.6</ele>
   </trkpt>
   <trkpt lat="41.864790000000006" lon="3.1370400000000003">
    <ele>16.25</ele>
   </trkpt>
   <trkpt lat="41.865050000000004" lon="3.13709">
    <ele>15.580000000000002</ele>
   </trkpt>
   <trkpt lat="41.86511" lon="3.1371200000000004">
    <ele>15.580000000000002</ele>
   </trkpt>
   <trkpt lat="41.86572" lon="3.13777">
    <ele>15.420000000000002</ele>
   </trkpt>
   <trkpt lat="41.86596" lon="3.13796">
    <ele>15.44</ele>
   </trkpt>
   <trkpt lat="41.866170000000004" lon="3.13816">
    <ele>15.490000000000002</ele>
   </trkpt>
   <trkpt lat="41.86659" lon="3.13838">
    <ele>15.76</ele>
   </trkpt>
   <trkpt lat="41.867200000000004" lon="3.1388800000000003">
    <ele>16.580000000000002</ele>
   </trkpt>
   <trkpt lat="41.86735" lon="3.13898">
    <ele>16.580000000000002</ele>
   </trkpt>
   <trkpt lat="41.86751" lon="3.13906">
    <ele>16.71</ele>
   </trkpt>
   <trkpt lat="41.86771" lon="3.13912">
    <ele>16.71</ele>
   </trkpt>
   <trkpt lat="41.86798" lon="3.1391400000000003">
    <ele>16.71</ele>
   </trkpt>
   <trkpt lat="41.86809" lon="3.1391700000000005">
    <ele>16.69</ele>
   </trkpt>
   <trkpt lat="41.86836" lon="3.13931">
    <ele>16.700000000000003</ele>
   </trkpt>
   <trkpt lat="41.86844000000001" lon="3.1394100000000003">
    <ele>16.77</ele>
   </trkpt>
   <trkpt lat="41.868590000000005" lon="3.1394400000000005">
    <ele>16.77</ele>
   </trkpt>
   <trkpt lat="41.86889" lon="3.13954">
    <ele>17.02</ele>
   </trkpt>
   <trkpt lat="41.869220000000006" lon="3.1396200000000003">
    <ele>17.060000000000002</ele>
   </trkpt>
   <trkpt lat="41.86999" lon="3.1399600000000003">
    <ele>17.330000000000002</ele>
   </trkpt>
   <trkpt lat="41.87022" lon="3.1400200000000003">
    <ele>17.35</ele>
   </trkpt>
   <trkpt lat="41.870340000000006" lon="3.14008">
    <ele>17.35</ele>
   </trkpt>
   <trkpt lat="41.87042" lon="3.14014">
    <ele>17.35</ele>
   </trkpt>
   <trkpt lat="41.870490000000004" lon="3.1402200000000002">
    <ele>17.470000000000002</ele>
   </trkpt>
   <trkpt lat="41.870830000000005" lon="3.14075">
    <ele>17.78</ele>
   </trkpt>
   <trkpt lat="41.87091" lon="3.1408400000000003">
    <ele>18.060000000000002</ele>
   </trkpt>
   <trkpt lat="41.87098" lon="3.14089">
    <ele>18.060000000000002</ele>
   </trkpt>
   <trkpt lat="41.871230000000004" lon="3.14081">
    <ele>18.27</ele>
   </trkpt>
   <trkpt lat="41.87149" lon="3.14089">
    <ele>18.62</ele>
   </trkpt>
   <trkpt lat="41.871900000000004" lon="3.14108">
    <ele>18.65</ele>
   </trkpt>
   <trkpt lat="41.872040000000005" lon="3.1411900000000004">
    <ele>18.7</ele>
   </trkpt>
   <trkpt lat="41.872240000000005" lon="3.14129">
    <ele>18.7</ele>
   </trkpt>
   <trkpt lat="41.8725" lon="3.1415200000000003">
    <ele>19.14</ele>
   </trkpt>
   <trkpt lat="41.872840000000004" lon="3.1417400000000004">
    <ele>19.360000000000003</ele>
   </trkpt>
   <trkpt lat="41.873110000000004" lon="3.14203">
    <ele>19.78</ele>
   </trkpt>
   <trkpt lat="41.873290000000004" lon="3.1421300000000003">
    <ele>19.89</ele>
   </trkpt>
   <trkpt lat="41.873490000000004" lon="3.1423400000000004">
    <ele>19.930000000000003</ele>
   </trkpt>
   <trkpt lat="41.874010000000006" lon="3.1426700000000003">
    <ele>20.060000000000002</ele>
   </trkpt>
   <trkpt lat="41.87417000000001" lon="3.1428100000000003">
    <ele>20.17</ele>
   </trkpt>
   <trkpt lat="41.874280000000006" lon="3.1430100000000003">
    <ele>20.34</ele>
   </trkpt>
   <trkpt lat="41.874520000000004" lon="3.14367">
    <ele>20.52</ele>
   </trkpt>
   <trkpt lat="41.87462" lon="3.1438500000000005">
    <ele>20.650000000000002</ele>
   </trkpt>
   <trkpt lat="41.87478" lon="3.144">
    <ele>20.650000000000002</ele>
   </trkpt>
   <trkpt lat="41.874770000000005" lon="3.14399">
    <ele>20.64</ele>
   </trkpt>
   <trkpt lat="41.87498" lon="3.1441200000000005">
    <ele>20.720000000000002</ele>
   </trkpt>
   <trkpt lat="41.87527" lon="3.14426">
    <ele>20.93</ele>
   </trkpt>
   <trkpt lat="41.875420000000005" lon="3.14441">
    <ele>20.84</ele>
   </trkpt>
   <trkpt lat="41.875220000000006" lon="3.14489">
    <ele>21.040000000000003</ele>
   </trkpt>
   <trkpt lat="41.875040000000006" lon="3.1455200000000003">
    <ele>20.650000000000002</ele>
   </trkpt>
   <trkpt lat="41.87451" lon="3.1462600000000003">
    <ele>20.96</ele>
   </trkpt>
   <trkpt lat="41.87447" lon="3.14636">
    <ele>21.210000000000004</ele>
   </trkpt>
   <trkpt lat="41.874480000000005" lon="3.14645">
    <ele>21.210000000000004</ele>
   </trkpt>
   <trkpt lat="41.87474" lon="3.14726">
    <ele>21.17</ele>
   </trkpt>
   <trkpt lat="41.8748" lon="3.14725">
    <ele>21.17</ele>
   </trkpt>
   <trkpt lat="41.87487" lon="3.1473600000000004">
    <ele>21.1</ele>
   </trkpt>
   <trkpt lat="41.87489" lon="3.1474300000000004">
    <ele>21.1</ele>
   </trkpt>
   <trkpt lat="41.87492" lon="3.14745">
    <ele>21.060000000000002</ele>
   </trkpt>
   <trkpt lat="41.875780000000006" lon="3.14724">
    <ele>21.67</ele>
   </trkpt>
   <trkpt lat="41.87597" lon="3.1472300000000004">
    <ele>22.12</ele>
   </trkpt>
   <trkpt lat="41.87653" lon="3.1472800000000003">
    <ele>22.500000000000004</ele>
   </trkpt>
   <trkpt lat="41.877163333381596" lon="3.147293333070049">
    <ele>22.330000000000002</ele>
   </trkpt>
   <trkpt lat="41.87779666676166" lon="3.147306666404362">
    <ele>22.61</ele>
   </trkpt>
   <trkpt lat="41.87843" lon="3.14732">
    <ele>23.05</ele>
   </trkpt>
   <trkpt lat="41.879090000000005" lon="3.1473000000000004">
    <ele>23.41</ele>
   </trkpt>
   <trkpt lat="41.879200000000004" lon="3.14726">
    <ele>23.46</ele>
   </trkpt>
   <trkpt lat="41.879740000000005" lon="3.1472100000000003">
    <ele>24.130000000000003</ele>
   </trkpt>
   <trkpt lat="41.880230000000005" lon="3.14726">
    <ele>24.23</ele>
   </trkpt>
   <trkpt lat="41.880770000000005" lon="3.1473400000000002">
    <ele>24.71</ele>
   </trkpt>
   <trkpt lat="41.88105" lon="3.1474">
    <ele>24.85</ele>
   </trkpt>
   <trkpt lat="41.881750000000004" lon="3.1477000000000004">
    <ele>25.44</ele>
   </trkpt>
   <trkpt lat="41.88183" lon="3.14772">
    <ele>25.39</ele>
   </trkpt>
   <trkpt lat="41.882200000000005" lon="3.14772">
    <ele>25.86</ele>
   </trkpt>
   <trkpt lat="41.88264" lon="3.1476900000000003">
    <ele>26.01</ele>
   </trkpt>
   <trkpt lat="41.883010000000006" lon="3.1475600000000004">
    <ele>26.1</ele>
   </trkpt>
   <trkpt lat="41.88349500015084" lon="3.1474150010828175">
    <ele>26.570000000000004</ele>
   </trkpt>
   <trkpt lat="41.88398" lon="3.1472700000000002">
    <ele>27.110000000000003</ele>
   </trkpt>
   <trkpt lat="41.884820000000005" lon="3.1471500000000003">
    <ele>27.770000000000003</ele>
   </trkpt>
   <trkpt lat="41.885220000000004" lon="3.1472800000000003">
    <ele>28.39</ele>
   </trkpt>
   <trkpt lat="41.88533" lon="3.1473700000000004">
    <ele>28.39</ele>
   </trkpt>
   <trkpt lat="41.88548" lon="3.14758">
    <ele>28.690000000000005</ele>
   </trkpt>
   <trkpt lat="41.885670000000005" lon="3.1477800000000005">
    <ele>28.89</ele>
   </trkpt>
   <trkpt lat="41.88573" lon="3.1479800000000004">
    <ele>28.970000000000002</ele>
   </trkpt>
   <trkpt lat="41.88590000000001" lon="3.1481100000000004">
    <ele>28.96</ele>
   </trkpt>
   <trkpt lat="41.886070000000004" lon="3.1483100000000004">
    <ele>29.110000000000003</ele>
   </trkpt>
   <trkpt lat="41.8862" lon="3.14835">
    <ele>29.150000000000002</ele>
   </trkpt>
   <trkpt lat="41.88637000000001" lon="3.1483600000000003">
    <ele>29.150000000000002</ele>
   </trkpt>
   <trkpt lat="41.886480000000006" lon="3.1483200000000005">
    <ele>29.25</ele>
   </trkpt>
   <trkpt lat="41.886810000000004" lon="3.14814">
    <ele>29.93</ele>
   </trkpt>
   <trkpt lat="41.88692" lon="3.1481000000000003">
    <ele>30.04</ele>
   </trkpt>
   <trkpt lat="41.886970000000005" lon="3.1481000000000003">
    <ele>30.070000000000004</ele>
   </trkpt>
   <trkpt lat="41.88703" lon="3.14813">
    <ele>30.070000000000004</ele>
   </trkpt>
   <trkpt lat="41.88725" lon="3.1483200000000005">
    <ele>30.04</ele>
   </trkpt>
   <trkpt lat="41.88768" lon="3.14875">
    <ele>30.11</ele>
   </trkpt>
   <trkpt lat="41.88774" lon="3.1488300000000002">
    <ele>30.11</ele>
   </trkpt>
   <trkpt lat="41.88832500116102" lon="3.1493699949592067">
    <ele>29.970000000000002</ele>
   </trkpt>
   <trkpt lat="41.88891" lon="3.14991">
    <ele>29.880000000000003</ele>
   </trkpt>
   <trkpt lat="41.888940000000005" lon="3.1500000000000004">
    <ele>29.880000000000003</ele>
   </trkpt>
   <trkpt lat="41.88893" lon="3.1500600000000003">
    <ele>29.880000000000003</ele>
   </trkpt>
   <trkpt lat="41.88857" lon="3.15098">
    <ele>29.53</ele>
   </trkpt>
   <trkpt lat="41.88857" lon="3.1510300000000004">
    <ele>29.42</ele>
   </trkpt>
   <trkpt lat="41.88886" lon="3.15118">
    <ele>29.34</ele>
   </trkpt>
   <trkpt lat="41.889190000000006" lon="3.1512900000000004">
    <ele>29.380000000000003</ele>
   </trkpt>
   <trkpt lat="41.88931" lon="3.1513600000000004">
    <ele>29.460000000000004</ele>
   </trkpt>
   <trkpt lat="41.889410000000005" lon="3.15147">
    <ele>29.460000000000004</ele>
   </trkpt>
   <trkpt lat="41.88951" lon="3.1516300000000004">
    <ele>29.460000000000004</ele>
   </trkpt>
   <trkpt lat="41.889630000000004" lon="3.15194">
    <ele>29.580000000000002</ele>
   </trkpt>
   <trkpt lat="41.8898" lon="3.1521800000000004">
    <ele>29.580000000000002</ele>
   </trkpt>
   <trkpt lat="41.890190000000004" lon="3.15255">
    <ele>29.710000000000004</ele>
   </trkpt>
   <trkpt lat="41.89029" lon="3.15269">
    <ele>29.720000000000002</ele>
   </trkpt>
   <trkpt lat="41.8903" lon="3.1527000000000003">
    <ele>29.720000000000002</ele>
   </trkpt>
   <trkpt lat="41.89061" lon="3.1531100000000003">
    <ele>29.800000000000004</ele>
   </trkpt>
   <trkpt lat="41.89099" lon="3.15343">
    <ele>30.03</ele>
   </trkpt>
   <trkpt lat="41.891110000000005" lon="3.1535">
    <ele>30.03</ele>
   </trkpt>
   <trkpt lat="41.89153" lon="3.1535800000000003">
    <ele>30.160000000000004</ele>
   </trkpt>
   <trkpt lat="41.89173" lon="3.1536500000000003">
    <ele>30.37</ele>
   </trkpt>
   <trkpt lat="41.892140000000005" lon="3.15369">
    <ele>30.37</ele>
   </trkpt>
   <trkpt lat="41.892630000000004" lon="3.1538000000000004">
    <ele>30.650000000000002</ele>
   </trkpt>
   <trkpt lat="41.89316" lon="3.1538800000000005">
    <ele>30.990000000000002</ele>
   </trkpt>
   <trkpt lat="41.89362000018568" lon="3.1538949998979935">
    <ele>31.01</ele>
   </trkpt>
   <trkpt lat="41.89408" lon="3.15391">
    <ele>31.01</ele>
   </trkpt>
   <trkpt lat="41.894560000000006" lon="3.15402">
    <ele>31.380000000000006</ele>
   </trkpt>
   <trkpt lat="41.89509" lon="3.1542000000000003">
    <ele>31.380000000000006</ele>
   </trkpt>
   <trkpt lat="41.89519000000001" lon="3.1542700000000004">
    <ele>31.380000000000006</ele>
   </trkpt>
   <trkpt lat="41.89567" lon="3.15478">
    <ele>31.68</ele>
   </trkpt>
   <trkpt lat="41.89598" lon="3.1551600000000004">
    <ele>32.160000000000004</ele>
   </trkpt>
   <trkpt lat="41.89618" lon="3.1553400000000003">
    <ele>32.260000000000005</ele>
   </trkpt>
   <trkpt lat="41.89660000000001" lon="3.15567">
    <ele>32.620000000000005</ele>
   </trkpt>
   <trkpt lat="41.89715" lon="3.1562200000000002">
    <ele>32.77</ele>
   </trkpt>
   <trkpt lat="41.89775" lon="3.1564900000000002">
    <ele>33.160000000000004</ele>
   </trkpt>
   <trkpt lat="41.89808" lon="3.1567100000000003">
    <ele>33.25</ele>
   </trkpt>
   <trkpt lat="41.898410000000005" lon="3.15696">
    <ele>33.25</ele>
   </trkpt>
   <trkpt lat="41.89900333593219" lon="3.157503323271378">
    <ele>33.42</ele>
   </trkpt>
   <trkpt lat="41.89959666930332" lon="3.158046656639167">
    <ele>33.410000000000004</ele>
   </trkpt>
   <trkpt lat="41.90019" lon="3.1585900000000002">
    <ele>33.550000000000004</ele>
   </trkpt>
   <trkpt lat="41.900650000000006" lon="3.15898">
    <ele>33.59</ele>
   </trkpt>
   <trkpt lat="41.900710000000004" lon="3.15905">
    <ele>33.59</ele>
   </trkpt>
   <trkpt lat="41.90072000000001" lon="3.15905">
    <ele>33.59</ele>
   </trkpt>
   <trkpt lat="41.900890000000004" lon="3.15924">
    <ele>33.59</ele>
   </trkpt>
   <trkpt lat="41.901300000000006" lon="3.1597800000000005">
    <ele>33.67</ele>
   </trkpt>
   <trkpt lat="41.90205" lon="3.1603200000000005">
    <ele>33.980000000000004</ele>
   </trkpt>
   <trkpt lat="41.902170000000005" lon="3.1603900000000005">
    <ele>33.980000000000004</ele>
   </trkpt>
   <trkpt lat="41.90238" lon="3.16047">
    <ele>33.980000000000004</ele>
   </trkpt>
   <trkpt lat="41.90261" lon="3.16046">
    <ele>34.0</ele>
   </trkpt>
   <trkpt lat="41.90281" lon="3.1605200000000004">
    <ele>34.0</ele>
   </trkpt>
   <trkpt lat="41.90319" lon="3.1607100000000004">
    <ele>34.04</ele>
   </trkpt>
   <trkpt lat="41.903420000000004" lon="3.16087">
    <ele>34.190000000000005</ele>
   </trkpt>
   <trkpt lat="41.903870000000005" lon="3.1611100000000003">
    <ele>34.49</ele>
   </trkpt>
   <trkpt lat="41.904410000000006" lon="3.1613200000000004">
    <ele>34.88</ele>
   </trkpt>
   <trkpt lat="41.90467" lon="3.16156">
    <ele>35.39</ele>
   </trkpt>
   <trkpt lat="41.90466000000001" lon="3.16156">
    <ele>35.38</ele>
   </trkpt>
   <trkpt lat="41.90505" lon="3.1620500000000002">
    <ele>36.96</ele>
   </trkpt>
   <trkpt lat="41.905120000000004" lon="3.16209">
    <ele>36.96</ele>
   </trkpt>
   <trkpt lat="41.905640000000005" lon="3.16195">
    <ele>36.50000000000001</ele>
   </trkpt>
   <trkpt lat="41.90572" lon="3.16184">
    <ele>36.50000000000001</ele>
   </trkpt>
   <trkpt lat="41.90597" lon="3.16102">
    <ele>35.980000000000004</ele>
   </trkpt>
   <trkpt lat="41.906060000000004" lon="3.1606300000000003">
    <ele>36.11</ele>
   </trkpt>
   <trkpt lat="41.906110000000005" lon="3.1605900000000005">
    <ele>36.11</ele>
   </trkpt>
   <trkpt lat="41.906690000000005" lon="3.1607600000000002">
    <ele>36.57000000000001</ele>
   </trkpt>
   <trkpt lat="41.907120000000006" lon="3.1609100000000003">
    <ele>36.63</ele>
   </trkpt>
   <trkpt lat="41.90757000000001" lon="3.16115">
    <ele>37.44</ele>
   </trkpt>
   <trkpt lat="41.90767" lon="3.16116">
    <ele>37.44</ele>
   </trkpt>
   <trkpt lat="41.907700000000006" lon="3.1611300000000004">
    <ele>37.46</ele>
   </trkpt>
   <trkpt lat="41.90784" lon="3.16087">
    <ele>37.46</ele>
   </trkpt>
   <trkpt lat="41.90814000265157" lon="3.1600850037454236">
    <ele>38.05</ele>
   </trkpt>
   <trkpt lat="41.908440000000006" lon="3.1593000000000004">
    <ele>38.8</ele>
   </trkpt>
   <trkpt lat="41.908680002721674" lon="3.1585100029227635">
    <ele>39.56</ele>
   </trkpt>
   <trkpt lat="41.90892" lon="3.1577200000000003">
    <ele>40.18</ele>
   </trkpt>
   <trkpt lat="41.90896" lon="3.1575300000000004">
    <ele>40.18</ele>
   </trkpt>
   <trkpt lat="41.90897000257296" lon="3.1567600000448204">
    <ele>40.96</ele>
   </trkpt>
   <trkpt lat="41.90898000000001" lon="3.15599">
    <ele>42.03</ele>
   </trkpt>
   <trkpt lat="41.90898000000001" lon="3.1559800000000005">
    <ele>42.03</ele>
   </trkpt>
   <trkpt lat="41.90898000000001" lon="3.15545">
    <ele>42.71</ele>
   </trkpt>
   <trkpt lat="41.90946" lon="3.15533">
    <ele>43.230000000000004</ele>
   </trkpt>
   <trkpt lat="41.90979" lon="3.1552700000000002">
    <ele>43.53000000000001</ele>
   </trkpt>
   <trkpt lat="41.90988" lon="3.1553000000000004">
    <ele>43.53000000000001</ele>
   </trkpt>
   <trkpt lat="41.91013" lon="3.1554900000000004">
    <ele>43.9</ele>
   </trkpt>
   <trkpt lat="41.91011" lon="3.1554800000000003">
    <ele>43.88</ele>
   </trkpt>
   <trkpt lat="41.910180000000004" lon="3.1555400000000002">
    <ele>44.07000000000001</ele>
   </trkpt>
   <trkpt lat="41.910410000000006" lon="3.15565">
    <ele>45.31</ele>
   </trkpt>
   <trkpt lat="41.910470000000004" lon="3.15572">
    <ele>45.31</ele>
   </trkpt>
   <trkpt lat="41.910560000000004" lon="3.15599">
    <ele>46.160000000000004</ele>
   </trkpt>
   <trkpt lat="41.91066" lon="3.1560400000000004">
    <ele>46.07000000000001</ele>
   </trkpt>
   <trkpt lat="41.91071" lon="3.1560200000000003">
    <ele>46.05</ele>
   </trkpt>
   <trkpt lat="41.91075" lon="3.15599">
    <ele>46.220000000000006</ele>
   </trkpt>
   <trkpt lat="41.91078" lon="3.15592">
    <ele>46.49</ele>
   </trkpt>
   <trkpt lat="41.91086000000001" lon="3.15567">
    <ele>47.13</ele>
   </trkpt>
   <trkpt lat="41.91123" lon="3.1552300000000004">
    <ele>49.95</ele>
   </trkpt>
   <trkpt lat="41.91174333595948" lon="3.1546833420905074">
    <ele>53.64000000000001</ele>
   </trkpt>
   <trkpt lat="41.91225666932621" lon="3.1541366753883815">
    <ele>57.49</ele>
   </trkpt>
   <trkpt lat="41.91277" lon="3.1535900000000003">
    <ele>60.260000000000005</ele>
   </trkpt>
   <trkpt lat="41.91286" lon="3.1535200000000003">
    <ele>60.260000000000005</ele>
   </trkpt>
   <trkpt lat="41.91299" lon="3.1535100000000003">
    <ele>61.46000000000001</ele>
   </trkpt>
   <trkpt lat="41.913070000000005" lon="3.1535300000000004">
    <ele>61.730000000000004</ele>
   </trkpt>
   <trkpt lat="41.91317" lon="3.15349">
    <ele>62.39000000000001</ele>
   </trkpt>
   <trkpt lat="41.913230000000006" lon="3.15336">
    <ele>62.89</ele>
   </trkpt>
   <trkpt lat="41.913230000000006" lon="3.1532400000000003">
    <ele>62.89</ele>
   </trkpt>
   <trkpt lat="41.913160000000005" lon="3.1531100000000003">
    <ele>62.49</ele>
   </trkpt>
   <trkpt lat="41.9131" lon="3.15308">
    <ele>62.49</ele>
   </trkpt>
   <trkpt lat="41.913000000000004" lon="3.1529000000000003">
    <ele>62.06</ele>
   </trkpt>
   <trkpt lat="41.9129" lon="3.1526">
    <ele>60.58</ele>
   </trkpt>
   <trkpt lat="41.912800000000004" lon="3.1521700000000004">
    <ele>59.88</ele>
   </trkpt>
   <trkpt lat="41.91279" lon="3.1520500000000005">
    <ele>59.72</ele>
   </trkpt>
   <trkpt lat="41.912800000000004" lon="3.15199">
    <ele>59.620000000000005</ele>
   </trkpt>
   <trkpt lat="41.91284" lon="3.15194">
    <ele>59.230000000000004</ele>
   </trkpt>
   <trkpt lat="41.9129" lon="3.15193">
    <ele>59.230000000000004</ele>
   </trkpt>
   <trkpt lat="41.913270000000004" lon="3.1520500000000005">
    <ele>59.050000000000004</ele>
   </trkpt>
   <trkpt lat="41.91326" lon="3.1520500000000005">
    <ele>59.04</ele>
   </trkpt>
   <trkpt lat="41.91351" lon="3.1520900000000003">
    <ele>59.65</ele>
   </trkpt>
   <trkpt lat="41.913630000000005" lon="3.1520500000000005">
    <ele>59.97</ele>
   </trkpt>
   <trkpt lat="41.913850000000004" lon="3.1518800000000002">
    <ele>61.27</ele>
   </trkpt>
   <trkpt lat="41.914080000000006" lon="3.1516300000000004">
    <ele>62.56</ele>
   </trkpt>
   <trkpt lat="41.91451" lon="3.1512100000000003">
    <ele>64.12</ele>
   </trkpt>
   <trkpt lat="41.91479" lon="3.1510200000000004">
    <ele>64.89</ele>
   </trkpt>
   <trkpt lat="41.91516" lon="3.1508300000000005">
    <ele>65.28</ele>
   </trkpt>
   <trkpt lat="41.91565000044737" lon="3.150540002177652">
    <ele>67.78</ele>
   </trkpt>
   <trkpt lat="41.916140000000006" lon="3.15025">
    <ele>70.99000000000001</ele>
   </trkpt>
   <trkpt lat="41.91639000000001" lon="3.1501500000000004">
    <ele>74.1</ele>
   </trkpt>
   <trkpt lat="41.916790000000006" lon="3.1500800000000004">
    <ele>77.25000000000001</ele>
   </trkpt>
   <trkpt lat="41.91724499991109" lon="3.1500700000732595">
    <ele>76.38</ele>
   </trkpt>
   <trkpt lat="41.9177" lon="3.1500600000000003">
    <ele>72.52</ele>
   </trkpt>
   <trkpt lat="41.91836000000001" lon="3.1500700000000004">
    <ele>68.68</ele>
   </trkpt>
   <trkpt lat="41.91859" lon="3.1501400000000004">
    <ele>68.01</ele>
   </trkpt>
   <trkpt lat="41.91864" lon="3.15017">
    <ele>68.01</ele>
   </trkpt>
   <trkpt lat="41.91863" lon="3.15017">
    <ele>68.02000000000001</ele>
   </trkpt>
   <trkpt lat="41.918890000000005" lon="3.1503200000000002">
    <ele>67.46000000000001</ele>
   </trkpt>
   <trkpt lat="41.918980000000005" lon="3.1504800000000004">
    <ele>67.53</ele>
   </trkpt>
   <trkpt lat="41.91899" lon="3.1505400000000003">
    <ele>67.53</ele>
   </trkpt>
   <trkpt lat="41.91904" lon="3.1506000000000003">
    <ele>67.49000000000001</ele>
   </trkpt>
   <trkpt lat="41.91912000000001" lon="3.1506200000000004">
    <ele>67.41000000000001</ele>
   </trkpt>
   <trkpt lat="41.919160000000005" lon="3.1506000000000003">
    <ele>67.34</ele>
   </trkpt>
   <trkpt lat="41.91928" lon="3.1506000000000003">
    <ele>66.95</ele>
   </trkpt>
   <trkpt lat="41.91953" lon="3.1507500000000004">
    <ele>66.49000000000001</ele>
   </trkpt>
   <trkpt lat="41.91968000000001" lon="3.1508100000000003">
    <ele>66.33</ele>
   </trkpt>
   <trkpt lat="41.91986" lon="3.15085">
    <ele>66.07000000000001</ele>
   </trkpt>
   <trkpt lat="41.92027" lon="3.15079">
    <ele>65.41000000000001</ele>
   </trkpt>
   <trkpt lat="41.92097333364878" lon="3.150603337444853">
    <ele>62.42</ele>
   </trkpt>
   <trkpt lat="41.92167666699523" lon="3.1504166707747685">
    <ele>58.59</ele>
   </trkpt>
   <trkpt lat="41.922380000000004" lon="3.15023">
    <ele>56.010000000000005</ele>
   </trkpt>
   <trkpt lat="41.922955000201775" lon="3.150060001509409">
    <ele>54.330000000000005</ele>
   </trkpt>
   <trkpt lat="41.92353000000001" lon="3.14989">
    <ele>53.74</ele>
   </trkpt>
   <trkpt lat="41.9238" lon="3.14982">
    <ele>53.84</ele>
   </trkpt>
   <trkpt lat="41.92399" lon="3.1498800000000005">
    <ele>53.910000000000004</ele>
   </trkpt>
   <trkpt lat="41.924060000000004" lon="3.1498500000000003">
    <ele>53.910000000000004</ele>
   </trkpt>
   <trkpt lat="41.924110000000006" lon="3.1497800000000002">
    <ele>53.720000000000006</ele>
   </trkpt>
   <trkpt lat="41.924110000000006" lon="3.14969">
    <ele>53.720000000000006</ele>
   </trkpt>
   <trkpt lat="41.92414" lon="3.14977">
    <ele>53.82000000000001</ele>
   </trkpt>
   <trkpt lat="41.92416" lon="3.1497300000000004">
    <ele>53.84</ele>
   </trkpt>
   <trkpt lat="41.92439" lon="3.14955">
    <ele>53.74</ele>
   </trkpt>
   <trkpt lat="41.925005001299446" lon="3.1490200050391706">
    <ele>51.32</ele>
   </trkpt>
   <trkpt lat="41.92562" lon="3.1484900000000002">
    <ele>49.660000000000004</ele>
   </trkpt>
   <trkpt lat="41.92577" lon="3.1484">
    <ele>49.660000000000004</ele>
   </trkpt>
   <trkpt lat="41.92606000000001" lon="3.1483000000000003">
    <ele>48.620000000000005</ele>
   </trkpt>
   <trkpt lat="41.926320000000004" lon="3.14828">
    <ele>47.85</ele>
   </trkpt>
   <trkpt lat="41.9266" lon="3.1483200000000005">
    <ele>47.52</ele>
   </trkpt>
   <trkpt lat="41.926860000000005" lon="3.1484300000000003">
    <ele>47.53</ele>
   </trkpt>
   <trkpt lat="41.926930000000006" lon="3.1485000000000003">
    <ele>47.39</ele>
   </trkpt>
   <trkpt lat="41.926970000000004" lon="3.1485800000000004">
    <ele>47.39</ele>
   </trkpt>
   <trkpt lat="41.926950000000005" lon="3.14862">
    <ele>47.39</ele>
   </trkpt>
   <trkpt lat="41.92696" lon="3.14875">
    <ele>47.39</ele>
   </trkpt>
   <trkpt lat="41.92700000000001" lon="3.1488400000000003">
    <ele>47.24</ele>
   </trkpt>
   <trkpt lat="41.92709000000001" lon="3.1489300000000005">
    <ele>47.24</ele>
   </trkpt>
   <trkpt lat="41.927220000000005" lon="3.1489300000000005">
    <ele>47.24</ele>
   </trkpt>
   <trkpt lat="41.9273" lon="3.14888">
    <ele>47.02</ele>
   </trkpt>
   <trkpt lat="41.92736" lon="3.14874">
    <ele>47.02</ele>
   </trkpt>
   <trkpt lat="41.92736" lon="3.1484400000000003">
    <ele>47.07</ele>
   </trkpt>
   <trkpt lat="41.92743" lon="3.1482300000000003">
    <ele>47.09</ele>
   </trkpt>
   <trkpt lat="41.927730000000004" lon="3.1475500000000003">
    <ele>47.24</ele>
   </trkpt>
   <trkpt lat="41.928020000000004" lon="3.14779">
    <ele>45.160000000000004</ele>
   </trkpt>
   <trkpt lat="41.92853" lon="3.1480900000000003">
    <ele>44.0</ele>
   </trkpt>
   <trkpt lat="41.92875" lon="3.1481500000000002">
    <ele>43.620000000000005</ele>
   </trkpt>
   <trkpt lat="41.92884" lon="3.1481500000000002">
    <ele>43.53000000000001</ele>
   </trkpt>
   <trkpt lat="41.92911" lon="3.14828">
    <ele>43.440000000000005</ele>
   </trkpt>
   <trkpt lat="41.92934" lon="3.14848">
    <ele>43.46000000000001</ele>
   </trkpt>
   <trkpt lat="41.92953000000001" lon="3.14861">
    <ele>43.61</ele>
   </trkpt>
   <trkpt lat="41.92963" lon="3.1486500000000004">
    <ele>43.980000000000004</ele>
   </trkpt>
   <trkpt lat="41.93019" lon="3.14867">
    <ele>43.14</ele>
   </trkpt>
   <trkpt lat="41.93057" lon="3.1487600000000002">
    <ele>43.08</ele>
   </trkpt>
   <trkpt lat="41.930960000000006" lon="3.1488300000000002">
    <ele>43.03000000000001</ele>
   </trkpt>
   <trkpt lat="41.931450000000005" lon="3.14895">
    <ele>43.550000000000004</ele>
   </trkpt>
   <trkpt lat="41.931630000000006" lon="3.1489700000000003">
    <ele>43.550000000000004</ele>
   </trkpt>
   <trkpt lat="41.93173" lon="3.14895">
    <ele>43.71000000000001</ele>
   </trkpt>
   <trkpt lat="41.932140000000004" lon="3.14889">
    <ele>43.980000000000004</ele>
   </trkpt>
   <trkpt lat="41.93251" lon="3.1489200000000004">
    <ele>44.33</ele>
   </trkpt>
   <trkpt lat="41.93285" lon="3.1489900000000004">
    <ele>44.38</ele>
   </trkpt>
   <trkpt lat="41.93309" lon="3.14902">
    <ele>44.28000000000001</ele>
   </trkpt>
   <trkpt lat="41.933440000000004" lon="3.14902">
    <ele>43.54</ele>
   </trkpt>
   <trkpt lat="41.933550000000004" lon="3.1490500000000003">
    <ele>43.54</ele>
   </trkpt>
   <trkpt lat="41.934270000000005" lon="3.1496000000000004">
    <ele>41.97</ele>
   </trkpt>
   <trkpt lat="41.934720000000006" lon="3.1498100000000004">
    <ele>41.49</ele>
   </trkpt>
   <trkpt lat="41.93554" lon="3.1499300000000003">
    <ele>40.18</ele>
   </trkpt>
   <trkpt lat="41.93641000061059" lon="3.150199992626694">
    <ele>38.39</ele>
   </trkpt>
   <trkpt lat="41.93728000058865" lon="3.150469992619742">
    <ele>37.69</ele>
   </trkpt>
   <trkpt lat="41.93815" lon="3.1507400000000003">
    <ele>35.89000000000001</ele>
   </trkpt>
   <trkpt lat="41.93861000009725" lon="3.150944998483354">
    <ele>35.42</ele>
   </trkpt>
   <trkpt lat="41.93907" lon="3.1511500000000003">
    <ele>34.1</ele>
   </trkpt>
   <trkpt lat="41.9393" lon="3.1513000000000004">
    <ele>33.52</ele>
   </trkpt>
   <trkpt lat="41.93929000000001" lon="3.1513000000000004">
    <ele>33.54</ele>
   </trkpt>
   <trkpt lat="41.939440000000005" lon="3.1514">
    <ele>33.18</ele>
   </trkpt>
   <trkpt lat="41.93976000000001" lon="3.15166">
    <ele>32.64</ele>
   </trkpt>
   <trkpt lat="41.940070000000006" lon="3.15187">
    <ele>32.230000000000004</ele>
   </trkpt>
   <trkpt lat="41.9406" lon="3.1520300000000003">
    <ele>30.900000000000002</ele>
   </trkpt>
   <trkpt lat="41.941280000129076" lon="3.1521549986782396">
    <ele>29.990000000000002</ele>
   </trkpt>
   <trkpt lat="41.94196" lon="3.15228">
    <ele>28.770000000000003</ele>
   </trkpt>
   <trkpt lat="41.94258000000001" lon="3.1524400000000004">
    <ele>27.53</ele>
   </trkpt>
   <trkpt lat="41.94263" lon="3.1524300000000003">
    <ele>27.53</ele>
   </trkpt>
   <trkpt lat="41.94333" lon="3.15208">
    <ele>26.160000000000004</ele>
   </trkpt>
   <trkpt lat="41.943849999988295" lon="3.152164999299728">
    <ele>25.18</ele>
   </trkpt>
   <trkpt lat="41.944370000000006" lon="3.1522500000000004">
    <ele>24.89</ele>
   </trkpt>
   <trkpt lat="41.94444" lon="3.1522400000000004">
    <ele>25.01</ele>
   </trkpt>
   <trkpt lat="41.944720000000004" lon="3.1520900000000003">
    <ele>25.78</ele>
   </trkpt>
   <trkpt lat="41.945100000000004" lon="3.1518100000000002">
    <ele>25.980000000000004</ele>
   </trkpt>
   <trkpt lat="41.94523" lon="3.15165">
    <ele>25.800000000000004</ele>
   </trkpt>
   <trkpt lat="41.94532" lon="3.1515700000000004">
    <ele>25.800000000000004</ele>
   </trkpt>
   <trkpt lat="41.94565" lon="3.1514400000000005">
    <ele>25.290000000000003</ele>
   </trkpt>
   <trkpt lat="41.946290000000005" lon="3.1514200000000003">
    <ele>25.710000000000004</ele>
   </trkpt>
   <trkpt lat="41.946650000000005" lon="3.1514400000000005">
    <ele>25.580000000000002</ele>
   </trkpt>
   <trkpt lat="41.94729500025722" lon="3.1516899974652293">
    <ele>25.34</ele>
   </trkpt>
   <trkpt lat="41.94794" lon="3.15194">
    <ele>26.18</ele>
   </trkpt>
   <trkpt lat="41.948240000000006" lon="3.15201">
    <ele>27.55</ele>
   </trkpt>
   <trkpt lat="41.94841" lon="3.1520300000000003">
    <ele>27.85</ele>
   </trkpt>
   <trkpt lat="41.94854" lon="3.1520200000000003">
    <ele>28.17</ele>
   </trkpt>
   <trkpt lat="41.94903000025533" lon="3.151890000950971">
    <ele>27.880000000000003</ele>
   </trkpt>
   <trkpt lat="41.94952000000001" lon="3.1517600000000003">
    <ele>27.26</ele>
   </trkpt>
   <trkpt lat="41.95011" lon="3.15166">
    <ele>25.720000000000002</ele>
   </trkpt>
   <trkpt lat="41.95058" lon="3.15159">
    <ele>24.96</ele>
   </trkpt>
   <trkpt lat="41.95073" lon="3.15153">
    <ele>25.02</ele>
   </trkpt>
   <trkpt lat="41.950720000000004" lon="3.15146">
    <ele>25.02</ele>
   </trkpt>
   <trkpt lat="41.950610000000005" lon="3.1512300000000004">
    <ele>25.16</ele>
   </trkpt>
   <trkpt lat="41.950450000000004" lon="3.1506700000000003">
    <ele>23.82</ele>
   </trkpt>
   <trkpt lat="41.95015" lon="3.1498800000000005">
    <ele>22.85</ele>
   </trkpt>
   <trkpt lat="41.95" lon="3.1493800000000003">
    <ele>22.7</ele>
   </trkpt>
   <trkpt lat="41.949870000000004" lon="3.1486600000000005">
    <ele>22.930000000000003</ele>
   </trkpt>
   <trkpt lat="41.94999000000001" lon="3.14835">
    <ele>22.94</ele>
   </trkpt>
   <trkpt lat="41.950140000000005" lon="3.1481000000000003">
    <ele>22.660000000000004</ele>
   </trkpt>
   <trkpt lat="41.950610000000005" lon="3.14765">
    <ele>22.490000000000002</ele>
   </trkpt>
   <trkpt lat="41.95093000000001" lon="3.1474800000000003">
    <ele>22.140000000000004</ele>
   </trkpt>
   <trkpt lat="41.95147" lon="3.1476">
    <ele>20.92</ele>
   </trkpt>
   <trkpt lat="41.95181" lon="3.1475600000000004">
    <ele>20.34</ele>
   </trkpt>
   <trkpt lat="41.95252000000001" lon="3.1473600000000004">
    <ele>20.23</ele>
   </trkpt>
   <trkpt lat="41.95291" lon="3.14706">
    <ele>20.21</ele>
   </trkpt>
   <trkpt lat="41.953170001210495" lon="3.146540002046526">
    <ele>20.48</ele>
   </trkpt>
   <trkpt lat="41.953430000000004" lon="3.14602">
    <ele>20.09</ele>
   </trkpt>
   <trkpt lat="41.953950000000006" lon="3.1455800000000003">
    <ele>19.5</ele>
   </trkpt>
   <trkpt lat="41.954554999876734" lon="3.1455550002425166">
    <ele>18.17</ele>
   </trkpt>
   <trkpt lat="41.95516000000001" lon="3.1455300000000004">
    <ele>17.61</ele>
   </trkpt>
   <trkpt lat="41.9553" lon="3.14548">
    <ele>17.580000000000002</ele>
   </trkpt>
   <trkpt lat="41.955920000000006" lon="3.1453">
    <ele>17.470000000000002</ele>
   </trkpt>
   <trkpt lat="41.95619000000001" lon="3.14535">
    <ele>17.560000000000002</ele>
   </trkpt>
   <trkpt lat="41.9566" lon="3.1455200000000003">
    <ele>17.5</ele>
   </trkpt>
   <trkpt lat="41.956970000000005" lon="3.1453400000000005">
    <ele>17.830000000000002</ele>
   </trkpt>
   <trkpt lat="41.957330000000006" lon="3.14501">
    <ele>19.84</ele>
   </trkpt>
   <trkpt lat="41.95743" lon="3.1452400000000003">
    <ele>18.98</ele>
   </trkpt>
   <trkpt lat="41.95749" lon="3.14523">
    <ele>18.98</ele>
   </trkpt>
   <trkpt lat="41.95740000000001" lon="3.14495">
    <ele>18.080000000000002</ele>
   </trkpt>
   <trkpt lat="41.957480000000004" lon="3.1447700000000003">
    <ele>17.310000000000002</ele>
   </trkpt>
   <trkpt lat="41.958020000000005" lon="3.1441800000000004">
    <ele>16.540000000000003</ele>
   </trkpt>
   <trkpt lat="41.958755001259405" lon="3.1436350063076817">
    <ele>16.560000000000002</ele>
   </trkpt>
   <trkpt lat="41.95949" lon="3.1430900000000004">
    <ele>16.490000000000002</ele>
   </trkpt>
   <trkpt lat="41.96010999999385" lon="3.142885002056911">
    <ele>16.19</ele>
   </trkpt>
   <trkpt lat="41.960730000000005" lon="3.1426800000000004">
    <ele>16.020000000000003</ele>
   </trkpt>
   <trkpt lat="41.96127000025307" lon="3.1424350020796226">
    <ele>15.89</ele>
   </trkpt>
   <trkpt lat="41.96181000000001" lon="3.1421900000000003">
    <ele>15.82</ele>
   </trkpt>
   <trkpt lat="41.96193" lon="3.14211">
    <ele>15.82</ele>
   </trkpt>
   <trkpt lat="41.962030000000006" lon="3.1420600000000003">
    <ele>15.82</ele>
   </trkpt>
   <trkpt lat="41.962160000000004" lon="3.1419">
    <ele>15.8</ele>
   </trkpt>
   <trkpt lat="41.96231" lon="3.1412700000000005">
    <ele>15.38</ele>
   </trkpt>
   <trkpt lat="41.96235" lon="3.1411800000000003">
    <ele>15.200000000000001</ele>
   </trkpt>
   <trkpt lat="41.962450000000004" lon="3.1410600000000004">
    <ele>15.200000000000001</ele>
   </trkpt>
   <trkpt lat="41.962610000000005" lon="3.1409700000000003">
    <ele>14.76</ele>
   </trkpt>
   <trkpt lat="41.96273" lon="3.14094">
    <ele>14.690000000000001</ele>
   </trkpt>
   <trkpt lat="41.963280000000005" lon="3.1408500000000004">
    <ele>14.55</ele>
   </trkpt>
   <trkpt lat="41.96338" lon="3.14082">
    <ele>14.59</ele>
   </trkpt>
   <trkpt lat="41.96360000000001" lon="3.1407000000000003">
    <ele>14.76</ele>
   </trkpt>
   <trkpt lat="41.963750000000005" lon="3.14067">
    <ele>14.730000000000002</ele>
   </trkpt>
   <trkpt lat="41.963840000000005" lon="3.14069">
    <ele>14.58</ele>
   </trkpt>
   <trkpt lat="41.9641" lon="3.14087">
    <ele>13.840000000000002</ele>
   </trkpt>
   <trkpt lat="41.964760000000005" lon="3.14102">
    <ele>13.39</ele>
   </trkpt>
   <trkpt lat="41.965" lon="3.14101">
    <ele>13.36</ele>
   </trkpt>
   <trkpt lat="41.96556" lon="3.1410500000000003">
    <ele>13.05</ele>
   </trkpt>
   <trkpt lat="41.96555" lon="3.1410500000000003">
    <ele>13.05</ele>
   </trkpt>
   <trkpt lat="41.96585" lon="3.1410700000000005">
    <ele>13.120000000000001</ele>
   </trkpt>
   <trkpt lat="41.966120000000004" lon="3.14157">
    <ele>12.92</ele>
   </trkpt>
   <trkpt lat="41.96613000000001" lon="3.1416800000000005">
    <ele>12.780000000000001</ele>
   </trkpt>
   <trkpt lat="41.96640000191737" lon="3.1423349973596335">
    <ele>12.41</ele>
   </trkpt>
   <trkpt lat="41.96667" lon="3.14299">
    <ele>12.4</ele>
   </trkpt>
   <trkpt lat="41.96667" lon="3.14298">
    <ele>12.4</ele>
   </trkpt>
   <trkpt lat="41.9671" lon="3.14401">
    <ele>13.920000000000002</ele>
   </trkpt>
   <trkpt lat="41.96723" lon="3.1441000000000003">
    <ele>14.360000000000001</ele>
   </trkpt>
   <trkpt lat="41.96735" lon="3.14414">
    <ele>14.600000000000001</ele>
   </trkpt>
   <trkpt lat="41.967380000000006" lon="3.1441800000000004">
    <ele>14.600000000000001</ele>
   </trkpt>
   <trkpt lat="41.96745000000001" lon="3.14414">
    <ele>14.89</ele>
   </trkpt>
   <trkpt lat="41.9679" lon="3.1440500000000005">
    <ele>15.420000000000002</ele>
   </trkpt>
   <trkpt lat="41.96815" lon="3.1440500000000005">
    <ele>16.220000000000002</ele>
   </trkpt>
   <trkpt lat="41.968410000000006" lon="3.1439600000000003">
    <ele>17.28</ele>
   </trkpt>
   <trkpt lat="41.968970000000006" lon="3.14392">
    <ele>21.45</ele>
   </trkpt>
   <trkpt lat="41.968970000000006" lon="3.14393">
    <ele>21.41</ele>
   </trkpt>
   <trkpt lat="41.969150000000006" lon="3.1438900000000003">
    <ele>22.340000000000003</ele>
   </trkpt>
   <trkpt lat="41.96942000000001" lon="3.1438">
    <ele>24.51</ele>
   </trkpt>
   <trkpt lat="41.96963" lon="3.1437600000000003">
    <ele>25.830000000000002</ele>
   </trkpt>
   <trkpt lat="41.969680000000004" lon="3.14386">
    <ele>26.62</ele>
   </trkpt>
   <trkpt lat="41.969770000000004" lon="3.1439100000000004">
    <ele>27.450000000000003</ele>
   </trkpt>
   <trkpt lat="41.96997" lon="3.1439100000000004">
    <ele>30.160000000000004</ele>
   </trkpt>
   <trkpt lat="41.97026" lon="3.14381">
    <ele>32.0</ele>
   </trkpt>
   <trkpt lat="41.97037" lon="3.1440900000000003">
    <ele>33.510000000000005</ele>
   </trkpt>
   <trkpt lat="41.97041" lon="3.14426">
    <ele>35.57</ele>
   </trkpt>
   <trkpt lat="41.970330000000004" lon="3.14428">
    <ele>35.57</ele>
   </trkpt>
   <trkpt lat="41.97026" lon="3.14441">
    <ele>34.800000000000004</ele>
   </trkpt>
   <trkpt lat="41.970240000000004" lon="3.1445000000000003">
    <ele>34.800000000000004</ele>
   </trkpt>
   <trkpt lat="41.97023" lon="3.14467">
    <ele>33.93</ele>
   </trkpt>
   <trkpt lat="41.970180000000006" lon="3.1447000000000003">
    <ele>33.93</ele>
   </trkpt>
   <trkpt lat="41.97016" lon="3.1450000000000005">
    <ele>32.690000000000005</ele>
   </trkpt>
   <trkpt lat="41.970090000000006" lon="3.14564">
    <ele>27.970000000000002</ele>
   </trkpt>
   <trkpt lat="41.96997" lon="3.1458500000000003">
    <ele>27.32</ele>
   </trkpt>
   <trkpt lat="41.96945" lon="3.1464600000000003">
    <ele>24.790000000000003</ele>
   </trkpt>
   <trkpt lat="41.9694" lon="3.1464800000000004">
    <ele>24.790000000000003</ele>
   </trkpt>
   <trkpt lat="41.96938" lon="3.14652">
    <ele>24.6</ele>
   </trkpt>
   <trkpt lat="41.9694" lon="3.14663">
    <ele>24.330000000000002</ele>
   </trkpt>
   <trkpt lat="41.969530000000006" lon="3.1469600000000004">
    <ele>23.96</ele>
   </trkpt>
   <trkpt lat="41.969530000000006" lon="3.1472">
    <ele>23.57</ele>
   </trkpt>
   <trkpt lat="41.96958" lon="3.1477000000000004">
    <ele>22.92</ele>
   </trkpt>
   <trkpt lat="41.96901000003406" lon="3.1477950008508917">
    <ele>23.250000000000004</ele>
   </trkpt>
   <trkpt lat="41.96844" lon="3.1478900000000003">
    <ele>23.990000000000002</ele>
   </trkpt>
   <trkpt lat="41.968450000000004" lon="3.1483800000000004">
    <ele>24.37</ele>
   </trkpt>
   <trkpt lat="41.969050000023316" lon="3.1484849990067403">
    <ele>23.83</ele>
   </trkpt>
   <trkpt lat="41.96965" lon="3.1485900000000004">
    <ele>23.380000000000003</ele>
   </trkpt>
   <trkpt lat="41.96978" lon="3.1497">
    <ele>22.72</ele>
   </trkpt>
   <trkpt lat="41.969860000000004" lon="3.1501300000000003">
    <ele>22.79</ele>
   </trkpt>
   <trkpt lat="41.969882513541975" lon="3.151149998886409">
    <ele>23.860000000000003</ele>
   </trkpt>
   <trkpt lat="41.969905018055485" lon="3.152169998493664">
    <ele>26.64</ele>
   </trkpt>
   <trkpt lat="41.96992751354055" lon="3.1531899988214764">
    <ele>26.71</ele>
   </trkpt>
   <trkpt lat="41.969950000000004" lon="3.1542100000000004">
    <ele>30.42</ele>
   </trkpt>
   <trkpt lat="41.97021" lon="3.15499">
    <ele>33.190000000000005</ele>
   </trkpt>
   <trkpt lat="41.970240000000004" lon="3.15524">
    <ele>33.620000000000005</ele>
   </trkpt>
   <trkpt lat="41.970220000000005" lon="3.1556200000000003">
    <ele>35.17</ele>
   </trkpt>
   <trkpt lat="41.970150000000004" lon="3.15593">
    <ele>36.1</ele>
   </trkpt>
   <trkpt lat="41.970040000000004" lon="3.15614">
    <ele>36.25000000000001</ele>
   </trkpt>
   <trkpt lat="41.969840000000005" lon="3.1564">
    <ele>36.86000000000001</ele>
   </trkpt>
   <trkpt lat="41.96965" lon="3.1566">
    <ele>36.86000000000001</ele>
   </trkpt>
   <trkpt lat="41.96923" lon="3.1568500000000004">
    <ele>37.58</ele>
   </trkpt>
   <trkpt lat="41.968990000000005" lon="3.1573">
    <ele>37.92</ele>
   </trkpt>
   <trkpt lat="41.968900000000005" lon="3.15757">
    <ele>37.790000000000006</ele>
   </trkpt>
   <trkpt lat="41.96871" lon="3.1579900000000003">
    <ele>37.88</ele>
   </trkpt>
   <trkpt lat="41.968410000000006" lon="3.1584700000000003">
    <ele>38.21</ele>
   </trkpt>
   <trkpt lat="41.96822" lon="3.1586900000000004">
    <ele>38.52</ele>
   </trkpt>
   <trkpt lat="41.96800000157071" lon="3.1592900020483294">
    <ele>39.940000000000005</ele>
   </trkpt>
   <trkpt lat="41.967780000000005" lon="3.1598900000000003">
    <ele>43.29</ele>
   </trkpt>
   <trkpt lat="41.96772000677292" lon="3.1607733349707035">
    <ele>47.68000000000001</ele>
   </trkpt>
   <trkpt lat="41.9676600067747" lon="3.161656668277594">
    <ele>50.85000000000001</ele>
   </trkpt>
   <trkpt lat="41.967600000000004" lon="3.1625400000000004">
    <ele>53.32000000000001</ele>
   </trkpt>
   <trkpt lat="41.967600000000004" lon="3.16297">
    <ele>54.580000000000005</ele>
   </trkpt>
   <trkpt lat="41.967650000000006" lon="3.1632100000000003">
    <ele>54.39000000000001</ele>
   </trkpt>
   <trkpt lat="41.967690000000005" lon="3.16332">
    <ele>54.19</ele>
   </trkpt>
   <trkpt lat="41.967670000000005" lon="3.1638400000000004">
    <ele>54.38</ele>
   </trkpt>
   <trkpt lat="41.967710000000004" lon="3.1643900000000005">
    <ele>53.88</ele>
   </trkpt>
   <trkpt lat="41.96743" lon="3.16542">
    <ele>55.010000000000005</ele>
   </trkpt>
   <trkpt lat="41.96741" lon="3.1659">
    <ele>57.080000000000005</ele>
   </trkpt>
   <trkpt lat="41.967290000000006" lon="3.1662000000000003">
    <ele>59.690000000000005</ele>
   </trkpt>
   <trkpt lat="41.967220000000005" lon="3.1664100000000004">
    <ele>61.07000000000001</ele>
   </trkpt>
   <trkpt lat="41.967110000000005" lon="3.1670300000000005">
    <ele>68.01</ele>
   </trkpt>
   <trkpt lat="41.96694" lon="3.1674200000000003">
    <ele>68.01</ele>
   </trkpt>
   <trkpt lat="41.966900001642216" lon="3.168035000368551">
    <ele>70.56000000000002</ele>
   </trkpt>
   <trkpt lat="41.966860000000004" lon="3.1686500000000004">
    <ele>70.82000000000001</ele>
   </trkpt>
   <trkpt lat="41.96665" lon="3.16916">
    <ele>70.10000000000001</ele>
   </trkpt>
   <trkpt lat="41.96658" lon="3.16957">
    <ele>70.3</ele>
   </trkpt>
   <trkpt lat="41.96631" lon="3.1700600000000003">
    <ele>69.97</ele>
   </trkpt>
   <trkpt lat="41.965970000000006" lon="3.1704200000000005">
    <ele>72.09</ele>
   </trkpt>
   <trkpt lat="41.96593" lon="3.1705300000000003">
    <ele>72.74</ele>
   </trkpt>
   <trkpt lat="41.96595000000001" lon="3.17072">
    <ele>73.27</ele>
   </trkpt>
   <trkpt lat="41.96603" lon="3.17091">
    <ele>74.94000000000001</ele>
   </trkpt>
   <trkpt lat="41.966080000000005" lon="3.1711300000000002">
    <ele>75.71</ele>
   </trkpt>
   <trkpt lat="41.966120000000004" lon="3.1714700000000002">
    <ele>75.38</ele>
   </trkpt>
   <trkpt lat="41.96609" lon="3.1717000000000004">
    <ele>74.77</ele>
   </trkpt>
   <trkpt lat="41.96603" lon="3.17193">
    <ele>74.85</ele>
   </trkpt>
   <trkpt lat="41.96607" lon="3.1720300000000003">
    <ele>74.97000000000001</ele>
   </trkpt>
   <trkpt lat="41.966080000000005" lon="3.17226">
    <ele>75.83000000000001</ele>
   </trkpt>
   <trkpt lat="41.966060000000006" lon="3.17239">
    <ele>76.00000000000001</ele>
   </trkpt>
   <trkpt lat="41.965810000000005" lon="3.1729000000000003">
    <ele>75.96</ele>
   </trkpt>
   <trkpt lat="41.96547" lon="3.17323">
    <ele>75.99</ele>
   </trkpt>
   <trkpt lat="41.965320000000006" lon="3.1734700000000005">
    <ele>76.51</ele>
   </trkpt>
   <trkpt lat="41.965050000000005" lon="3.1736400000000002">
    <ele>77.5</ele>
   </trkpt>
   <trkpt lat="41.964760000000005" lon="3.17395">
    <ele>78.74000000000001</ele>
   </trkpt>
   <trkpt lat="41.96443" lon="3.17416">
    <ele>79.95</ele>
   </trkpt>
   <trkpt lat="41.96399" lon="3.17445">
    <ele>83.05000000000001</ele>
   </trkpt>
   <trkpt lat="41.963840000000005" lon="3.1745">
    <ele>83.58</ele>
   </trkpt>
   <trkpt lat="41.963750000000005" lon="3.1746000000000003">
    <ele>84.86</ele>
   </trkpt>
   <trkpt lat="41.96369000000001" lon="3.1750900000000004">
    <ele>86.68</ele>
   </trkpt>
   <trkpt lat="41.96356" lon="3.17531">
    <ele>88.59</ele>
   </trkpt>
   <trkpt lat="41.963550000000005" lon="3.17559">
    <ele>91.63</ele>
   </trkpt>
   <trkpt lat="41.963640000000005" lon="3.17586">
    <ele>93.67</ele>
   </trkpt>
   <trkpt lat="41.9637" lon="3.1757700000000004">
    <ele>93.00000000000001</ele>
   </trkpt>
   <trkpt lat="41.963820000000005" lon="3.1757000000000004">
    <ele>92.19000000000001</ele>
   </trkpt>
   <trkpt lat="41.964090000000006" lon="3.1756800000000003">
    <ele>88.98</ele>
   </trkpt>
   <trkpt lat="41.964180000000006" lon="3.1756200000000003">
    <ele>88.19</ele>
   </trkpt>
   <trkpt lat="41.964290000000005" lon="3.17519">
    <ele>86.11</ele>
   </trkpt>
   <trkpt lat="41.96468" lon="3.17504">
    <ele>83.42</ele>
   </trkpt>
   <trkpt lat="41.96517" lon="3.1747600000000005">
    <ele>83.21000000000001</ele>
   </trkpt>
   <trkpt lat="41.96571999990802" lon="3.174665000842775">
    <ele>81.60000000000001</ele>
   </trkpt>
   <trkpt lat="41.96627" lon="3.17457">
    <ele>80.31</ele>
   </trkpt>
   <trkpt lat="41.96663" lon="3.17464">
    <ele>79.49000000000001</ele>
   </trkpt>
   <trkpt lat="41.96685" lon="3.17464">
    <ele>79.91000000000001</ele>
   </trkpt>
   <trkpt lat="41.96696" lon="3.1745500000000004">
    <ele>79.97000000000001</ele>
   </trkpt>
   <trkpt lat="41.96701" lon="3.1744600000000003">
    <ele>80.05000000000001</ele>
   </trkpt>
   <trkpt lat="41.967200000000005" lon="3.1741200000000003">
    <ele>79.67999999999999</ele>
   </trkpt>
   <trkpt lat="41.96735" lon="3.17375">
    <ele>79.53</ele>
   </trkpt>
   <trkpt lat="41.96745000000001" lon="3.1736000000000004">
    <ele>79.56</ele>
   </trkpt>
   <trkpt lat="41.96766" lon="3.17341">
    <ele>79.83000000000001</ele>
   </trkpt>
   <trkpt lat="41.967780000000005" lon="3.1732500000000003">
    <ele>80.17</ele>
   </trkpt>
   <trkpt lat="41.967960000000005" lon="3.1731000000000003">
    <ele>80.89</ele>
   </trkpt>
   <trkpt lat="41.968210000000006" lon="3.1730300000000002">
    <ele>81.67</ele>
   </trkpt>
   <trkpt lat="41.96837" lon="3.17295">
    <ele>81.7</ele>
   </trkpt>
   <trkpt lat="41.96847" lon="3.1729300000000005">
    <ele>81.57000000000001</ele>
   </trkpt>
   <trkpt lat="41.96858" lon="3.1728600000000005">
    <ele>81.14999999999999</ele>
   </trkpt>
   <trkpt lat="41.96869" lon="3.17275">
    <ele>80.36</ele>
   </trkpt>
   <trkpt lat="41.968810000000005" lon="3.1725000000000003">
    <ele>78.02000000000001</ele>
   </trkpt>
   <trkpt lat="41.96884" lon="3.1723800000000004">
    <ele>77.97000000000001</ele>
   </trkpt>
   <trkpt lat="41.968920000000004" lon="3.1722500000000005">
    <ele>78.04</ele>
   </trkpt>
   <trkpt lat="41.969030000000004" lon="3.1722">
    <ele>78.60000000000001</ele>
   </trkpt>
   <trkpt lat="41.96932" lon="3.1722400000000004">
    <ele>80.62</ele>
   </trkpt>
   <trkpt lat="41.96947" lon="3.1721600000000003">
    <ele>81.41000000000001</ele>
   </trkpt>
   <trkpt lat="41.969550000000005" lon="3.1720800000000002">
    <ele>81.84</ele>
   </trkpt>
   <trkpt lat="41.969660000000005" lon="3.1721500000000002">
    <ele>82.60000000000001</ele>
   </trkpt>
   <trkpt lat="41.969800000000006" lon="3.1721800000000004">
    <ele>83.42</ele>
   </trkpt>
   <trkpt lat="41.96979" lon="3.1722200000000003">
    <ele>83.42</ele>
   </trkpt>
  </trkseg>
 </trk>
</gpx>
