<?xml version="1.0" encoding="UTF-8"?>
<gpx creator="StravaGPX" version="1.1" xmlns="http://www.topografix.com/GPX/1/1" xmlns:xsi="http://www.w3.org/2001/XMLSchema-instance" xsi:schemaLocation="http://www.topografix.com/GPX/1/1 http://www.topografix.com/GPX/1/1/gpx.xsd">
 <metadata>
  <name>Ses Garites - Rustik-&gt;DosKiwis-&gt;Pals Gravel</name>
  <author>
   <name>Carl Gort</name>
   <link href="https://www.strava.com/athletes/22107721"/>
  </author>
  <copyright author="OpenStreetMap contributors">
   <year>2020</year>
   <license>https://www.openstreetmap.org/copyright</license>
  </copyright>
  <link href="https://www.strava.com/routes/3506264836447541398"/>
 </metadata>
 <trk>
  <name>Ses Garites - Rustik-&gt;DosKiwis-&gt;Pals Gravel</name>
  <link href="https://www.strava.com/routes/3506264836447541398"/>
  <type>cycling</type>
  <trkseg>
   <trkpt lat="41.969820000000006" lon="3.17201">
    <ele>83.4</ele>
   </trkpt>
   <trkpt lat="41.969860000000004" lon="3.1715000000000004">
    <ele>83.32000000000001</ele>
   </trkpt>
   <trkpt lat="41.96983" lon="3.17097">
    <ele>84.64</ele>
   </trkpt>
   <trkpt lat="41.96988" lon="3.1706900000000005">
    <ele>85.38000000000001</ele>
   </trkpt>
   <trkpt lat="41.970000000000006" lon="3.1702600000000003">
    <ele>86.59</ele>
   </trkpt>
   <trkpt lat="41.97001" lon="3.1701400000000004">
    <ele>86.36</ele>
   </trkpt>
   <trkpt lat="41.970270000000006" lon="3.1690600000000004">
    <ele>87.06000000000002</ele>
   </trkpt>
   <trkpt lat="41.970380000000006" lon="3.1687800000000004">
    <ele>87.8</ele>
   </trkpt>
   <trkpt lat="41.97048" lon="3.1686300000000003">
    <ele>88.65</ele>
   </trkpt>
   <trkpt lat="41.97073" lon="3.16841">
    <ele>88.97</ele>
   </trkpt>
   <trkpt lat="41.970890000000004" lon="3.16834">
    <ele>88.75000000000001</ele>
   </trkpt>
   <trkpt lat="41.97101000000001" lon="3.1682300000000003">
    <ele>88.22</ele>
   </trkpt>
   <trkpt lat="41.971360000000004" lon="3.16753">
    <ele>83.54</ele>
   </trkpt>
   <trkpt lat="41.971430000000005" lon="3.1674100000000003">
    <ele>82.95</ele>
   </trkpt>
   <trkpt lat="41.97142" lon="3.1674200000000003">
    <ele>82.95</ele>
   </trkpt>
   <trkpt lat="41.97155" lon="3.1672300000000004">
    <ele>81.05000000000001</ele>
   </trkpt>
   <trkpt lat="41.97169" lon="3.16691">
    <ele>78.88000000000001</ele>
   </trkpt>
   <trkpt lat="41.971830000000004" lon="3.1664600000000003">
    <ele>75.22000000000001</ele>
   </trkpt>
   <trkpt lat="41.97213000108365" lon="3.1659650022975954">
    <ele>69.67</ele>
   </trkpt>
   <trkpt lat="41.97243" lon="3.1654700000000005">
    <ele>65.03</ele>
   </trkpt>
   <trkpt lat="41.97256" lon="3.1651900000000004">
    <ele>63.9</ele>
   </trkpt>
   <trkpt lat="41.972930000000005" lon="3.16475">
    <ele>60.75000000000001</ele>
   </trkpt>
   <trkpt lat="41.97326" lon="3.16453">
    <ele>58.150000000000006</ele>
   </trkpt>
   <trkpt lat="41.97337" lon="3.1644300000000003">
    <ele>57.53</ele>
   </trkpt>
   <trkpt lat="41.973420000000004" lon="3.1643100000000004">
    <ele>56.88</ele>
   </trkpt>
   <trkpt lat="41.973420000000004" lon="3.1641600000000003">
    <ele>56.370000000000005</ele>
   </trkpt>
   <trkpt lat="41.97305" lon="3.1632300000000004">
    <ele>54.480000000000004</ele>
   </trkpt>
   <trkpt lat="41.97303" lon="3.16306">
    <ele>54.36000000000001</ele>
   </trkpt>
   <trkpt lat="41.973060000000004" lon="3.16291">
    <ele>54.1</ele>
   </trkpt>
   <trkpt lat="41.97312" lon="3.1627500000000004">
    <ele>54.1</ele>
   </trkpt>
   <trkpt lat="41.973220000000005" lon="3.16263">
    <ele>53.52</ele>
   </trkpt>
   <trkpt lat="41.97348" lon="3.1623900000000003">
    <ele>53.21000000000001</ele>
   </trkpt>
   <trkpt lat="41.973670000000006" lon="3.16217">
    <ele>53.21000000000001</ele>
   </trkpt>
   <trkpt lat="41.97381" lon="3.16195">
    <ele>53.300000000000004</ele>
   </trkpt>
   <trkpt lat="41.974540000000005" lon="3.1617200000000003">
    <ele>51.67000000000001</ele>
   </trkpt>
   <trkpt lat="41.97491" lon="3.16149">
    <ele>49.63000000000001</ele>
   </trkpt>
   <trkpt lat="41.9753200006285" lon="3.161130002259444">
    <ele>46.09</ele>
   </trkpt>
   <trkpt lat="41.975730000000006" lon="3.1607700000000003">
    <ele>44.64000000000001</ele>
   </trkpt>
   <trkpt lat="41.976000000000006" lon="3.1605100000000004">
    <ele>43.5</ele>
   </trkpt>
   <trkpt lat="41.976290000000006" lon="3.16019">
    <ele>41.470000000000006</ele>
   </trkpt>
   <trkpt lat="41.976490000000005" lon="3.1600800000000002">
    <ele>40.31</ele>
   </trkpt>
   <trkpt lat="41.97659" lon="3.16006">
    <ele>40.31</ele>
   </trkpt>
   <trkpt lat="41.976670000000006" lon="3.1601000000000004">
    <ele>40.010000000000005</ele>
   </trkpt>
   <trkpt lat="41.97683000000001" lon="3.1603000000000003">
    <ele>39.39</ele>
   </trkpt>
   <trkpt lat="41.976980000000005" lon="3.1604200000000002">
    <ele>39.02</ele>
   </trkpt>
   <trkpt lat="41.97730000000001" lon="3.1604900000000002">
    <ele>38.77</ele>
   </trkpt>
   <trkpt lat="41.977380000000004" lon="3.16048">
    <ele>38.580000000000005</ele>
   </trkpt>
   <trkpt lat="41.977920000000005" lon="3.1600200000000003">
    <ele>36.910000000000004</ele>
   </trkpt>
   <trkpt lat="41.97805" lon="3.15992">
    <ele>36.81</ele>
   </trkpt>
   <trkpt lat="41.97818" lon="3.1599000000000004">
    <ele>36.92</ele>
   </trkpt>
   <trkpt lat="41.97813" lon="3.1605000000000003">
    <ele>41.470000000000006</ele>
   </trkpt>
   <trkpt lat="41.97815000000001" lon="3.1606">
    <ele>41.470000000000006</ele>
   </trkpt>
   <trkpt lat="41.97823" lon="3.1606300000000003">
    <ele>42.25</ele>
   </trkpt>
   <trkpt lat="41.978260000000006" lon="3.16067">
    <ele>42.53</ele>
   </trkpt>
   <trkpt lat="41.97829" lon="3.1607700000000003">
    <ele>42.88</ele>
   </trkpt>
   <trkpt lat="41.978300000000004" lon="3.1609000000000003">
    <ele>42.97</ele>
   </trkpt>
   <trkpt lat="41.97833000000001" lon="3.16096">
    <ele>42.93</ele>
   </trkpt>
   <trkpt lat="41.97842000000001" lon="3.1610000000000005">
    <ele>42.690000000000005</ele>
   </trkpt>
   <trkpt lat="41.9786" lon="3.1609800000000003">
    <ele>41.59</ele>
   </trkpt>
   <trkpt lat="41.97908" lon="3.16095">
    <ele>39.32</ele>
   </trkpt>
   <trkpt lat="41.97916" lon="3.16177">
    <ele>38.46</ele>
   </trkpt>
   <trkpt lat="41.97916" lon="3.16176">
    <ele>38.46</ele>
   </trkpt>
   <trkpt lat="41.97918000000001" lon="3.1619900000000003">
    <ele>38.59</ele>
   </trkpt>
   <trkpt lat="41.979710000000004" lon="3.16177">
    <ele>37.040000000000006</ele>
   </trkpt>
   <trkpt lat="41.97979" lon="3.1618100000000005">
    <ele>37.08</ele>
   </trkpt>
   <trkpt lat="41.979890000000005" lon="3.1620100000000004">
    <ele>37.2</ele>
   </trkpt>
   <trkpt lat="41.97988" lon="3.1618600000000003">
    <ele>37.18000000000001</ele>
   </trkpt>
   <trkpt lat="41.97995" lon="3.1616600000000004">
    <ele>37.12</ele>
   </trkpt>
   <trkpt lat="41.98030000000001" lon="3.16142">
    <ele>33.870000000000005</ele>
   </trkpt>
   <trkpt lat="41.98071000025872" lon="3.161100002205282">
    <ele>30.51</ele>
   </trkpt>
   <trkpt lat="41.981120000000004" lon="3.1607800000000004">
    <ele>28.76</ele>
   </trkpt>
   <trkpt lat="41.981550000000006" lon="3.1605100000000004">
    <ele>26.63</ele>
   </trkpt>
   <trkpt lat="41.98205" lon="3.16055">
    <ele>25.66</ele>
   </trkpt>
   <trkpt lat="41.98257" lon="3.16067">
    <ele>24.96</ele>
   </trkpt>
   <trkpt lat="41.982980000000005" lon="3.16068">
    <ele>24.62</ele>
   </trkpt>
   <trkpt lat="41.983630000000005" lon="3.1610400000000003">
    <ele>25.09</ele>
   </trkpt>
   <trkpt lat="41.98387" lon="3.16123">
    <ele>25.01</ele>
   </trkpt>
   <trkpt lat="41.98396" lon="3.16136">
    <ele>24.810000000000002</ele>
   </trkpt>
   <trkpt lat="41.98395" lon="3.16136">
    <ele>24.82</ele>
   </trkpt>
   <trkpt lat="41.98445" lon="3.16211">
    <ele>21.94</ele>
   </trkpt>
   <trkpt lat="41.98461" lon="3.1622800000000004">
    <ele>21.580000000000002</ele>
   </trkpt>
   <trkpt lat="41.985350000000004" lon="3.16278">
    <ele>20.720000000000002</ele>
   </trkpt>
   <trkpt lat="41.98554" lon="3.16304">
    <ele>20.62</ele>
   </trkpt>
   <trkpt lat="41.985890000000005" lon="3.1638200000000003">
    <ele>20.66</ele>
   </trkpt>
   <trkpt lat="41.985980000000005" lon="3.16394">
    <ele>20.66</ele>
   </trkpt>
   <trkpt lat="41.986090000000004" lon="3.1640300000000003">
    <ele>20.68</ele>
   </trkpt>
   <trkpt lat="41.98664" lon="3.1641100000000004">
    <ele>21.300000000000004</ele>
   </trkpt>
   <trkpt lat="41.987280000000005" lon="3.1645600000000003">
    <ele>20.92</ele>
   </trkpt>
   <trkpt lat="41.98754" lon="3.16462">
    <ele>20.14</ele>
   </trkpt>
   <trkpt lat="41.988100000026655" lon="3.164560000526623">
    <ele>18.840000000000003</ele>
   </trkpt>
   <trkpt lat="41.98866" lon="3.1645000000000003">
    <ele>15.0</ele>
   </trkpt>
   <trkpt lat="41.98886" lon="3.1644500000000004">
    <ele>14.5</ele>
   </trkpt>
   <trkpt lat="41.98944" lon="3.1643200000000005">
    <ele>14.100000000000001</ele>
   </trkpt>
   <trkpt lat="41.98940500158098" lon="3.1649250004587715">
    <ele>14.040000000000001</ele>
   </trkpt>
   <trkpt lat="41.98937" lon="3.1655300000000004">
    <ele>13.680000000000001</ele>
   </trkpt>
   <trkpt lat="41.98937" lon="3.1661200000000003">
    <ele>13.27</ele>
   </trkpt>
   <trkpt lat="41.989430000000006" lon="3.1666200000000004">
    <ele>12.900000000000002</ele>
   </trkpt>
   <trkpt lat="41.98969500483804" lon="3.1676749956412773">
    <ele>13.120000000000001</ele>
   </trkpt>
   <trkpt lat="41.98996" lon="3.16873">
    <ele>13.940000000000001</ele>
   </trkpt>
   <trkpt lat="41.990140000000004" lon="3.1693200000000004">
    <ele>14.51</ele>
   </trkpt>
   <trkpt lat="41.99036" lon="3.1698700000000004">
    <ele>14.8</ele>
   </trkpt>
   <trkpt lat="41.99076" lon="3.1706000000000003">
    <ele>15.1</ele>
   </trkpt>
   <trkpt lat="41.99125" lon="3.1713500000000003">
    <ele>14.68</ele>
   </trkpt>
   <trkpt lat="41.99123" lon="3.1714">
    <ele>14.68</ele>
   </trkpt>
   <trkpt lat="41.991220000000006" lon="3.17152">
    <ele>14.58</ele>
   </trkpt>
   <trkpt lat="41.99128" lon="3.1716100000000003">
    <ele>14.58</ele>
   </trkpt>
   <trkpt lat="41.99132" lon="3.1716300000000004">
    <ele>14.58</ele>
   </trkpt>
   <trkpt lat="41.99136" lon="3.1716300000000004">
    <ele>14.58</ele>
   </trkpt>
   <trkpt lat="41.99143" lon="3.17158">
    <ele>14.51</ele>
   </trkpt>
   <trkpt lat="41.991460000000004" lon="3.1715400000000002">
    <ele>14.51</ele>
   </trkpt>
   <trkpt lat="41.99147000000001" lon="3.1714400000000005">
    <ele>14.530000000000001</ele>
   </trkpt>
   <trkpt lat="41.99210000008085" lon="3.171240002008979">
    <ele>13.57</ele>
   </trkpt>
   <trkpt lat="41.99273" lon="3.17104">
    <ele>12.540000000000001</ele>
   </trkpt>
   <trkpt lat="41.99333" lon="3.17092">
    <ele>10.89</ele>
   </trkpt>
   <trkpt lat="41.99273" lon="3.17104">
    <ele>12.540000000000001</ele>
   </trkpt>
   <trkpt lat="41.99210000026629" lon="3.1712400019501072">
    <ele>13.57</ele>
   </trkpt>
   <trkpt lat="41.99147000000001" lon="3.1714400000000005">
    <ele>14.530000000000001</ele>
   </trkpt>
   <trkpt lat="41.99143" lon="3.1713400000000003">
    <ele>14.530000000000001</ele>
   </trkpt>
   <trkpt lat="41.99136" lon="3.1713000000000005">
    <ele>14.68</ele>
   </trkpt>
   <trkpt lat="41.99132" lon="3.1713000000000005">
    <ele>14.68</ele>
   </trkpt>
   <trkpt lat="41.99125" lon="3.1713500000000003">
    <ele>14.68</ele>
   </trkpt>
   <trkpt lat="41.99123" lon="3.1714">
    <ele>14.68</ele>
   </trkpt>
   <trkpt lat="41.991220000000006" lon="3.17152">
    <ele>14.58</ele>
   </trkpt>
   <trkpt lat="41.99128" lon="3.1716100000000003">
    <ele>14.58</ele>
   </trkpt>
   <trkpt lat="41.99132" lon="3.1716300000000004">
    <ele>14.58</ele>
   </trkpt>
   <trkpt lat="41.99143" lon="3.17158">
    <ele>14.58</ele>
   </trkpt>
   <trkpt lat="41.992020003476185" lon="3.172479991598725">
    <ele>14.010000000000002</ele>
   </trkpt>
   <trkpt lat="41.992610000000006" lon="3.1733800000000003">
    <ele>13.99</ele>
   </trkpt>
   <trkpt lat="41.99285500145793" lon="3.1739399980664214">
    <ele>14.06</ele>
   </trkpt>
   <trkpt lat="41.993100000000005" lon="3.1745">
    <ele>13.96</ele>
   </trkpt>
   <trkpt lat="41.99335000000001" lon="3.1756200000000003">
    <ele>13.32</ele>
   </trkpt>
   <trkpt lat="41.9934" lon="3.1761800000000004">
    <ele>13.670000000000002</ele>
   </trkpt>
   <trkpt lat="41.99400000023551" lon="3.175910002581674">
    <ele>11.62</ele>
   </trkpt>
   <trkpt lat="41.994600000000005" lon="3.1756400000000005">
    <ele>9.8</ele>
   </trkpt>
   <trkpt lat="41.99503000000001" lon="3.17551">
    <ele>9.01</ele>
   </trkpt>
   <trkpt lat="41.9956" lon="3.1755700000000004">
    <ele>8.55</ele>
   </trkpt>
   <trkpt lat="41.99632000031075" lon="3.1758149972453418">
    <ele>7.9700000000000015</ele>
   </trkpt>
   <trkpt lat="41.997040000000005" lon="3.17606">
    <ele>6.78</ele>
   </trkpt>
   <trkpt lat="41.99763000017966" lon="3.1762399983431213">
    <ele>5.81</ele>
   </trkpt>
   <trkpt lat="41.99822" lon="3.1764200000000002">
    <ele>4.5200000000000005</ele>
   </trkpt>
   <trkpt lat="41.99832000000001" lon="3.17648">
    <ele>4.5200000000000005</ele>
   </trkpt>
   <trkpt lat="41.99839" lon="3.1765600000000003">
    <ele>4.2700000000000005</ele>
   </trkpt>
   <trkpt lat="41.99866" lon="3.1771800000000003">
    <ele>3.2600000000000002</ele>
   </trkpt>
   <trkpt lat="41.998780000000004" lon="3.1775100000000003">
    <ele>3.0</ele>
   </trkpt>
   <trkpt lat="41.99886" lon="3.1776400000000002">
    <ele>2.87</ele>
   </trkpt>
   <trkpt lat="41.999050000000004" lon="3.1777200000000003">
    <ele>2.87</ele>
   </trkpt>
   <trkpt lat="41.99956999997964" lon="3.177700000164283">
    <ele>2.4600000000000004</ele>
   </trkpt>
   <trkpt lat="42.00009" lon="3.17768">
    <ele>1.9500000000000002</ele>
   </trkpt>
   <trkpt lat="42.00089500005239" lon="3.177635000566857">
    <ele>1.6500000000000001</ele>
   </trkpt>
   <trkpt lat="42.00170000000001" lon="3.1775900000000004">
    <ele>1.4900000000000002</ele>
   </trkpt>
   <trkpt lat="42.0022" lon="3.1775400000000005">
    <ele>1.4600000000000002</ele>
   </trkpt>
   <trkpt lat="42.00307" lon="3.1774000000000004">
    <ele>1.55</ele>
   </trkpt>
   <trkpt lat="42.003350000000005" lon="3.1773700000000002">
    <ele>1.9000000000000001</ele>
   </trkpt>
   <trkpt lat="42.00363" lon="3.17741">
    <ele>2.22</ele>
   </trkpt>
   <trkpt lat="42.004255000067076" lon="3.177400000097167">
    <ele>1.61</ele>
   </trkpt>
   <trkpt lat="42.00488" lon="3.1773900000000004">
    <ele>1.62</ele>
   </trkpt>
   <trkpt lat="42.00535" lon="3.17728">
    <ele>1.81</ele>
   </trkpt>
   <trkpt lat="42.006130000000006" lon="3.1770600000000004">
    <ele>1.8800000000000001</ele>
   </trkpt>
   <trkpt lat="42.00685" lon="3.1767700000000003">
    <ele>1.8200000000000003</ele>
   </trkpt>
   <trkpt lat="42.00724" lon="3.17666">
    <ele>1.79</ele>
   </trkpt>
   <trkpt lat="42.00741" lon="3.1766500000000004">
    <ele>1.79</ele>
   </trkpt>
   <trkpt lat="42.008230000000005" lon="3.1768600000000005">
    <ele>1.6300000000000001</ele>
   </trkpt>
   <trkpt lat="42.008990000000004" lon="3.17708">
    <ele>1.6</ele>
   </trkpt>
   <trkpt lat="42.008970000000005" lon="3.17708">
    <ele>1.61</ele>
   </trkpt>
   <trkpt lat="42.00962500012183" lon="3.1772699980334993">
    <ele>1.67</ele>
   </trkpt>
   <trkpt lat="42.01028" lon="3.1774600000000004">
    <ele>2.4400000000000004</ele>
   </trkpt>
   <trkpt lat="42.010360000000006" lon="3.1775">
    <ele>2.95</ele>
   </trkpt>
   <trkpt lat="42.01028" lon="3.1777200000000003">
    <ele>3.8200000000000003</ele>
   </trkpt>
   <trkpt lat="42.01046" lon="3.1778100000000005">
    <ele>3.85</ele>
   </trkpt>
   <trkpt lat="42.010490000000004" lon="3.1778100000000005">
    <ele>3.85</ele>
   </trkpt>
   <trkpt lat="42.010580000000004" lon="3.1775300000000004">
    <ele>1.8900000000000001</ele>
   </trkpt>
   <trkpt lat="42.010910000856235" lon="3.177065002528068">
    <ele>1.01</ele>
   </trkpt>
   <trkpt lat="42.01124" lon="3.1766">
    <ele>1.05</ele>
   </trkpt>
   <trkpt lat="42.01133" lon="3.1762500000000005">
    <ele>1.05</ele>
   </trkpt>
   <trkpt lat="42.0114" lon="3.1761000000000004">
    <ele>1.18</ele>
   </trkpt>
   <trkpt lat="42.011970000000005" lon="3.17539">
    <ele>1.9600000000000004</ele>
   </trkpt>
   <trkpt lat="42.012103340676106" lon="3.174470003879957">
    <ele>1.86</ele>
   </trkpt>
   <trkpt lat="42.01223667400614" lon="3.1735500039027613">
    <ele>2.7900000000000005</ele>
   </trkpt>
   <trkpt lat="42.012370000000004" lon="3.1726300000000003">
    <ele>1.9400000000000002</ele>
   </trkpt>
   <trkpt lat="42.012500003710315" lon="3.1717050019103383">
    <ele>2.0100000000000002</ele>
   </trkpt>
   <trkpt lat="42.01263" lon="3.17078">
    <ele>2.06</ele>
   </trkpt>
   <trkpt lat="42.01272667217752" lon="3.169983335735756">
    <ele>2.12</ele>
   </trkpt>
   <trkpt lat="42.01282333884652" lon="3.169186669049903">
    <ele>2.4000000000000004</ele>
   </trkpt>
   <trkpt lat="42.01292" lon="3.16839">
    <ele>2.5100000000000002</ele>
   </trkpt>
   <trkpt lat="42.012930000000004" lon="3.1680500000000005">
    <ele>2.56</ele>
   </trkpt>
   <trkpt lat="42.012890000000006" lon="3.16785">
    <ele>2.65</ele>
   </trkpt>
   <trkpt lat="42.01281" lon="3.1676800000000003">
    <ele>2.65</ele>
   </trkpt>
   <trkpt lat="42.01268" lon="3.1674700000000002">
    <ele>2.97</ele>
   </trkpt>
   <trkpt lat="42.012060000000005" lon="3.1671400000000003">
    <ele>3.1300000000000003</ele>
   </trkpt>
   <trkpt lat="42.01194" lon="3.16699">
    <ele>3.22</ele>
   </trkpt>
   <trkpt lat="42.011990000000004" lon="3.1662000000000003">
    <ele>3.56</ele>
   </trkpt>
   <trkpt lat="42.011990000000004" lon="3.1658700000000004">
    <ele>3.71</ele>
   </trkpt>
   <trkpt lat="42.01203" lon="3.1658100000000005">
    <ele>3.71</ele>
   </trkpt>
   <trkpt lat="42.01204000850602" lon="3.1648200003604403">
    <ele>3.8800000000000003</ele>
   </trkpt>
   <trkpt lat="42.01205000850552" lon="3.1638300004094586">
    <ele>6.8100000000000005</ele>
   </trkpt>
   <trkpt lat="42.012060000000005" lon="3.16284">
    <ele>5.15</ele>
   </trkpt>
   <trkpt lat="42.01209" lon="3.16252">
    <ele>4.65</ele>
   </trkpt>
   <trkpt lat="42.01214" lon="3.1624000000000003">
    <ele>4.23</ele>
   </trkpt>
   <trkpt lat="42.01218" lon="3.1622600000000003">
    <ele>3.93</ele>
   </trkpt>
   <trkpt lat="42.0123" lon="3.1620500000000002">
    <ele>3.73</ele>
   </trkpt>
   <trkpt lat="42.012480000000004" lon="3.1618500000000003">
    <ele>3.5500000000000003</ele>
   </trkpt>
   <trkpt lat="42.01310500080997" lon="3.161415004282281">
    <ele>3.68</ele>
   </trkpt>
   <trkpt lat="42.01373" lon="3.1609800000000003">
    <ele>3.73</ele>
   </trkpt>
   <trkpt lat="42.01386" lon="3.1608600000000004">
    <ele>3.7600000000000002</ele>
   </trkpt>
   <trkpt lat="42.014660000000006" lon="3.16081">
    <ele>3.22</ele>
   </trkpt>
   <trkpt lat="42.015240000000006" lon="3.16073">
    <ele>2.91</ele>
   </trkpt>
   <trkpt lat="42.01536" lon="3.1607600000000002">
    <ele>3.02</ele>
   </trkpt>
   <trkpt lat="42.015460000000004" lon="3.16082">
    <ele>3.0700000000000003</ele>
   </trkpt>
   <trkpt lat="42.0155" lon="3.1609100000000003">
    <ele>3.0500000000000003</ele>
   </trkpt>
   <trkpt lat="42.01552" lon="3.16109">
    <ele>2.97</ele>
   </trkpt>
   <trkpt lat="42.015570000000004" lon="3.16122">
    <ele>2.73</ele>
   </trkpt>
   <trkpt lat="42.015660000000004" lon="3.1613">
    <ele>2.65</ele>
   </trkpt>
   <trkpt lat="42.01650500063327" lon="3.1616649951740956">
    <ele>2.5700000000000003</ele>
   </trkpt>
   <trkpt lat="42.01735" lon="3.16203">
    <ele>2.86</ele>
   </trkpt>
   <trkpt lat="42.017940000517804" lon="3.1623449971240785">
    <ele>2.8800000000000003</ele>
   </trkpt>
   <trkpt lat="42.018530000000005" lon="3.1626600000000002">
    <ele>3.1400000000000006</ele>
   </trkpt>
   <trkpt lat="42.018660000000004" lon="3.1634100000000003">
    <ele>3.25</ele>
   </trkpt>
   <trkpt lat="42.018910000000005" lon="3.16353">
    <ele>3.0700000000000003</ele>
   </trkpt>
   <trkpt lat="42.01968000031146" lon="3.1637549973023056">
    <ele>2.8100000000000005</ele>
   </trkpt>
   <trkpt lat="42.020450000000004" lon="3.1639800000000005">
    <ele>4.140000000000001</ele>
   </trkpt>
   <trkpt lat="42.02076" lon="3.16413">
    <ele>3.98</ele>
   </trkpt>
   <trkpt lat="42.021460000000005" lon="3.16433">
    <ele>4.13</ele>
   </trkpt>
   <trkpt lat="42.02219" lon="3.1644500000000004">
    <ele>4.540000000000001</ele>
   </trkpt>
   <trkpt lat="42.022420000000004" lon="3.16453">
    <ele>4.82</ele>
   </trkpt>
   <trkpt lat="42.02282" lon="3.1645600000000003">
    <ele>5.0600000000000005</ele>
   </trkpt>
   <trkpt lat="42.02281000000001" lon="3.16481">
    <ele>5.08</ele>
   </trkpt>
   <trkpt lat="42.02282" lon="3.1645600000000003">
    <ele>5.0600000000000005</ele>
   </trkpt>
   <trkpt lat="42.0229" lon="3.1640400000000004">
    <ele>5.050000000000001</ele>
   </trkpt>
   <trkpt lat="42.02315202185373" lon="3.1629180177849716">
    <ele>5.34</ele>
   </trkpt>
   <trkpt lat="42.02340403278116" lon="3.1617960266755936">
    <ele>5.280000000000001</ele>
   </trkpt>
   <trkpt lat="42.02365603278207" lon="3.160674026672103">
    <ele>5.34</ele>
   </trkpt>
   <trkpt lat="42.0239080218563" lon="3.159552017774735">
    <ele>5.450000000000001</ele>
   </trkpt>
   <trkpt lat="42.02416" lon="3.15843">
    <ele>5.57</ele>
   </trkpt>
   <trkpt lat="42.02434751250803" lon="3.1574500086483774">
    <ele>5.55</ele>
   </trkpt>
   <trkpt lat="42.02453501668026" lon="3.1564700115163262">
    <ele>5.790000000000001</ele>
   </trkpt>
   <trkpt lat="42.02472251251658" lon="3.155490008604031">
    <ele>5.81</ele>
   </trkpt>
   <trkpt lat="42.024910000000006" lon="3.15451">
    <ele>5.74</ele>
   </trkpt>
   <trkpt lat="42.0249950021347" lon="3.153805001127524">
    <ele>5.66</ele>
   </trkpt>
   <trkpt lat="42.02508" lon="3.1531000000000002">
    <ele>5.55</ele>
   </trkpt>
   <trkpt lat="42.02510500200566" lon="3.15242000029679">
    <ele>5.46</ele>
   </trkpt>
   <trkpt lat="42.025130000000004" lon="3.15174">
    <ele>5.710000000000001</ele>
   </trkpt>
   <trkpt lat="42.025220000000004" lon="3.15112">
    <ele>5.450000000000001</ele>
   </trkpt>
   <trkpt lat="42.025270010628454" lon="3.1500133351094983">
    <ele>5.74</ele>
   </trkpt>
   <trkpt lat="42.02532001062686" lon="3.1489066684781415">
    <ele>6.21</ele>
   </trkpt>
   <trkpt lat="42.02537" lon="3.1478">
    <ele>6.280000000000001</ele>
   </trkpt>
   <trkpt lat="42.02543" lon="3.1469400000000003">
    <ele>6.580000000000001</ele>
   </trkpt>
   <trkpt lat="42.02559" lon="3.1461">
    <ele>6.670000000000001</ele>
   </trkpt>
   <trkpt lat="42.025870011323406" lon="3.14516751231329">
    <ele>6.74</ele>
   </trkpt>
   <trkpt lat="42.026150015099496" lon="3.144235016412595">
    <ele>6.68</ele>
   </trkpt>
   <trkpt lat="42.02643001132813" lon="3.143302512297983">
    <ele>7.050000000000001</ele>
   </trkpt>
   <trkpt lat="42.02671" lon="3.14237">
    <ele>7.0</ele>
   </trkpt>
   <trkpt lat="42.026955003093036" lon="3.141525003276243">
    <ele>7.24</ele>
   </trkpt>
   <trkpt lat="42.0272" lon="3.14068">
    <ele>6.94</ele>
   </trkpt>
   <trkpt lat="42.027583342785476" lon="3.139636679238533">
    <ele>7.19</ele>
   </trkpt>
   <trkpt lat="42.027966676122794" lon="3.1385933458945456">
    <ele>7.46</ele>
   </trkpt>
   <trkpt lat="42.02835" lon="3.13755">
    <ele>7.83</ele>
   </trkpt>
   <trkpt lat="42.02876334093847" lon="3.1366133455366008">
    <ele>7.640000000000001</ele>
   </trkpt>
   <trkpt lat="42.02917667426189" lon="3.135676678892569">
    <ele>7.5600000000000005</ele>
   </trkpt>
   <trkpt lat="42.029590000000006" lon="3.1347400000000003">
    <ele>8.010000000000002</ele>
   </trkpt>
   <trkpt lat="42.03007501986778" lon="3.1337833698134054">
    <ele>7.8500000000000005</ele>
   </trkpt>
   <trkpt lat="42.0305600317922" lon="3.1328267250283672">
    <ele>7.7700000000000005</ele>
   </trkpt>
   <trkpt lat="42.031045035773005" lon="3.131870065644651">
    <ele>7.87</ele>
   </trkpt>
   <trkpt lat="42.03153003180992" lon="3.130913391662027">
    <ele>7.8100000000000005</ele>
   </trkpt>
   <trkpt lat="42.03201501990273" lon="3.1299567030802615">
    <ele>8.23</ele>
   </trkpt>
   <trkpt lat="42.032500000000006" lon="3.1290000000000004">
    <ele>8.47</ele>
   </trkpt>
   <trkpt lat="42.03280000163405" lon="3.1284100025422483">
    <ele>8.58</ele>
   </trkpt>
   <trkpt lat="42.033100000000005" lon="3.1278200000000003">
    <ele>8.46</ele>
   </trkpt>
   <trkpt lat="42.03354000308194" lon="3.126990005572047">
    <ele>8.57</ele>
   </trkpt>
   <trkpt lat="42.03398000000001" lon="3.12616">
    <ele>8.77</ele>
   </trkpt>
   <trkpt lat="42.034275001900994" lon="3.125505002953521">
    <ele>8.64</ele>
   </trkpt>
   <trkpt lat="42.03457" lon="3.1248500000000003">
    <ele>11.950000000000001</ele>
   </trkpt>
   <trkpt lat="42.035260001214645" lon="3.1253549945962518">
    <ele>11.590000000000002</ele>
   </trkpt>
   <trkpt lat="42.03595000000001" lon="3.1258600000000003">
    <ele>11.15</ele>
   </trkpt>
   <trkpt lat="42.03575" lon="3.1256700000000004">
    <ele>9.35</ele>
   </trkpt>
   <trkpt lat="42.036020001977825" lon="3.12500500268094">
    <ele>8.41</ele>
   </trkpt>
   <trkpt lat="42.03629" lon="3.12434">
    <ele>8.33</ele>
   </trkpt>
   <trkpt lat="42.036480000000005" lon="3.1238">
    <ele>8.33</ele>
   </trkpt>
   <trkpt lat="42.036875005063656" lon="3.1227250065503664">
    <ele>8.4</ele>
   </trkpt>
   <trkpt lat="42.03727000000001" lon="3.1216500000000003">
    <ele>8.14</ele>
   </trkpt>
   <trkpt lat="42.03765000257294" lon="3.120885004507854">
    <ele>8.31</ele>
   </trkpt>
   <trkpt lat="42.038030000000006" lon="3.1201200000000004">
    <ele>8.620000000000001</ele>
   </trkpt>
   <trkpt lat="42.03844" lon="3.1191600000000004">
    <ele>9.030000000000001</ele>
   </trkpt>
   <trkpt lat="42.03879667200696" lon="3.118376675428856">
    <ele>8.190000000000001</ele>
   </trkpt>
   <trkpt lat="42.03915333868779" lon="3.117593342064529">
    <ele>7.96</ele>
   </trkpt>
   <trkpt lat="42.03951" lon="3.11681">
    <ele>8.39</ele>
   </trkpt>
   <trkpt lat="42.03980333922063" lon="3.1159866742588473">
    <ele>9.19</ele>
   </trkpt>
   <trkpt lat="42.04009667255727" lon="3.115163340916341">
    <ele>9.61</ele>
   </trkpt>
   <trkpt lat="42.04039" lon="3.1143400000000003">
    <ele>9.670000000000002</ele>
   </trkpt>
   <trkpt lat="42.040630002734055" lon="3.1135400031668796">
    <ele>9.62</ele>
   </trkpt>
   <trkpt lat="42.040870000000005" lon="3.11274">
    <ele>8.700000000000001</ele>
   </trkpt>
   <trkpt lat="42.04099" lon="3.11227">
    <ele>7.98</ele>
   </trkpt>
   <trkpt lat="42.041140000000006" lon="3.1118500000000004">
    <ele>8.030000000000001</ele>
   </trkpt>
   <trkpt lat="42.041340000000005" lon="3.1115700000000004">
    <ele>8.110000000000001</ele>
   </trkpt>
   <trkpt lat="42.04154500175221" lon="3.1109300021443858">
    <ele>8.790000000000001</ele>
   </trkpt>
   <trkpt lat="42.04175" lon="3.1102900000000004">
    <ele>9.07</ele>
   </trkpt>
   <trkpt lat="42.041920003416365" lon="3.1094050022788142">
    <ele>8.610000000000001</ele>
   </trkpt>
   <trkpt lat="42.04209" lon="3.1085200000000004">
    <ele>9.520000000000001</ele>
   </trkpt>
   <trkpt lat="42.04226500166369" lon="3.107895001834464">
    <ele>9.14</ele>
   </trkpt>
   <trkpt lat="42.042440000000006" lon="3.10727">
    <ele>9.15</ele>
   </trkpt>
   <trkpt lat="42.04272500295343" lon="3.106445003702122">
    <ele>9.160000000000002</ele>
   </trkpt>
   <trkpt lat="42.04301" lon="3.10562">
    <ele>9.39</ele>
   </trkpt>
   <trkpt lat="42.04318000000001" lon="3.1047900000000004">
    <ele>9.83</ele>
   </trkpt>
   <trkpt lat="42.043265003785244" lon="3.1038550013497135">
    <ele>10.190000000000001</ele>
   </trkpt>
   <trkpt lat="42.043350000000004" lon="3.10292">
    <ele>9.99</ele>
   </trkpt>
   <trkpt lat="42.04351500174795" lon="3.102280001777492">
    <ele>9.850000000000001</ele>
   </trkpt>
   <trkpt lat="42.04368" lon="3.10164">
    <ele>9.850000000000001</ele>
   </trkpt>
   <trkpt lat="42.043690000000005" lon="3.10164">
    <ele>9.850000000000001</ele>
   </trkpt>
   <trkpt lat="42.04383000000001" lon="3.1011200000000003">
    <ele>10.040000000000001</ele>
   </trkpt>
   <trkpt lat="42.04404" lon="3.1007200000000004">
    <ele>10.41</ele>
   </trkpt>
   <trkpt lat="42.044623334335036" lon="3.1010566604947623">
    <ele>10.42</ele>
   </trkpt>
   <trkpt lat="42.045206667686244" lon="3.1013933271716567">
    <ele>10.07</ele>
   </trkpt>
   <trkpt lat="42.045790000000004" lon="3.1017300000000003">
    <ele>10.05</ele>
   </trkpt>
   <trkpt lat="42.04653666864622" lon="3.102206655466681">
    <ele>9.950000000000001</ele>
   </trkpt>
   <trkpt lat="42.04728333532021" lon="3.1026833221378274">
    <ele>9.9</ele>
   </trkpt>
   <trkpt lat="42.048030000000004" lon="3.1031600000000004">
    <ele>9.370000000000001</ele>
   </trkpt>
   <trkpt lat="42.048210000000005" lon="3.1032">
    <ele>9.340000000000002</ele>
   </trkpt>
   <trkpt lat="42.04851" lon="3.10313">
    <ele>9.38</ele>
   </trkpt>
   <trkpt lat="42.048790000000004" lon="3.10326">
    <ele>9.36</ele>
   </trkpt>
   <trkpt lat="42.04891000000001" lon="3.1034">
    <ele>9.4</ele>
   </trkpt>
   <trkpt lat="42.04903" lon="3.1036500000000005">
    <ele>9.31</ele>
   </trkpt>
   <trkpt lat="42.04923" lon="3.1037000000000003">
    <ele>9.35</ele>
   </trkpt>
   <trkpt lat="42.049220000000005" lon="3.1037000000000003">
    <ele>9.340000000000002</ele>
   </trkpt>
   <trkpt lat="42.04956000000001" lon="3.10379">
    <ele>9.8</ele>
   </trkpt>
   <trkpt lat="42.049730000000004" lon="3.10441">
    <ele>10.280000000000001</ele>
   </trkpt>
   <trkpt lat="42.04972" lon="3.10447">
    <ele>10.280000000000001</ele>
   </trkpt>
   <trkpt lat="42.04974" lon="3.1045700000000003">
    <ele>10.360000000000001</ele>
   </trkpt>
   <trkpt lat="42.04981" lon="3.1046600000000004">
    <ele>10.620000000000001</ele>
   </trkpt>
   <trkpt lat="42.04988" lon="3.10469">
    <ele>10.620000000000001</ele>
   </trkpt>
   <trkpt lat="42.04993" lon="3.10468">
    <ele>10.620000000000001</ele>
   </trkpt>
   <trkpt lat="42.05003000000001" lon="3.1048500000000003">
    <ele>10.4</ele>
   </trkpt>
   <trkpt lat="42.05017" lon="3.1053100000000002">
    <ele>10.25</ele>
   </trkpt>
   <trkpt lat="42.05024" lon="3.10576">
    <ele>10.190000000000001</ele>
   </trkpt>
   <trkpt lat="42.050250000000005" lon="3.1061">
    <ele>10.360000000000001</ele>
   </trkpt>
   <trkpt lat="42.05017" lon="3.1064100000000003">
    <ele>10.58</ele>
   </trkpt>
   <trkpt lat="42.05042" lon="3.1073000000000004">
    <ele>11.420000000000002</ele>
   </trkpt>
   <trkpt lat="42.050610000000006" lon="3.10752">
    <ele>11.780000000000001</ele>
   </trkpt>
   <trkpt lat="42.051260000000006" lon="3.108">
    <ele>15.92</ele>
   </trkpt>
   <trkpt lat="42.051570000000005" lon="3.10787">
    <ele>18.230000000000004</ele>
   </trkpt>
   <trkpt lat="42.051730000000006" lon="3.1078900000000003">
    <ele>21.16</ele>
   </trkpt>
   <trkpt lat="42.051790000000004" lon="3.10801">
    <ele>21.16</ele>
   </trkpt>
   <trkpt lat="42.05198" lon="3.1080200000000002">
    <ele>22.96</ele>
   </trkpt>
   <trkpt lat="42.05199" lon="3.10828">
    <ele>24.200000000000003</ele>
   </trkpt>
   <trkpt lat="42.052110000000006" lon="3.1085200000000004">
    <ele>24.46</ele>
   </trkpt>
   <trkpt lat="42.05221" lon="3.1086400000000003">
    <ele>24.740000000000002</ele>
   </trkpt>
   <trkpt lat="42.05252" lon="3.1088700000000005">
    <ele>25.7</ele>
   </trkpt>
   <trkpt lat="42.052580000000006" lon="3.10869">
    <ele>25.96</ele>
   </trkpt>
   <trkpt lat="42.05261" lon="3.1084600000000004">
    <ele>26.42</ele>
   </trkpt>
   <trkpt lat="42.052600000000005" lon="3.10807">
    <ele>26.650000000000002</ele>
   </trkpt>
   <trkpt lat="42.05265000000001" lon="3.1079600000000003">
    <ele>26.520000000000003</ele>
   </trkpt>
   <trkpt lat="42.053020000000004" lon="3.1076400000000004">
    <ele>26.580000000000002</ele>
   </trkpt>
   <trkpt lat="42.0536" lon="3.1068700000000002">
    <ele>22.51</ele>
   </trkpt>
   <trkpt lat="42.053920000000005" lon="3.1066100000000003">
    <ele>20.5</ele>
   </trkpt>
   <trkpt lat="42.05436" lon="3.10639">
    <ele>18.950000000000003</ele>
   </trkpt>
   <trkpt lat="42.05453000000001" lon="3.1062700000000003">
    <ele>18.950000000000003</ele>
   </trkpt>
   <trkpt lat="42.054680000000005" lon="3.1061">
    <ele>18.12</ele>
   </trkpt>
   <trkpt lat="42.05483" lon="3.1058700000000004">
    <ele>17.560000000000002</ele>
   </trkpt>
   <trkpt lat="42.05518" lon="3.10522">
    <ele>16.650000000000002</ele>
   </trkpt>
   <trkpt lat="42.05549000090612" lon="3.104765002209816">
    <ele>14.68</ele>
   </trkpt>
   <trkpt lat="42.055800000000005" lon="3.1043100000000003">
    <ele>12.3</ele>
   </trkpt>
   <trkpt lat="42.055910000000004" lon="3.1040300000000003">
    <ele>11.66</ele>
   </trkpt>
   <trkpt lat="42.05606" lon="3.1037600000000003">
    <ele>10.77</ele>
   </trkpt>
   <trkpt lat="42.056520000000006" lon="3.1032800000000003">
    <ele>9.950000000000001</ele>
   </trkpt>
   <trkpt lat="42.056650000000005" lon="3.1031700000000004">
    <ele>9.75</ele>
   </trkpt>
   <trkpt lat="42.05678" lon="3.10311">
    <ele>9.73</ele>
   </trkpt>
   <trkpt lat="42.05702" lon="3.10306">
    <ele>9.66</ele>
   </trkpt>
   <trkpt lat="42.05778500004317" lon="3.102975001022631">
    <ele>9.99</ele>
   </trkpt>
   <trkpt lat="42.058550000000004" lon="3.1028900000000004">
    <ele>10.15</ele>
   </trkpt>
   <trkpt lat="42.05879" lon="3.1028300000000004">
    <ele>10.15</ele>
   </trkpt>
   <trkpt lat="42.059090000000005" lon="3.10273">
    <ele>10.3</ele>
   </trkpt>
   <trkpt lat="42.059360000000005" lon="3.1026000000000002">
    <ele>10.32</ele>
   </trkpt>
   <trkpt lat="42.0599050003261" lon="3.1023000026103413">
    <ele>10.360000000000001</ele>
   </trkpt>
   <trkpt lat="42.06045" lon="3.1020000000000003">
    <ele>10.610000000000001</ele>
   </trkpt>
   <trkpt lat="42.06089000048366" lon="3.101685002144827">
    <ele>10.76</ele>
   </trkpt>
   <trkpt lat="42.061330000000005" lon="3.10137">
    <ele>10.77</ele>
   </trkpt>
   <trkpt lat="42.061550000000004" lon="3.1012500000000003">
    <ele>10.94</ele>
   </trkpt>
   <trkpt lat="42.062090000000005" lon="3.10108">
    <ele>11.18</ele>
   </trkpt>
   <trkpt lat="42.06217" lon="3.1010400000000002">
    <ele>11.290000000000001</ele>
   </trkpt>
   <trkpt lat="42.0628" lon="3.1006500000000004">
    <ele>11.600000000000001</ele>
   </trkpt>
   <trkpt lat="42.063120000000005" lon="3.10048">
    <ele>11.99</ele>
   </trkpt>
   <trkpt lat="42.06363499994869" lon="3.100320001348281">
    <ele>12.290000000000001</ele>
   </trkpt>
   <trkpt lat="42.064150000000005" lon="3.1001600000000002">
    <ele>12.47</ele>
   </trkpt>
   <trkpt lat="42.064665000321256" lon="3.0999000020949747">
    <ele>13.27</ele>
   </trkpt>
   <trkpt lat="42.065180000000005" lon="3.0996400000000004">
    <ele>13.500000000000002</ele>
   </trkpt>
   <trkpt lat="42.065850000000005" lon="3.09927">
    <ele>13.89</ele>
   </trkpt>
   <trkpt lat="42.0664" lon="3.0990400000000005">
    <ele>14.270000000000001</ele>
   </trkpt>
   <trkpt lat="42.06718500014906" lon="3.0988800019707305">
    <ele>15.97</ele>
   </trkpt>
   <trkpt lat="42.06797" lon="3.09872">
    <ele>16.89</ele>
   </trkpt>
   <trkpt lat="42.06844999993831" lon="3.0986600004633447">
    <ele>17.45</ele>
   </trkpt>
   <trkpt lat="42.06893" lon="3.0986000000000002">
    <ele>17.75</ele>
   </trkpt>
   <trkpt lat="42.0698" lon="3.0984000000000003">
    <ele>18.080000000000002</ele>
   </trkpt>
   <trkpt lat="42.07030000016951" lon="3.0982500011599803">
    <ele>17.400000000000002</ele>
   </trkpt>
   <trkpt lat="42.070800000000006" lon="3.0981">
    <ele>16.19</ele>
   </trkpt>
   <trkpt lat="42.07155" lon="3.09798">
    <ele>14.55</ele>
   </trkpt>
   <trkpt lat="42.071850000000005" lon="3.09791">
    <ele>14.430000000000001</ele>
   </trkpt>
   <trkpt lat="42.072210000000005" lon="3.0978100000000004">
    <ele>14.13</ele>
   </trkpt>
   <trkpt lat="42.072970000000005" lon="3.0976800000000004">
    <ele>13.8</ele>
   </trkpt>
   <trkpt lat="42.0735" lon="3.0976700000000004">
    <ele>13.72</ele>
   </trkpt>
   <trkpt lat="42.07414999994787" lon="3.097560001144261">
    <ele>13.520000000000001</ele>
   </trkpt>
   <trkpt lat="42.0748" lon="3.0974500000000003">
    <ele>13.520000000000001</ele>
   </trkpt>
   <trkpt lat="42.07518" lon="3.09742">
    <ele>13.770000000000001</ele>
   </trkpt>
   <trkpt lat="42.07570000009238" lon="3.097415000040081">
    <ele>13.89</ele>
   </trkpt>
   <trkpt lat="42.076220000000006" lon="3.0974100000000004">
    <ele>13.82</ele>
   </trkpt>
   <trkpt lat="42.07699" lon="3.0973800000000002">
    <ele>13.18</ele>
   </trkpt>
   <trkpt lat="42.077420000000004" lon="3.09728">
    <ele>12.33</ele>
   </trkpt>
   <trkpt lat="42.078230000000005" lon="3.0972100000000005">
    <ele>11.040000000000001</ele>
   </trkpt>
   <trkpt lat="42.07831" lon="3.0971800000000003">
    <ele>11.040000000000001</ele>
   </trkpt>
   <trkpt lat="42.078920000000004" lon="3.0964300000000002">
    <ele>12.84</ele>
   </trkpt>
   <trkpt lat="42.07922000000001" lon="3.0960300000000003">
    <ele>14.990000000000002</ele>
   </trkpt>
   <trkpt lat="42.07958500095126" lon="3.095535002999567">
    <ele>17.71</ele>
   </trkpt>
   <trkpt lat="42.079950000000004" lon="3.0950400000000005">
    <ele>22.05</ele>
   </trkpt>
   <trkpt lat="42.08001" lon="3.0950100000000003">
    <ele>22.05</ele>
   </trkpt>
   <trkpt lat="42.08016000000001" lon="3.0950100000000003">
    <ele>23.770000000000003</ele>
   </trkpt>
   <trkpt lat="42.08059" lon="3.09518">
    <ele>24.85</ele>
   </trkpt>
   <trkpt lat="42.08131" lon="3.0953500000000003">
    <ele>22.910000000000004</ele>
   </trkpt>
   <trkpt lat="42.08176" lon="3.0955700000000004">
    <ele>20.98</ele>
   </trkpt>
   <trkpt lat="42.081720000000004" lon="3.0957500000000002">
    <ele>19.700000000000003</ele>
   </trkpt>
   <trkpt lat="42.08147" lon="3.0961000000000003">
    <ele>14.610000000000001</ele>
   </trkpt>
   <trkpt lat="42.08146000000001" lon="3.09613">
    <ele>14.620000000000001</ele>
   </trkpt>
   <trkpt lat="42.08144" lon="3.09695">
    <ele>9.28</ele>
   </trkpt>
   <trkpt lat="42.081305001567316" lon="3.097555001383465">
    <ele>8.31</ele>
   </trkpt>
   <trkpt lat="42.08117" lon="3.0981600000000005">
    <ele>7.680000000000001</ele>
   </trkpt>
   <trkpt lat="42.081100000000006" lon="3.09832">
    <ele>7.680000000000001</ele>
   </trkpt>
   <trkpt lat="42.080670000000005" lon="3.09859">
    <ele>7.760000000000001</ele>
   </trkpt>
   <trkpt lat="42.08014" lon="3.0991000000000004">
    <ele>8.110000000000001</ele>
   </trkpt>
   <trkpt lat="42.08003" lon="3.0993000000000004">
    <ele>8.270000000000001</ele>
   </trkpt>
   <trkpt lat="42.080040000000004" lon="3.09946">
    <ele>8.110000000000001</ele>
   </trkpt>
   <trkpt lat="42.080180000000006" lon="3.0997100000000004">
    <ele>8.010000000000002</ele>
   </trkpt>
   <trkpt lat="42.08065500193123" lon="3.1003849948810256">
    <ele>7.99</ele>
   </trkpt>
   <trkpt lat="42.08113" lon="3.1010600000000004">
    <ele>7.7700000000000005</ele>
   </trkpt>
   <trkpt lat="42.0816" lon="3.10176">
    <ele>7.83</ele>
   </trkpt>
   <trkpt lat="42.08196" lon="3.1024000000000003">
    <ele>7.38</ele>
   </trkpt>
   <trkpt lat="42.082460000000005" lon="3.10311">
    <ele>7.5</ele>
   </trkpt>
   <trkpt lat="42.08279" lon="3.1034200000000003">
    <ele>7.57</ele>
   </trkpt>
   <trkpt lat="42.08283" lon="3.10352">
    <ele>7.57</ele>
   </trkpt>
   <trkpt lat="42.082820000000005" lon="3.1036400000000004">
    <ele>7.760000000000001</ele>
   </trkpt>
   <trkpt lat="42.0827" lon="3.10373">
    <ele>7.86</ele>
   </trkpt>
   <trkpt lat="42.082730000000005" lon="3.1038200000000002">
    <ele>7.44</ele>
   </trkpt>
   <trkpt lat="42.08314000148415" lon="3.1043949963530655">
    <ele>6.640000000000001</ele>
   </trkpt>
   <trkpt lat="42.08355" lon="3.1049700000000002">
    <ele>6.7</ele>
   </trkpt>
   <trkpt lat="42.083650000000006" lon="3.1052000000000004">
    <ele>6.73</ele>
   </trkpt>
   <trkpt lat="42.08391" lon="3.1054000000000004">
    <ele>6.840000000000001</ele>
   </trkpt>
   <trkpt lat="42.084250000000004" lon="3.10542">
    <ele>6.710000000000001</ele>
   </trkpt>
   <trkpt lat="42.085066667786855" lon="3.10577332425259">
    <ele>6.78</ele>
   </trkpt>
   <trkpt lat="42.0858833344899" lon="3.106126657601494">
    <ele>6.7</ele>
   </trkpt>
   <trkpt lat="42.0867" lon="3.1064800000000004">
    <ele>6.760000000000001</ele>
   </trkpt>
   <trkpt lat="42.08708" lon="3.10671">
    <ele>7.11</ele>
   </trkpt>
   <trkpt lat="42.087300000000006" lon="3.10678">
    <ele>7.150000000000001</ele>
   </trkpt>
   <trkpt lat="42.08742" lon="3.10686">
    <ele>7.220000000000001</ele>
   </trkpt>
   <trkpt lat="42.08799666730384" lon="3.1071166620293083">
    <ele>6.9</ele>
   </trkpt>
   <trkpt lat="42.088573334035765" lon="3.1073733287249587">
    <ele>6.840000000000001</ele>
   </trkpt>
   <trkpt lat="42.089150000000004" lon="3.1076300000000003">
    <ele>7.010000000000001</ele>
   </trkpt>
   <trkpt lat="42.08987000030666" lon="3.1079299965598244">
    <ele>6.800000000000001</ele>
   </trkpt>
   <trkpt lat="42.090590000000006" lon="3.1082300000000003">
    <ele>6.8100000000000005</ele>
   </trkpt>
   <trkpt lat="42.091415001369256" lon="3.1085549873160194">
    <ele>6.68</ele>
   </trkpt>
   <trkpt lat="42.09224000182154" lon="3.1088799830860823">
    <ele>6.620000000000001</ele>
   </trkpt>
   <trkpt lat="42.09306500135682" lon="3.1092049873106444">
    <ele>6.670000000000001</ele>
   </trkpt>
   <trkpt lat="42.09389" lon="3.1095300000000003">
    <ele>6.640000000000001</ele>
   </trkpt>
   <trkpt lat="42.094710000000006" lon="3.1099">
    <ele>6.640000000000001</ele>
   </trkpt>
   <trkpt lat="42.09489000000001" lon="3.1099300000000003">
    <ele>6.670000000000001</ele>
   </trkpt>
   <trkpt lat="42.09566" lon="3.1102200000000004">
    <ele>6.620000000000001</ele>
   </trkpt>
   <trkpt lat="42.09593" lon="3.1104100000000003">
    <ele>6.51</ele>
   </trkpt>
   <trkpt lat="42.09655" lon="3.11057">
    <ele>6.410000000000001</ele>
   </trkpt>
   <trkpt lat="42.09716" lon="3.1109600000000004">
    <ele>6.430000000000001</ele>
   </trkpt>
   <trkpt lat="42.097640000000006" lon="3.1111000000000004">
    <ele>6.410000000000001</ele>
   </trkpt>
   <trkpt lat="42.09826" lon="3.11111">
    <ele>6.37</ele>
   </trkpt>
   <trkpt lat="42.09845000000001" lon="3.11119">
    <ele>6.430000000000001</ele>
   </trkpt>
   <trkpt lat="42.09911" lon="3.11153">
    <ele>6.8100000000000005</ele>
   </trkpt>
   <trkpt lat="42.09957500019315" lon="3.1117049987393743">
    <ele>7.280000000000001</ele>
   </trkpt>
   <trkpt lat="42.10004" lon="3.11188">
    <ele>7.090000000000001</ele>
   </trkpt>
   <trkpt lat="42.100460000000005" lon="3.1119200000000005">
    <ele>7.03</ele>
   </trkpt>
   <trkpt lat="42.1009" lon="3.1120900000000002">
    <ele>6.750000000000001</ele>
   </trkpt>
   <trkpt lat="42.101330000000004" lon="3.112">
    <ele>6.33</ele>
   </trkpt>
   <trkpt lat="42.10217" lon="3.1121000000000003">
    <ele>6.37</ele>
   </trkpt>
   <trkpt lat="42.102160000000005" lon="3.1121000000000003">
    <ele>6.37</ele>
   </trkpt>
   <trkpt lat="42.10286000000001" lon="3.1121800000000004">
    <ele>6.4</ele>
   </trkpt>
   <trkpt lat="42.10356250480355" lon="3.1127874798042057">
    <ele>6.180000000000001</ele>
   </trkpt>
   <trkpt lat="42.10426500640306" lon="3.1133949730703647">
    <ele>6.0600000000000005</ele>
   </trkpt>
   <trkpt lat="42.10496750479839" lon="3.114002479799047">
    <ele>6.19</ele>
   </trkpt>
   <trkpt lat="42.10567" lon="3.1146100000000003">
    <ele>6.25</ele>
   </trkpt>
   <trkpt lat="42.10623000073753" lon="3.1150149964409595">
    <ele>6.46</ele>
   </trkpt>
   <trkpt lat="42.106790000000004" lon="3.1154200000000003">
    <ele>6.57</ele>
   </trkpt>
   <trkpt lat="42.10687" lon="3.11554">
    <ele>6.46</ele>
   </trkpt>
   <trkpt lat="42.106950000000005" lon="3.1156900000000003">
    <ele>6.46</ele>
   </trkpt>
   <trkpt lat="42.10726000273491" lon="3.116489995975985">
    <ele>6.44</ele>
   </trkpt>
   <trkpt lat="42.10757" lon="3.11729">
    <ele>6.38</ele>
   </trkpt>
   <trkpt lat="42.10764" lon="3.11735">
    <ele>6.38</ele>
   </trkpt>
   <trkpt lat="42.1077" lon="3.11736">
    <ele>6.38</ele>
   </trkpt>
   <trkpt lat="42.10802" lon="3.11721">
    <ele>6.1000000000000005</ele>
   </trkpt>
   <trkpt lat="42.10853" lon="3.1170500000000003">
    <ele>6.010000000000001</ele>
   </trkpt>
   <trkpt lat="42.10886" lon="3.1170000000000004">
    <ele>5.710000000000001</ele>
   </trkpt>
   <trkpt lat="42.10895" lon="3.11695">
    <ele>5.710000000000001</ele>
   </trkpt>
   <trkpt lat="42.108990000000006" lon="3.1168500000000003">
    <ele>5.64</ele>
   </trkpt>
   <trkpt lat="42.109010000000005" lon="3.1167100000000003">
    <ele>5.49</ele>
   </trkpt>
   <trkpt lat="42.109070007617476" lon="3.1157733351042216">
    <ele>5.5600000000000005</ele>
   </trkpt>
   <trkpt lat="42.10913000761762" lon="3.1148366684351916">
    <ele>5.450000000000001</ele>
   </trkpt>
   <trkpt lat="42.109190000000005" lon="3.1139">
    <ele>6.0</ele>
   </trkpt>
   <trkpt lat="42.10902000351737" lon="3.1130049978104952">
    <ele>5.630000000000001</ele>
   </trkpt>
   <trkpt lat="42.108850000000004" lon="3.1121100000000004">
    <ele>5.57</ele>
   </trkpt>
   <trkpt lat="42.1086300046962" lon="3.111069996394654">
    <ele>5.57</ele>
   </trkpt>
   <trkpt lat="42.108410000000006" lon="3.11003">
    <ele>5.83</ele>
   </trkpt>
   <trkpt lat="42.10756500006585" lon="3.1101700018693066">
    <ele>5.2700000000000005</ele>
   </trkpt>
   <trkpt lat="42.10672" lon="3.11031">
    <ele>5.280000000000001</ele>
   </trkpt>
   <trkpt lat="42.106590000000004" lon="3.1096700000000004">
    <ele>5.12</ele>
   </trkpt>
   <trkpt lat="42.10647" lon="3.10875">
    <ele>5.19</ele>
   </trkpt>
   <trkpt lat="42.10636000194491" lon="3.108084998998257">
    <ele>5.24</ele>
   </trkpt>
   <trkpt lat="42.10625" lon="3.1074200000000003">
    <ele>5.49</ele>
   </trkpt>
   <trkpt lat="42.10612000220718" lon="3.1067099986469193">
    <ele>5.65</ele>
   </trkpt>
   <trkpt lat="42.105990000000006" lon="3.1060000000000003">
    <ele>6.04</ele>
   </trkpt>
   <trkpt lat="42.10578" lon="3.1051100000000003">
    <ele>6.03</ele>
   </trkpt>
   <trkpt lat="42.105560000000004" lon="3.1046400000000003">
    <ele>5.760000000000001</ele>
   </trkpt>
   <trkpt lat="42.10526" lon="3.10413">
    <ele>5.7700000000000005</ele>
   </trkpt>
   <trkpt lat="42.105250000000005" lon="3.10413">
    <ele>5.7700000000000005</ele>
   </trkpt>
   <trkpt lat="42.10513" lon="3.1039200000000005">
    <ele>5.7700000000000005</ele>
   </trkpt>
   <trkpt lat="42.10499" lon="3.1035100000000004">
    <ele>5.86</ele>
   </trkpt>
   <trkpt lat="42.10497" lon="3.1030800000000003">
    <ele>6.0600000000000005</ele>
   </trkpt>
   <trkpt lat="42.10511" lon="3.1020200000000004">
    <ele>6.21</ele>
   </trkpt>
   <trkpt lat="42.10512000000001" lon="3.10157">
    <ele>6.2</ele>
   </trkpt>
   <trkpt lat="42.105025001572415" lon="3.100974999331175">
    <ele>6.390000000000001</ele>
   </trkpt>
   <trkpt lat="42.10493" lon="3.1003800000000004">
    <ele>6.2700000000000005</ele>
   </trkpt>
   <trkpt lat="42.104870000000005" lon="3.1001100000000004">
    <ele>6.19</ele>
   </trkpt>
   <trkpt lat="42.10465500226632" lon="3.0993849974893366">
    <ele>6.25</ele>
   </trkpt>
   <trkpt lat="42.104440000000004" lon="3.09866">
    <ele>6.24</ele>
   </trkpt>
   <trkpt lat="42.104166672698454" lon="3.097826659489149">
    <ele>6.3100000000000005</ele>
   </trkpt>
   <trkpt lat="42.103893339367616" lon="3.096993326163529">
    <ele>6.300000000000001</ele>
   </trkpt>
   <trkpt lat="42.10362000000001" lon="3.0961600000000002">
    <ele>6.44</ele>
   </trkpt>
   <trkpt lat="42.103390000000005" lon="3.0950800000000003">
    <ele>6.74</ele>
   </trkpt>
   <trkpt lat="42.10326501090116" lon="3.0941649945726137">
    <ele>6.930000000000001</ele>
   </trkpt>
   <trkpt lat="42.1031400145334" lon="3.093249992752891">
    <ele>7.010000000000001</ele>
   </trkpt>
   <trkpt lat="42.10301501089681" lon="3.0923349945410132">
    <ele>6.98</ele>
   </trkpt>
   <trkpt lat="42.10289" lon="3.0914200000000003">
    <ele>7.55</ele>
   </trkpt>
   <trkpt lat="42.10264" lon="3.09118">
    <ele>7.760000000000001</ele>
   </trkpt>
   <trkpt lat="42.102700000000006" lon="3.09098">
    <ele>7.630000000000001</ele>
   </trkpt>
   <trkpt lat="42.10276500321879" lon="3.090120000773543">
    <ele>7.450000000000001</ele>
   </trkpt>
   <trkpt lat="42.102830000000004" lon="3.0892600000000003">
    <ele>7.23</ele>
   </trkpt>
   <trkpt lat="42.10287000246587" lon="3.0885050006390515">
    <ele>7.17</ele>
   </trkpt>
   <trkpt lat="42.10291" lon="3.08775">
    <ele>7.53</ele>
   </trkpt>
   <trkpt lat="42.10291" lon="3.0870400000000005">
    <ele>8.81</ele>
   </trkpt>
   <trkpt lat="42.10295000000001" lon="3.0870900000000003">
    <ele>8.81</ele>
   </trkpt>
   <trkpt lat="42.103120000000004" lon="3.0871600000000003">
    <ele>8.93</ele>
   </trkpt>
   <trkpt lat="42.103579999990366" lon="3.0872899990333638">
    <ele>9.48</ele>
   </trkpt>
   <trkpt lat="42.104040000000005" lon="3.0874200000000003">
    <ele>10.05</ele>
   </trkpt>
   <trkpt lat="42.10464" lon="3.0874500000000005">
    <ele>10.48</ele>
   </trkpt>
   <trkpt lat="42.104940000000006" lon="3.0873600000000003">
    <ele>10.370000000000001</ele>
   </trkpt>
   <trkpt lat="42.105290000000004" lon="3.0871700000000004">
    <ele>9.75</ele>
   </trkpt>
   <trkpt lat="42.10537" lon="3.08714">
    <ele>9.44</ele>
   </trkpt>
   <trkpt lat="42.105430000000005" lon="3.0872300000000004">
    <ele>9.44</ele>
   </trkpt>
   <trkpt lat="42.10553" lon="3.0875100000000004">
    <ele>8.190000000000001</ele>
   </trkpt>
   <trkpt lat="42.10575" lon="3.08836">
    <ele>7.2</ele>
   </trkpt>
   <trkpt lat="42.10636" lon="3.0877200000000005">
    <ele>6.430000000000001</ele>
   </trkpt>
   <trkpt lat="42.10699" lon="3.0868900000000004">
    <ele>6.99</ele>
   </trkpt>
   <trkpt lat="42.10746" lon="3.08644">
    <ele>7.19</ele>
   </trkpt>
   <trkpt lat="42.10774000000001" lon="3.0860100000000004">
    <ele>6.99</ele>
   </trkpt>
   <trkpt lat="42.107820000000004" lon="3.08585">
    <ele>6.99</ele>
   </trkpt>
   <trkpt lat="42.10783000000001" lon="3.0857200000000002">
    <ele>6.72</ele>
   </trkpt>
   <trkpt lat="42.108520000000006" lon="3.0853400000000004">
    <ele>6.32</ele>
   </trkpt>
   <trkpt lat="42.10924000000001" lon="3.0848000000000004">
    <ele>5.840000000000001</ele>
   </trkpt>
   <trkpt lat="42.10983000071013" lon="3.0845033388830623">
    <ele>5.540000000000001</ele>
   </trkpt>
   <trkpt lat="42.11042000065611" lon="3.0842066722436265">
    <ele>5.53</ele>
   </trkpt>
   <trkpt lat="42.11101" lon="3.0839100000000004">
    <ele>5.410000000000001</ele>
   </trkpt>
   <trkpt lat="42.11177" lon="3.0834">
    <ele>5.48</ele>
   </trkpt>
   <trkpt lat="42.11241666756482" lon="3.0830733400133417">
    <ele>5.51</ele>
   </trkpt>
   <trkpt lat="42.11306333420316" lon="3.082746673361085">
    <ele>5.36</ele>
   </trkpt>
   <trkpt lat="42.113710000000005" lon="3.0824200000000004">
    <ele>5.25</ele>
   </trkpt>
   <trkpt lat="42.11433000186842" lon="3.0819500092330956">
    <ele>5.23</ele>
   </trkpt>
   <trkpt lat="42.11495000181896" lon="3.081480009270739">
    <ele>5.3</ele>
   </trkpt>
   <trkpt lat="42.115570000000005" lon="3.0810100000000005">
    <ele>5.4</ele>
   </trkpt>
   <trkpt lat="42.11623" lon="3.0806600000000004">
    <ele>5.24</ele>
   </trkpt>
   <trkpt lat="42.116784999914856" lon="3.0806300002675435">
    <ele>5.0200000000000005</ele>
   </trkpt>
   <trkpt lat="42.117340000000006" lon="3.0806000000000004">
    <ele>5.1000000000000005</ele>
   </trkpt>
   <trkpt lat="42.117900000000006" lon="3.0805300000000004">
    <ele>5.1000000000000005</ele>
   </trkpt>
   <trkpt lat="42.118520000537906" lon="3.0802650024931317">
    <ele>5.0200000000000005</ele>
   </trkpt>
   <trkpt lat="42.11914" lon="3.08">
    <ele>5.010000000000001</ele>
   </trkpt>
   <trkpt lat="42.119510000000005" lon="3.0797600000000003">
    <ele>4.760000000000001</ele>
   </trkpt>
   <trkpt lat="42.119510000000005" lon="3.0797700000000003">
    <ele>4.760000000000001</ele>
   </trkpt>
   <trkpt lat="42.1199850003941" lon="3.079475002201238">
    <ele>4.760000000000001</ele>
   </trkpt>
   <trkpt lat="42.12046" lon="3.0791800000000005">
    <ele>4.74</ele>
   </trkpt>
   <trkpt lat="42.12059" lon="3.0789500000000003">
    <ele>4.670000000000001</ele>
   </trkpt>
   <trkpt lat="42.12089" lon="3.0785600000000004">
    <ele>4.5600000000000005</ele>
   </trkpt>
   <trkpt lat="42.12129" lon="3.07811">
    <ele>4.57</ele>
   </trkpt>
   <trkpt lat="42.121715001249754" lon="3.0775800035172036">
    <ele>4.49</ele>
   </trkpt>
   <trkpt lat="42.12214" lon="3.0770500000000003">
    <ele>4.45</ele>
   </trkpt>
   <trkpt lat="42.12230000157927" lon="3.07644500156467">
    <ele>4.5</ele>
   </trkpt>
   <trkpt lat="42.122460000000004" lon="3.0758400000000004">
    <ele>4.6000000000000005</ele>
   </trkpt>
   <trkpt lat="42.12257" lon="3.0756900000000003">
    <ele>4.540000000000001</ele>
   </trkpt>
   <trkpt lat="42.12321000187377" lon="3.0750500063691897">
    <ele>4.83</ele>
   </trkpt>
   <trkpt lat="42.123850000000004" lon="3.0744100000000003">
    <ele>5.74</ele>
   </trkpt>
   <trkpt lat="42.123960000000004" lon="3.0742300000000005">
    <ele>5.930000000000001</ele>
   </trkpt>
   <trkpt lat="42.12395" lon="3.0742300000000005">
    <ele>5.930000000000001</ele>
   </trkpt>
   <trkpt lat="42.12413" lon="3.07403">
    <ele>6.130000000000001</ele>
   </trkpt>
   <trkpt lat="42.12431" lon="3.0738800000000004">
    <ele>6.5200000000000005</ele>
   </trkpt>
   <trkpt lat="42.12449" lon="3.07378">
    <ele>6.790000000000001</ele>
   </trkpt>
   <trkpt lat="42.124950000000005" lon="3.07363">
    <ele>8.25</ele>
   </trkpt>
   <trkpt lat="42.12509" lon="3.0734800000000004">
    <ele>9.36</ele>
   </trkpt>
   <trkpt lat="42.12521" lon="3.0734000000000004">
    <ele>9.74</ele>
   </trkpt>
   <trkpt lat="42.125370000000004" lon="3.07336">
    <ele>10.100000000000001</ele>
   </trkpt>
   <trkpt lat="42.12615" lon="3.0732600000000003">
    <ele>9.38</ele>
   </trkpt>
   <trkpt lat="42.12677500013113" lon="3.073140001170707">
    <ele>8.010000000000002</ele>
   </trkpt>
   <trkpt lat="42.1274" lon="3.07302">
    <ele>7.74</ele>
   </trkpt>
   <trkpt lat="42.12795499985493" lon="3.072950000634256">
    <ele>7.87</ele>
   </trkpt>
   <trkpt lat="42.128510000000006" lon="3.07288">
    <ele>8.110000000000001</ele>
   </trkpt>
   <trkpt lat="42.12836" lon="3.07275">
    <ele>8.3</ele>
   </trkpt>
   <trkpt lat="42.12825" lon="3.07261">
    <ele>8.77</ele>
   </trkpt>
   <trkpt lat="42.128170000000004" lon="3.07261">
    <ele>8.77</ele>
   </trkpt>
   <trkpt lat="42.12801" lon="3.0721900000000004">
    <ele>8.89</ele>
   </trkpt>
   <trkpt lat="42.127680000000005" lon="3.07173">
    <ele>9.35</ele>
   </trkpt>
   <trkpt lat="42.127500000000005" lon="3.0714">
    <ele>10.48</ele>
   </trkpt>
   <trkpt lat="42.127230000000004" lon="3.0710800000000003">
    <ele>11.72</ele>
   </trkpt>
   <trkpt lat="42.12722" lon="3.0710800000000003">
    <ele>11.73</ele>
   </trkpt>
   <trkpt lat="42.12671666975106" lon="3.0704833238441247">
    <ele>13.48</ele>
   </trkpt>
   <trkpt lat="42.126213336410906" lon="3.069886657169497">
    <ele>15.430000000000001</ele>
   </trkpt>
   <trkpt lat="42.125710000000005" lon="3.06929">
    <ele>16.53</ele>
   </trkpt>
   <trkpt lat="42.12547" lon="3.06889">
    <ele>16.18</ele>
   </trkpt>
   <trkpt lat="42.12527500123311" lon="3.0683399980810546">
    <ele>16.400000000000002</ele>
   </trkpt>
   <trkpt lat="42.125080000000004" lon="3.0677900000000005">
    <ele>16.75</ele>
   </trkpt>
   <trkpt lat="42.12494" lon="3.06734">
    <ele>17.130000000000003</ele>
   </trkpt>
   <trkpt lat="42.12474" lon="3.06678">
    <ele>18.45</ele>
   </trkpt>
   <trkpt lat="42.124590000000005" lon="3.0664200000000004">
    <ele>20.270000000000003</ele>
   </trkpt>
   <trkpt lat="42.124370000000006" lon="3.0661">
    <ele>21.43</ele>
   </trkpt>
   <trkpt lat="42.12402" lon="3.0656600000000003">
    <ele>24.07</ele>
   </trkpt>
   <trkpt lat="42.123830000000005" lon="3.06531">
    <ele>24.71</ele>
   </trkpt>
   <trkpt lat="42.12398" lon="3.06516">
    <ele>24.82</ele>
   </trkpt>
   <trkpt lat="42.12402" lon="3.0650500000000003">
    <ele>24.810000000000002</ele>
   </trkpt>
   <trkpt lat="42.12404" lon="3.06482">
    <ele>24.91</ele>
   </trkpt>
   <trkpt lat="42.123990000000006" lon="3.0637000000000003">
    <ele>26.17</ele>
   </trkpt>
   <trkpt lat="42.123990000000006" lon="3.0631800000000005">
    <ele>27.73</ele>
   </trkpt>
   <trkpt lat="42.123850000000004" lon="3.0621500000000004">
    <ele>31.470000000000006</ele>
   </trkpt>
   <trkpt lat="42.12377" lon="3.0618200000000004">
    <ele>32.61</ele>
   </trkpt>
   <trkpt lat="42.12370000000001" lon="3.06165">
    <ele>33.190000000000005</ele>
   </trkpt>
   <trkpt lat="42.123580000000004" lon="3.0616100000000004">
    <ele>33.400000000000006</ele>
   </trkpt>
   <trkpt lat="42.123310000000004" lon="3.0617">
    <ele>35.230000000000004</ele>
   </trkpt>
   <trkpt lat="42.123070000000006" lon="3.06164">
    <ele>35.9</ele>
   </trkpt>
   <trkpt lat="42.12285000000001" lon="3.0614500000000002">
    <ele>37.540000000000006</ele>
   </trkpt>
   <trkpt lat="42.1227" lon="3.06124">
    <ele>39.290000000000006</ele>
   </trkpt>
   <trkpt lat="42.12234" lon="3.06036">
    <ele>41.96</ele>
   </trkpt>
   <trkpt lat="42.122240000000005" lon="3.0597600000000003">
    <ele>44.84</ele>
   </trkpt>
   <trkpt lat="42.12207" lon="3.05894">
    <ele>49.34</ele>
   </trkpt>
   <trkpt lat="42.12182000000001" lon="3.0579500000000004">
    <ele>56.080000000000005</ele>
   </trkpt>
   <trkpt lat="42.121700000000004" lon="3.0576200000000004">
    <ele>54.56</ele>
   </trkpt>
   <trkpt lat="42.121460000000006" lon="3.05737">
    <ele>54.36000000000001</ele>
   </trkpt>
   <trkpt lat="42.12142" lon="3.05722">
    <ele>54.56</ele>
   </trkpt>
   <trkpt lat="42.12135000000001" lon="3.0568000000000004">
    <ele>55.300000000000004</ele>
   </trkpt>
   <trkpt lat="42.121230000000004" lon="3.0563800000000003">
    <ele>57.28</ele>
   </trkpt>
   <trkpt lat="42.12084" lon="3.0556">
    <ele>61.470000000000006</ele>
   </trkpt>
   <trkpt lat="42.120470000000005" lon="3.05514">
    <ele>68.12</ele>
   </trkpt>
   <trkpt lat="42.120290000000004" lon="3.0548800000000003">
    <ele>69.62</ele>
   </trkpt>
   <trkpt lat="42.12019" lon="3.05465">
    <ele>71.62</ele>
   </trkpt>
   <trkpt lat="42.120180000000005" lon="3.05465">
    <ele>71.68</ele>
   </trkpt>
   <trkpt lat="42.12015" lon="3.0545700000000005">
    <ele>71.68</ele>
   </trkpt>
   <trkpt lat="42.11974" lon="3.0539600000000005">
    <ele>77.65</ele>
   </trkpt>
   <trkpt lat="42.11952" lon="3.0536900000000005">
    <ele>80.41000000000001</ele>
   </trkpt>
   <trkpt lat="42.11938000000001" lon="3.0530800000000005">
    <ele>83.27000000000001</ele>
   </trkpt>
   <trkpt lat="42.119040000000005" lon="3.0525">
    <ele>84.41000000000001</ele>
   </trkpt>
   <trkpt lat="42.11882000000001" lon="3.05254">
    <ele>85.37</ele>
   </trkpt>
   <trkpt lat="42.11867" lon="3.05249">
    <ele>85.98</ele>
   </trkpt>
   <trkpt lat="42.11845" lon="3.05235">
    <ele>87.03000000000002</ele>
   </trkpt>
   <trkpt lat="42.117920000000005" lon="3.0517600000000003">
    <ele>91.98</ele>
   </trkpt>
   <trkpt lat="42.1178" lon="3.05154">
    <ele>94.4</ele>
   </trkpt>
   <trkpt lat="42.11704" lon="3.0512200000000003">
    <ele>101.01</ele>
   </trkpt>
   <trkpt lat="42.11686" lon="3.0509700000000004">
    <ele>102.28</ele>
   </trkpt>
   <trkpt lat="42.116670000000006" lon="3.0507600000000004">
    <ele>105.92000000000002</ele>
   </trkpt>
   <trkpt lat="42.11648" lon="3.0502900000000004">
    <ele>110.76</ele>
   </trkpt>
   <trkpt lat="42.11648" lon="3.05011">
    <ele>111.23</ele>
   </trkpt>
   <trkpt lat="42.11643" lon="3.0499600000000004">
    <ele>113.31</ele>
   </trkpt>
   <trkpt lat="42.116040000000005" lon="3.0494000000000003">
    <ele>120.87</ele>
   </trkpt>
   <trkpt lat="42.115500000000004" lon="3.0489400000000004">
    <ele>132.65</ele>
   </trkpt>
   <trkpt lat="42.11535000000001" lon="3.04889">
    <ele>134.04000000000002</ele>
   </trkpt>
   <trkpt lat="42.11529" lon="3.04884">
    <ele>135.16</ele>
   </trkpt>
   <trkpt lat="42.11531" lon="3.04876">
    <ele>135.58</ele>
   </trkpt>
   <trkpt lat="42.115410000000004" lon="3.0487400000000004">
    <ele>136.55</ele>
   </trkpt>
   <trkpt lat="42.115660000000005" lon="3.04861">
    <ele>139.36</ele>
   </trkpt>
   <trkpt lat="42.11571" lon="3.0485300000000004">
    <ele>140.48000000000002</ele>
   </trkpt>
   <trkpt lat="42.115700000000004" lon="3.0484600000000004">
    <ele>140.48000000000002</ele>
   </trkpt>
   <trkpt lat="42.11545" lon="3.04849">
    <ele>141.77</ele>
   </trkpt>
   <trkpt lat="42.11509" lon="3.0483800000000003">
    <ele>145.97000000000003</ele>
   </trkpt>
   <trkpt lat="42.11453" lon="3.0484000000000004">
    <ele>155.38000000000002</ele>
   </trkpt>
   <trkpt lat="42.114049999982186" lon="3.0484000000000004">
    <ele>159.29000000000002</ele>
   </trkpt>
   <trkpt lat="42.11357" lon="3.0484000000000004">
    <ele>161.59</ele>
   </trkpt>
   <trkpt lat="42.1135" lon="3.04842">
    <ele>161.59</ele>
   </trkpt>
   <trkpt lat="42.11345" lon="3.0484400000000003">
    <ele>161.86</ele>
   </trkpt>
   <trkpt lat="42.112880000000004" lon="3.04916">
    <ele>169.55</ele>
   </trkpt>
   <trkpt lat="42.112730000000006" lon="3.0492500000000002">
    <ele>169.55</ele>
   </trkpt>
   <trkpt lat="42.11256" lon="3.04956">
    <ele>171.77</ele>
   </trkpt>
   <trkpt lat="42.112350000000006" lon="3.0497400000000003">
    <ele>172.65000000000003</ele>
   </trkpt>
   <trkpt lat="42.11191" lon="3.0496600000000003">
    <ele>169.99</ele>
   </trkpt>
   <trkpt lat="42.11173" lon="3.0494700000000003">
    <ele>168.34</ele>
   </trkpt>
   <trkpt lat="42.11128" lon="3.0495200000000002">
    <ele>164.41</ele>
   </trkpt>
   <trkpt lat="42.111110000000004" lon="3.0496000000000003">
    <ele>163.71</ele>
   </trkpt>
   <trkpt lat="42.11093" lon="3.04964">
    <ele>161.35000000000002</ele>
   </trkpt>
   <trkpt lat="42.11077" lon="3.04972">
    <ele>159.23000000000002</ele>
   </trkpt>
   <trkpt lat="42.11048" lon="3.04978">
    <ele>155.03</ele>
   </trkpt>
   <trkpt lat="42.110110000000006" lon="3.04991">
    <ele>151.16000000000003</ele>
   </trkpt>
   <trkpt lat="42.10999" lon="3.05006">
    <ele>149.56</ele>
   </trkpt>
   <trkpt lat="42.10971000000001" lon="3.0502000000000002">
    <ele>145.85</ele>
   </trkpt>
   <trkpt lat="42.109680000000004" lon="3.0496600000000003">
    <ele>145.15</ele>
   </trkpt>
   <trkpt lat="42.10971000000001" lon="3.0495">
    <ele>144.44</ele>
   </trkpt>
   <trkpt lat="42.10978" lon="3.04937">
    <ele>143.47</ele>
   </trkpt>
   <trkpt lat="42.110110000000006" lon="3.0489400000000004">
    <ele>139.83</ele>
   </trkpt>
   <trkpt lat="42.11023" lon="3.0487100000000003">
    <ele>138.06</ele>
   </trkpt>
   <trkpt lat="42.11037" lon="3.04823">
    <ele>137.25</ele>
   </trkpt>
   <trkpt lat="42.11045" lon="3.0478500000000004">
    <ele>136.05</ele>
   </trkpt>
   <trkpt lat="42.110580000000006" lon="3.0475000000000003">
    <ele>135.64000000000001</ele>
   </trkpt>
   <trkpt lat="42.110600000000005" lon="3.0473000000000003">
    <ele>135.49</ele>
   </trkpt>
   <trkpt lat="42.11056000000001" lon="3.0471600000000003">
    <ele>135.35</ele>
   </trkpt>
   <trkpt lat="42.11039" lon="3.04685">
    <ele>135.3</ele>
   </trkpt>
   <trkpt lat="42.11028" lon="3.0462900000000004">
    <ele>134.75</ele>
   </trkpt>
   <trkpt lat="42.1101" lon="3.04579">
    <ele>132.65</ele>
   </trkpt>
   <trkpt lat="42.109930000000006" lon="3.0455">
    <ele>131.97</ele>
   </trkpt>
   <trkpt lat="42.1098" lon="3.04531">
    <ele>132.05</ele>
   </trkpt>
   <trkpt lat="42.10978" lon="3.04516">
    <ele>131.93</ele>
   </trkpt>
   <trkpt lat="42.10972" lon="3.0449800000000002">
    <ele>131.83</ele>
   </trkpt>
   <trkpt lat="42.10971000000001" lon="3.0447800000000003">
    <ele>131.57000000000002</ele>
   </trkpt>
   <trkpt lat="42.10974" lon="3.04457">
    <ele>131.25</ele>
   </trkpt>
   <trkpt lat="42.10989" lon="3.0442600000000004">
    <ele>130.51999999999998</ele>
   </trkpt>
   <trkpt lat="42.10999" lon="3.0436300000000003">
    <ele>128.20000000000002</ele>
   </trkpt>
   <trkpt lat="42.11008" lon="3.0433600000000003">
    <ele>128.20000000000002</ele>
   </trkpt>
   <trkpt lat="42.110150000000004" lon="3.0429700000000004">
    <ele>128.54000000000002</ele>
   </trkpt>
   <trkpt lat="42.110200000000006" lon="3.04278">
    <ele>128.54000000000002</ele>
   </trkpt>
   <trkpt lat="42.11019" lon="3.0426400000000005">
    <ele>127.87</ele>
   </trkpt>
   <trkpt lat="42.11008" lon="3.0423400000000003">
    <ele>127.43</ele>
   </trkpt>
   <trkpt lat="42.110040000000005" lon="3.04212">
    <ele>127.37</ele>
   </trkpt>
   <trkpt lat="42.11009000000001" lon="3.04197">
    <ele>127.41000000000003</ele>
   </trkpt>
   <trkpt lat="42.11039" lon="3.04172">
    <ele>127.66000000000003</ele>
   </trkpt>
   <trkpt lat="42.11074000000001" lon="3.04123">
    <ele>128.98000000000002</ele>
   </trkpt>
   <trkpt lat="42.110800000000005" lon="3.04109">
    <ele>128.98000000000002</ele>
   </trkpt>
   <trkpt lat="42.110850000000006" lon="3.04089">
    <ele>129.67000000000002</ele>
   </trkpt>
   <trkpt lat="42.110820000000004" lon="3.04075">
    <ele>129.82000000000002</ele>
   </trkpt>
   <trkpt lat="42.11086" lon="3.04042">
    <ele>127.88000000000002</ele>
   </trkpt>
   <trkpt lat="42.110850000000006" lon="3.04029">
    <ele>127.41000000000003</ele>
   </trkpt>
   <trkpt lat="42.110800000000005" lon="3.0401700000000003">
    <ele>125.38000000000001</ele>
   </trkpt>
   <trkpt lat="42.11066" lon="3.0400500000000004">
    <ele>124.05000000000001</ele>
   </trkpt>
   <trkpt lat="42.110510000000005" lon="3.0399800000000003">
    <ele>122.51</ele>
   </trkpt>
   <trkpt lat="42.11045" lon="3.03989">
    <ele>121.93</ele>
   </trkpt>
   <trkpt lat="42.11037" lon="3.03954">
    <ele>120.89000000000001</ele>
   </trkpt>
   <trkpt lat="42.110380000000006" lon="3.0393600000000003">
    <ele>120.98</ele>
   </trkpt>
   <trkpt lat="42.110440000000004" lon="3.03927">
    <ele>120.98</ele>
   </trkpt>
   <trkpt lat="42.110530000000004" lon="3.03919">
    <ele>121.32000000000001</ele>
   </trkpt>
   <trkpt lat="42.110670000000006" lon="3.0391500000000002">
    <ele>121.31000000000002</ele>
   </trkpt>
   <trkpt lat="42.110730000000004" lon="3.0391000000000004">
    <ele>121.20000000000002</ele>
   </trkpt>
   <trkpt lat="42.11077" lon="3.03899">
    <ele>120.86000000000001</ele>
   </trkpt>
   <trkpt lat="42.11074000000001" lon="3.0387700000000004">
    <ele>120.08</ele>
   </trkpt>
   <trkpt lat="42.11074000000001" lon="3.0382800000000003">
    <ele>117.67</ele>
   </trkpt>
   <trkpt lat="42.110710000000005" lon="3.0381600000000004">
    <ele>115.64</ele>
   </trkpt>
   <trkpt lat="42.11061" lon="3.0379600000000004">
    <ele>114.32000000000001</ele>
   </trkpt>
   <trkpt lat="42.110490000000006" lon="3.0376200000000004">
    <ele>112.58000000000001</ele>
   </trkpt>
   <trkpt lat="42.1103" lon="3.03689">
    <ele>104.62</ele>
   </trkpt>
   <trkpt lat="42.11025" lon="3.0361200000000004">
    <ele>100.60000000000001</ele>
   </trkpt>
   <trkpt lat="42.110200000000006" lon="3.0359200000000004">
    <ele>100.39</ele>
   </trkpt>
   <trkpt lat="42.109820000000006" lon="3.0353100000000004">
    <ele>99.07000000000001</ele>
   </trkpt>
   <trkpt lat="42.10971000000001" lon="3.0351800000000004">
    <ele>98.48</ele>
   </trkpt>
   <trkpt lat="42.109550000000006" lon="3.0349100000000004">
    <ele>96.21000000000001</ele>
   </trkpt>
   <trkpt lat="42.10954" lon="3.0349100000000004">
    <ele>96.15</ele>
   </trkpt>
   <trkpt lat="42.10938" lon="3.0345500000000003">
    <ele>92.98</ele>
   </trkpt>
   <trkpt lat="42.10929" lon="3.0344100000000003">
    <ele>91.44000000000001</ele>
   </trkpt>
   <trkpt lat="42.109140000000004" lon="3.0342300000000004">
    <ele>90.71000000000001</ele>
   </trkpt>
   <trkpt lat="42.109120000000004" lon="3.0341600000000004">
    <ele>89.53000000000002</ele>
   </trkpt>
   <trkpt lat="42.109120000000004" lon="3.03406">
    <ele>88.98</ele>
   </trkpt>
   <trkpt lat="42.109230000000004" lon="3.03384">
    <ele>87.17000000000002</ele>
   </trkpt>
   <trkpt lat="42.10924000000001" lon="3.0337400000000003">
    <ele>86.44</ele>
   </trkpt>
   <trkpt lat="42.10907" lon="3.0328700000000004">
    <ele>82.64</ele>
   </trkpt>
   <trkpt lat="42.108990000000006" lon="3.0326600000000004">
    <ele>81.84</ele>
   </trkpt>
   <trkpt lat="42.10884" lon="3.0323900000000004">
    <ele>81.28</ele>
   </trkpt>
   <trkpt lat="42.1086" lon="3.0320300000000002">
    <ele>80.55000000000001</ele>
   </trkpt>
   <trkpt lat="42.10824" lon="3.0315700000000003">
    <ele>81.45</ele>
   </trkpt>
   <trkpt lat="42.10812000000001" lon="3.0313200000000005">
    <ele>82.83</ele>
   </trkpt>
   <trkpt lat="42.10802" lon="3.031">
    <ele>85.94</ele>
   </trkpt>
   <trkpt lat="42.10849" lon="3.0309000000000004">
    <ele>87.73</ele>
   </trkpt>
   <trkpt lat="42.10887" lon="3.03074">
    <ele>89.69</ele>
   </trkpt>
   <trkpt lat="42.10943" lon="3.0305700000000004">
    <ele>90.11000000000001</ele>
   </trkpt>
   <trkpt lat="42.10989" lon="3.0304900000000004">
    <ele>91.17</ele>
   </trkpt>
   <trkpt lat="42.11009000000001" lon="3.03047">
    <ele>91.67</ele>
   </trkpt>
   <trkpt lat="42.11072499994906" lon="3.0305449992397597">
    <ele>96.25</ele>
   </trkpt>
   <trkpt lat="42.111360000000005" lon="3.0306200000000003">
    <ele>99.07000000000001</ele>
   </trkpt>
   <trkpt lat="42.111959999861895" lon="3.0306749994654987">
    <ele>100.84000000000002</ele>
   </trkpt>
   <trkpt lat="42.11256" lon="3.03073">
    <ele>103.76</ele>
   </trkpt>
   <trkpt lat="42.11267" lon="3.0307100000000005">
    <ele>104.62</ele>
   </trkpt>
   <trkpt lat="42.113330000000005" lon="3.03045">
    <ele>111.67</ele>
   </trkpt>
   <trkpt lat="42.11374" lon="3.03031">
    <ele>112.97000000000001</ele>
   </trkpt>
   <trkpt lat="42.11457" lon="3.03004">
    <ele>117.93</ele>
   </trkpt>
   <trkpt lat="42.114200000000004" lon="3.0293500000000004">
    <ele>116.54</ele>
   </trkpt>
   <trkpt lat="42.11399" lon="3.0289">
    <ele>116.57000000000001</ele>
   </trkpt>
   <trkpt lat="42.113530000000004" lon="3.02828">
    <ele>116.92</ele>
   </trkpt>
   <trkpt lat="42.11343" lon="3.02802">
    <ele>117.33</ele>
   </trkpt>
   <trkpt lat="42.11352" lon="3.0277600000000002">
    <ele>117.73000000000002</ele>
   </trkpt>
   <trkpt lat="42.114070000000005" lon="3.0271500000000002">
    <ele>116.23000000000002</ele>
   </trkpt>
   <trkpt lat="42.11442" lon="3.0266">
    <ele>116.02000000000001</ele>
   </trkpt>
   <trkpt lat="42.11450000000001" lon="3.0262100000000003">
    <ele>116.27000000000001</ele>
   </trkpt>
   <trkpt lat="42.11439" lon="3.0256700000000003">
    <ele>117.63000000000001</ele>
   </trkpt>
   <trkpt lat="42.11422" lon="3.0252200000000005">
    <ele>121.10000000000001</ele>
   </trkpt>
   <trkpt lat="42.11417" lon="3.02502">
    <ele>122.28000000000002</ele>
   </trkpt>
   <trkpt lat="42.114160000000005" lon="3.0241900000000004">
    <ele>123.64000000000001</ele>
   </trkpt>
   <trkpt lat="42.113870000000006" lon="3.0234900000000002">
    <ele>119.61</ele>
   </trkpt>
   <trkpt lat="42.11374" lon="3.02313">
    <ele>119.99000000000001</ele>
   </trkpt>
   <trkpt lat="42.113820000000004" lon="3.0222800000000003">
    <ele>123.56000000000002</ele>
   </trkpt>
   <trkpt lat="42.11348" lon="3.02145">
    <ele>133.33</ele>
   </trkpt>
   <trkpt lat="42.11375" lon="3.0205">
    <ele>134.52</ele>
   </trkpt>
   <trkpt lat="42.113910000000004" lon="3.02008">
    <ele>129.25</ele>
   </trkpt>
   <trkpt lat="42.114050000000006" lon="3.01962">
    <ele>126.34</ele>
   </trkpt>
   <trkpt lat="42.114050000000006" lon="3.0194400000000003">
    <ele>124.64000000000001</ele>
   </trkpt>
   <trkpt lat="42.113960000000006" lon="3.0190900000000003">
    <ele>121.97000000000001</ele>
   </trkpt>
   <trkpt lat="42.11395000234768" lon="3.018355000064056">
    <ele>116.80000000000001</ele>
   </trkpt>
   <trkpt lat="42.11394000000001" lon="3.0176200000000004">
    <ele>111.37</ele>
   </trkpt>
   <trkpt lat="42.11404" lon="3.01723">
    <ele>110.17</ele>
   </trkpt>
   <trkpt lat="42.11403000000001" lon="3.0170100000000004">
    <ele>109.87</ele>
   </trkpt>
   <trkpt lat="42.11399" lon="3.01676">
    <ele>110.00000000000001</ele>
   </trkpt>
   <trkpt lat="42.11395" lon="3.0159000000000002">
    <ele>110.80000000000001</ele>
   </trkpt>
   <trkpt lat="42.113960000000006" lon="3.01576">
    <ele>110.66000000000001</ele>
   </trkpt>
   <trkpt lat="42.11397" lon="3.0152400000000004">
    <ele>108.15</ele>
   </trkpt>
   <trkpt lat="42.11403000000001" lon="3.01472">
    <ele>103.23</ele>
   </trkpt>
   <trkpt lat="42.114070000000005" lon="3.01385">
    <ele>97.83000000000001</ele>
   </trkpt>
   <trkpt lat="42.114050000000006" lon="3.0134800000000004">
    <ele>96.06</ele>
   </trkpt>
   <trkpt lat="42.11388" lon="3.01276">
    <ele>95.19000000000001</ele>
   </trkpt>
   <trkpt lat="42.11384" lon="3.01235">
    <ele>95.46000000000001</ele>
   </trkpt>
   <trkpt lat="42.113890000000005" lon="3.01188">
    <ele>96.32000000000001</ele>
   </trkpt>
   <trkpt lat="42.113850000000006" lon="3.01101">
    <ele>91.53000000000002</ele>
   </trkpt>
   <trkpt lat="42.11377" lon="3.00993">
    <ele>88.98</ele>
   </trkpt>
   <trkpt lat="42.113730000000004" lon="3.0088100000000004">
    <ele>91.45</ele>
   </trkpt>
   <trkpt lat="42.113730000000004" lon="3.0088000000000004">
    <ele>91.49</ele>
   </trkpt>
   <trkpt lat="42.11372" lon="3.00871">
    <ele>91.49</ele>
   </trkpt>
   <trkpt lat="42.11359" lon="3.0084600000000004">
    <ele>93.72000000000001</ele>
   </trkpt>
   <trkpt lat="42.11314" lon="3.00788">
    <ele>101.04</ele>
   </trkpt>
   <trkpt lat="42.11303" lon="3.0077700000000003">
    <ele>101.04</ele>
   </trkpt>
   <trkpt lat="42.112930000000006" lon="3.0077100000000003">
    <ele>101.79</ele>
   </trkpt>
   <trkpt lat="42.112820000000006" lon="3.00769">
    <ele>102.48</ele>
   </trkpt>
   <trkpt lat="42.11222" lon="3.00768">
    <ele>105.38000000000001</ele>
   </trkpt>
   <trkpt lat="42.112080000000006" lon="3.0076500000000004">
    <ele>105.62</ele>
   </trkpt>
   <trkpt lat="42.11191" lon="3.0075000000000003">
    <ele>106.09</ele>
   </trkpt>
   <trkpt lat="42.11169" lon="3.0071200000000005">
    <ele>107.3</ele>
   </trkpt>
   <trkpt lat="42.11111000235422" lon="3.0063849932859323">
    <ele>112.16000000000001</ele>
   </trkpt>
   <trkpt lat="42.110530000000004" lon="3.00565">
    <ele>116.53</ele>
   </trkpt>
   <trkpt lat="42.110380000000006" lon="3.0054100000000004">
    <ele>116.86</ele>
   </trkpt>
   <trkpt lat="42.11014" lon="3.0049300000000003">
    <ele>117.88000000000001</ele>
   </trkpt>
   <trkpt lat="42.11009000000001" lon="3.0045">
    <ele>118.53</ele>
   </trkpt>
   <trkpt lat="42.110200000000006" lon="3.00333">
    <ele>120.23</ele>
   </trkpt>
   <trkpt lat="42.110200000000006" lon="3.0032">
    <ele>120.92000000000002</ele>
   </trkpt>
   <trkpt lat="42.11016" lon="3.0030300000000003">
    <ele>121.07000000000001</ele>
   </trkpt>
   <trkpt lat="42.110110000000006" lon="3.0029500000000002">
    <ele>121.41</ele>
   </trkpt>
   <trkpt lat="42.110110000000006" lon="3.00294">
    <ele>121.41</ele>
   </trkpt>
   <trkpt lat="42.10974" lon="3.0024300000000004">
    <ele>122.04</ele>
   </trkpt>
   <trkpt lat="42.10934" lon="3.0020700000000002">
    <ele>121.32000000000001</ele>
   </trkpt>
   <trkpt lat="42.10924000000001" lon="3.00191">
    <ele>120.93</ele>
   </trkpt>
   <trkpt lat="42.10916" lon="3.0017300000000002">
    <ele>120.25000000000001</ele>
   </trkpt>
   <trkpt lat="42.10868000000001" lon="3.00227">
    <ele>120.89000000000001</ele>
   </trkpt>
   <trkpt lat="42.108560000000004" lon="3.0023400000000002">
    <ele>120.89000000000001</ele>
   </trkpt>
   <trkpt lat="42.10839" lon="3.0023600000000004">
    <ele>121.86000000000001</ele>
   </trkpt>
   <trkpt lat="42.10756000000001" lon="3.00273">
    <ele>124.07000000000001</ele>
   </trkpt>
   <trkpt lat="42.107115000213994" lon="3.0029800017870834">
    <ele>122.89000000000001</ele>
   </trkpt>
   <trkpt lat="42.10667" lon="3.0032300000000003">
    <ele>121.18</ele>
   </trkpt>
   <trkpt lat="42.106260000000006" lon="3.0035200000000004">
    <ele>118.71000000000001</ele>
   </trkpt>
   <trkpt lat="42.106100000000005" lon="3.0036">
    <ele>117.27000000000001</ele>
   </trkpt>
   <trkpt lat="42.10602" lon="3.0035600000000002">
    <ele>116.02000000000001</ele>
   </trkpt>
   <trkpt lat="42.10581500116469" lon="3.0030199979874133">
    <ele>113.73</ele>
   </trkpt>
   <trkpt lat="42.105610000000006" lon="3.0024800000000003">
    <ele>112.7</ele>
   </trkpt>
   <trkpt lat="42.105500000000006" lon="3.00238">
    <ele>112.48</ele>
   </trkpt>
   <trkpt lat="42.104980000000005" lon="3.0022200000000003">
    <ele>112.52000000000001</ele>
   </trkpt>
   <trkpt lat="42.104800000000004" lon="3.0020800000000003">
    <ele>113.0</ele>
   </trkpt>
   <trkpt lat="42.1045" lon="3.0015600000000004">
    <ele>114.04</ele>
   </trkpt>
   <trkpt lat="42.10428" lon="3.0012900000000005">
    <ele>111.68</ele>
   </trkpt>
   <trkpt lat="42.104110000000006" lon="3.0011">
    <ele>109.71000000000001</ele>
   </trkpt>
   <trkpt lat="42.103880000000004" lon="3.0009200000000003">
    <ele>107.29</ele>
   </trkpt>
   <trkpt lat="42.103680000000004" lon="3.00063">
    <ele>105.54</ele>
   </trkpt>
   <trkpt lat="42.103460000000005" lon="3.0004500000000003">
    <ele>104.49000000000001</ele>
   </trkpt>
   <trkpt lat="42.103" lon="3.0002700000000004">
    <ele>102.99000000000001</ele>
   </trkpt>
   <trkpt lat="42.10253" lon="3.0000500000000003">
    <ele>101.9</ele>
   </trkpt>
   <trkpt lat="42.102320000000006" lon="2.9998400000000003">
    <ele>101.56</ele>
   </trkpt>
   <trkpt lat="42.1022" lon="2.9996500000000004">
    <ele>100.77000000000001</ele>
   </trkpt>
   <trkpt lat="42.10219" lon="2.9993800000000004">
    <ele>99.79</ele>
   </trkpt>
   <trkpt lat="42.10202" lon="2.9985600000000003">
    <ele>100.79</ele>
   </trkpt>
   <trkpt lat="42.101870000000005" lon="2.9981400000000002">
    <ele>103.18</ele>
   </trkpt>
   <trkpt lat="42.101560000000006" lon="2.9977300000000002">
    <ele>100.38000000000001</ele>
   </trkpt>
   <trkpt lat="42.1009" lon="2.9971500000000004">
    <ele>92.29</ele>
   </trkpt>
   <trkpt lat="42.10076" lon="2.99683">
    <ele>90.55</ele>
   </trkpt>
   <trkpt lat="42.1007" lon="2.9962700000000004">
    <ele>90.7</ele>
   </trkpt>
   <trkpt lat="42.100570000000005" lon="2.9961800000000003">
    <ele>91.46000000000001</ele>
   </trkpt>
   <trkpt lat="42.10022" lon="2.9962400000000002">
    <ele>95.7</ele>
   </trkpt>
   <trkpt lat="42.099720000000005" lon="2.99615">
    <ele>99.94000000000001</ele>
   </trkpt>
   <trkpt lat="42.09921000000001" lon="2.99643">
    <ele>100.7</ele>
   </trkpt>
   <trkpt lat="42.09895" lon="2.9965">
    <ele>100.26</ele>
   </trkpt>
   <trkpt lat="42.098600000000005" lon="2.9965100000000002">
    <ele>99.67</ele>
   </trkpt>
   <trkpt lat="42.09819" lon="2.99648">
    <ele>98.79</ele>
   </trkpt>
   <trkpt lat="42.09814" lon="2.99642">
    <ele>98.79</ele>
   </trkpt>
   <trkpt lat="42.09794" lon="2.9963800000000003">
    <ele>98.58000000000001</ele>
   </trkpt>
   <trkpt lat="42.0977" lon="2.99629">
    <ele>98.59</ele>
   </trkpt>
   <trkpt lat="42.09745" lon="2.9963200000000003">
    <ele>98.35000000000001</ele>
   </trkpt>
   <trkpt lat="42.097" lon="2.9965100000000002">
    <ele>96.89</ele>
   </trkpt>
   <trkpt lat="42.096590000000006" lon="2.9965200000000003">
    <ele>94.46</ele>
   </trkpt>
   <trkpt lat="42.096320000000006" lon="2.9966700000000004">
    <ele>93.45</ele>
   </trkpt>
   <trkpt lat="42.09575" lon="2.99682">
    <ele>90.47000000000001</ele>
   </trkpt>
   <trkpt lat="42.095580000000005" lon="2.9967900000000003">
    <ele>89.54</ele>
   </trkpt>
   <trkpt lat="42.09545000000001" lon="2.9966000000000004">
    <ele>89.17000000000002</ele>
   </trkpt>
   <trkpt lat="42.09539" lon="2.9963800000000003">
    <ele>89.16</ele>
   </trkpt>
   <trkpt lat="42.095270000000006" lon="2.9962500000000003">
    <ele>89.49000000000001</ele>
   </trkpt>
   <trkpt lat="42.09507000000001" lon="2.9961900000000004">
    <ele>89.66</ele>
   </trkpt>
   <trkpt lat="42.094820000000006" lon="2.9963400000000004">
    <ele>88.66</ele>
   </trkpt>
   <trkpt lat="42.09461" lon="2.9963400000000004">
    <ele>88.32000000000001</ele>
   </trkpt>
   <trkpt lat="42.09454" lon="2.9963300000000004">
    <ele>88.32000000000001</ele>
   </trkpt>
   <trkpt lat="42.094350000000006" lon="2.99621">
    <ele>88.33</ele>
   </trkpt>
   <trkpt lat="42.09434" lon="2.99621">
    <ele>88.33</ele>
   </trkpt>
   <trkpt lat="42.09427" lon="2.99617">
    <ele>88.33</ele>
   </trkpt>
   <trkpt lat="42.094" lon="2.9961100000000003">
    <ele>88.36</ele>
   </trkpt>
   <trkpt lat="42.09385" lon="2.9960000000000004">
    <ele>88.29</ele>
   </trkpt>
   <trkpt lat="42.09376" lon="2.9957100000000003">
    <ele>87.21000000000001</ele>
   </trkpt>
   <trkpt lat="42.093700000000005" lon="2.99535">
    <ele>85.09000000000002</ele>
   </trkpt>
   <trkpt lat="42.09369" lon="2.99486">
    <ele>83.17</ele>
   </trkpt>
   <trkpt lat="42.093560000000004" lon="2.99452">
    <ele>81.78</ele>
   </trkpt>
   <trkpt lat="42.09335" lon="2.9940900000000004">
    <ele>77.39</ele>
   </trkpt>
   <trkpt lat="42.093140000000005" lon="2.99399">
    <ele>74.86000000000001</ele>
   </trkpt>
   <trkpt lat="42.093" lon="2.9935300000000002">
    <ele>71.21000000000001</ele>
   </trkpt>
   <trkpt lat="42.09275" lon="2.99351">
    <ele>69.29</ele>
   </trkpt>
   <trkpt lat="42.092380000000006" lon="2.9936000000000003">
    <ele>67.74000000000001</ele>
   </trkpt>
   <trkpt lat="42.091680000000004" lon="2.9939000000000004">
    <ele>63.660000000000004</ele>
   </trkpt>
   <trkpt lat="42.09154" lon="2.99358">
    <ele>62.46000000000001</ele>
   </trkpt>
   <trkpt lat="42.091390000000004" lon="2.9934700000000003">
    <ele>62.03</ele>
   </trkpt>
   <trkpt lat="42.09143" lon="2.9932200000000004">
    <ele>58.88</ele>
   </trkpt>
   <trkpt lat="42.091440000000006" lon="2.9930000000000003">
    <ele>56.260000000000005</ele>
   </trkpt>
   <trkpt lat="42.09136" lon="2.9927300000000003">
    <ele>54.540000000000006</ele>
   </trkpt>
   <trkpt lat="42.091260000000005" lon="2.9925">
    <ele>53.89000000000001</ele>
   </trkpt>
   <trkpt lat="42.091150000000006" lon="2.99235">
    <ele>53.4</ele>
   </trkpt>
   <trkpt lat="42.09071" lon="2.9920500000000003">
    <ele>52.870000000000005</ele>
   </trkpt>
   <trkpt lat="42.09056" lon="2.99189">
    <ele>52.49</ele>
   </trkpt>
   <trkpt lat="42.09049" lon="2.9916600000000004">
    <ele>52.51</ele>
   </trkpt>
   <trkpt lat="42.09033" lon="2.99147">
    <ele>52.620000000000005</ele>
   </trkpt>
   <trkpt lat="42.09019000000001" lon="2.99134">
    <ele>52.800000000000004</ele>
   </trkpt>
   <trkpt lat="42.089980000000004" lon="2.9912900000000002">
    <ele>53.24</ele>
   </trkpt>
   <trkpt lat="42.08973" lon="2.9911700000000003">
    <ele>53.43000000000001</ele>
   </trkpt>
   <trkpt lat="42.089400000000005" lon="2.9910400000000004">
    <ele>52.85</ele>
   </trkpt>
   <trkpt lat="42.08896" lon="2.99094">
    <ele>49.940000000000005</ele>
   </trkpt>
   <trkpt lat="42.088750000000005" lon="2.99087">
    <ele>48.78</ele>
   </trkpt>
   <trkpt lat="42.088210000000004" lon="2.9908">
    <ele>47.09</ele>
   </trkpt>
   <trkpt lat="42.088" lon="2.99072">
    <ele>47.06</ele>
   </trkpt>
   <trkpt lat="42.087830000000004" lon="2.9907000000000004">
    <ele>47.18000000000001</ele>
   </trkpt>
   <trkpt lat="42.087480000000006" lon="2.99061">
    <ele>47.790000000000006</ele>
   </trkpt>
   <trkpt lat="42.08738" lon="2.9904200000000003">
    <ele>48.25</ele>
   </trkpt>
   <trkpt lat="42.08738" lon="2.9904100000000002">
    <ele>48.300000000000004</ele>
   </trkpt>
   <trkpt lat="42.08719000000001" lon="2.99013">
    <ele>49.93</ele>
   </trkpt>
   <trkpt lat="42.08697" lon="2.9898900000000004">
    <ele>51.64000000000001</ele>
   </trkpt>
   <trkpt lat="42.086780000000005" lon="2.98977">
    <ele>53.21000000000001</ele>
   </trkpt>
   <trkpt lat="42.08653" lon="2.9896800000000003">
    <ele>54.1</ele>
   </trkpt>
   <trkpt lat="42.08634000000001" lon="2.9895">
    <ele>55.06</ele>
   </trkpt>
   <trkpt lat="42.08615" lon="2.9894200000000004">
    <ele>55.35</ele>
   </trkpt>
   <trkpt lat="42.08587" lon="2.9892100000000004">
    <ele>57.11000000000001</ele>
   </trkpt>
   <trkpt lat="42.0857" lon="2.98898">
    <ele>58.86</ele>
   </trkpt>
   <trkpt lat="42.08534" lon="2.9886700000000004">
    <ele>61.14000000000001</ele>
   </trkpt>
   <trkpt lat="42.08529" lon="2.9885900000000003">
    <ele>62.63</ele>
   </trkpt>
   <trkpt lat="42.085300000000004" lon="2.9885200000000003">
    <ele>62.63</ele>
   </trkpt>
   <trkpt lat="42.085260000000005" lon="2.9884700000000004">
    <ele>60.95</ele>
   </trkpt>
   <trkpt lat="42.08516" lon="2.9884100000000005">
    <ele>60.95</ele>
   </trkpt>
   <trkpt lat="42.085100000000004" lon="2.98829">
    <ele>59.34</ele>
   </trkpt>
   <trkpt lat="42.084970000000006" lon="2.9883">
    <ele>58.260000000000005</ele>
   </trkpt>
   <trkpt lat="42.08494" lon="2.9884700000000004">
    <ele>57.330000000000005</ele>
   </trkpt>
   <trkpt lat="42.08489" lon="2.9885400000000004">
    <ele>56.63</ele>
   </trkpt>
   <trkpt lat="42.08478" lon="2.98856">
    <ele>55.88</ele>
   </trkpt>
   <trkpt lat="42.084720000000004" lon="2.9880500000000003">
    <ele>50.45</ele>
   </trkpt>
   <trkpt lat="42.084680000000006" lon="2.9873800000000004">
    <ele>46.1</ele>
   </trkpt>
   <trkpt lat="42.08451" lon="2.9872300000000003">
    <ele>44.26</ele>
   </trkpt>
   <trkpt lat="42.08429" lon="2.9871900000000005">
    <ele>41.18</ele>
   </trkpt>
   <trkpt lat="42.08438" lon="2.98686">
    <ele>38.67</ele>
   </trkpt>
   <trkpt lat="42.084050000000005" lon="2.98659">
    <ele>33.480000000000004</ele>
   </trkpt>
   <trkpt lat="42.08395" lon="2.9864">
    <ele>30.400000000000002</ele>
   </trkpt>
   <trkpt lat="42.08355" lon="2.98618">
    <ele>26.310000000000002</ele>
   </trkpt>
   <trkpt lat="42.08338500316618" lon="2.9870350022598076">
    <ele>25.87</ele>
   </trkpt>
   <trkpt lat="42.083220000000004" lon="2.98789">
    <ele>26.160000000000004</ele>
   </trkpt>
   <trkpt lat="42.083220000000004" lon="2.98815">
    <ele>26.480000000000004</ele>
   </trkpt>
   <trkpt lat="42.08332" lon="2.9892000000000003">
    <ele>27.21</ele>
   </trkpt>
   <trkpt lat="42.083220000000004" lon="2.98911">
    <ele>27.000000000000004</ele>
   </trkpt>
   <trkpt lat="42.083000000000006" lon="2.98882">
    <ele>25.490000000000002</ele>
   </trkpt>
   <trkpt lat="42.08272" lon="2.9887300000000003">
    <ele>24.880000000000003</ele>
   </trkpt>
   <trkpt lat="42.08268" lon="2.9887500000000005">
    <ele>24.880000000000003</ele>
   </trkpt>
   <trkpt lat="42.08281" lon="2.98856">
    <ele>24.64</ele>
   </trkpt>
   <trkpt lat="42.082805002741786" lon="2.987764999673907">
    <ele>24.19</ele>
   </trkpt>
   <trkpt lat="42.082800000000006" lon="2.9869700000000003">
    <ele>24.35</ele>
   </trkpt>
   <trkpt lat="42.082950000000004" lon="2.9860300000000004">
    <ele>24.91</ele>
   </trkpt>
   <trkpt lat="42.08296" lon="2.9860200000000003">
    <ele>24.92</ele>
   </trkpt>
   <trkpt lat="42.082800000000006" lon="2.9869700000000003">
    <ele>24.35</ele>
   </trkpt>
   <trkpt lat="42.082805002745104" lon="2.987765000200796">
    <ele>24.19</ele>
   </trkpt>
   <trkpt lat="42.08281" lon="2.98856">
    <ele>24.64</ele>
   </trkpt>
   <trkpt lat="42.08268" lon="2.9887500000000005">
    <ele>24.880000000000003</ele>
   </trkpt>
   <trkpt lat="42.08259" lon="2.9890000000000003">
    <ele>24.93</ele>
   </trkpt>
   <trkpt lat="42.082530000000006" lon="2.98898">
    <ele>24.93</ele>
   </trkpt>
   <trkpt lat="42.082370000000004" lon="2.9894100000000003">
    <ele>24.830000000000002</ele>
   </trkpt>
   <trkpt lat="42.08238" lon="2.98944">
    <ele>25.150000000000002</ele>
   </trkpt>
   <trkpt lat="42.082330000000006" lon="2.9896100000000003">
    <ele>25.17</ele>
   </trkpt>
   <trkpt lat="42.08225" lon="2.98972">
    <ele>25.16</ele>
   </trkpt>
   <trkpt lat="42.08213000000001" lon="2.9896200000000004">
    <ele>24.77</ele>
   </trkpt>
   <trkpt lat="42.082080000000005" lon="2.9896800000000003">
    <ele>24.77</ele>
   </trkpt>
   <trkpt lat="42.08193000171612" lon="2.9903000012692083">
    <ele>24.32</ele>
   </trkpt>
   <trkpt lat="42.08178" lon="2.99092">
    <ele>24.330000000000002</ele>
   </trkpt>
   <trkpt lat="42.08162" lon="2.99147">
    <ele>24.630000000000003</ele>
   </trkpt>
   <trkpt lat="42.08165" lon="2.99167">
    <ele>25.02</ele>
   </trkpt>
   <trkpt lat="42.08119500027322" lon="2.9914099981240563">
    <ele>24.44</ele>
   </trkpt>
   <trkpt lat="42.080740000000006" lon="2.99115">
    <ele>24.25</ele>
   </trkpt>
   <trkpt lat="42.080470000000005" lon="2.99106">
    <ele>24.03</ele>
   </trkpt>
   <trkpt lat="42.080130000000004" lon="2.9910500000000004">
    <ele>24.020000000000003</ele>
   </trkpt>
   <trkpt lat="42.07979" lon="2.9911100000000004">
    <ele>23.89</ele>
   </trkpt>
   <trkpt lat="42.0795" lon="2.99126">
    <ele>23.98</ele>
   </trkpt>
   <trkpt lat="42.078880000000005" lon="2.9916300000000002">
    <ele>24.040000000000003</ele>
   </trkpt>
   <trkpt lat="42.078430000000004" lon="2.99195">
    <ele>23.83</ele>
   </trkpt>
   <trkpt lat="42.07805500043293" lon="2.9923100022517803">
    <ele>24.07</ele>
   </trkpt>
   <trkpt lat="42.07768" lon="2.9926700000000004">
    <ele>24.71</ele>
   </trkpt>
   <trkpt lat="42.07766" lon="2.99256">
    <ele>24.71</ele>
   </trkpt>
   <trkpt lat="42.07741" lon="2.9923100000000002">
    <ele>24.16</ele>
   </trkpt>
   <trkpt lat="42.077270000000006" lon="2.9922000000000004">
    <ele>24.26</ele>
   </trkpt>
   <trkpt lat="42.077220000000004" lon="2.9921">
    <ele>24.26</ele>
   </trkpt>
   <trkpt lat="42.07721" lon="2.9920400000000003">
    <ele>24.790000000000003</ele>
   </trkpt>
   <trkpt lat="42.07724" lon="2.9919800000000003">
    <ele>24.790000000000003</ele>
   </trkpt>
   <trkpt lat="42.077290000000005" lon="2.9917800000000003">
    <ele>25.19</ele>
   </trkpt>
   <trkpt lat="42.077290000000005" lon="2.9915900000000004">
    <ele>25.39</ele>
   </trkpt>
   <trkpt lat="42.077270000000006" lon="2.9915300000000005">
    <ele>26.51</ele>
   </trkpt>
   <trkpt lat="42.07686500065941" lon="2.9911399975103374">
    <ele>26.650000000000002</ele>
   </trkpt>
   <trkpt lat="42.076460000000004" lon="2.9907500000000002">
    <ele>27.020000000000003</ele>
   </trkpt>
   <trkpt lat="42.07643" lon="2.9905700000000004">
    <ele>27.03</ele>
   </trkpt>
   <trkpt lat="42.076350000000005" lon="2.99046">
    <ele>26.990000000000002</ele>
   </trkpt>
   <trkpt lat="42.076170000000005" lon="2.99039">
    <ele>27.01</ele>
   </trkpt>
   <trkpt lat="42.076100000000004" lon="2.99034">
    <ele>27.14</ele>
   </trkpt>
   <trkpt lat="42.076040000000006" lon="2.9901500000000003">
    <ele>27.250000000000004</ele>
   </trkpt>
   <trkpt lat="42.07598" lon="2.99006">
    <ele>27.250000000000004</ele>
   </trkpt>
   <trkpt lat="42.075880000000005" lon="2.9900100000000003">
    <ele>27.64</ele>
   </trkpt>
   <trkpt lat="42.07587" lon="2.9898900000000004">
    <ele>27.78</ele>
   </trkpt>
   <trkpt lat="42.07531" lon="2.99012">
    <ele>28.76</ele>
   </trkpt>
   <trkpt lat="42.07488500079201" lon="2.99054000278649">
    <ele>29.470000000000002</ele>
   </trkpt>
   <trkpt lat="42.07446" lon="2.9909600000000003">
    <ele>28.3</ele>
   </trkpt>
   <trkpt lat="42.0743" lon="2.9912400000000003">
    <ele>27.560000000000002</ele>
   </trkpt>
   <trkpt lat="42.074220000000004" lon="2.9913200000000004">
    <ele>27.560000000000002</ele>
   </trkpt>
   <trkpt lat="42.0739" lon="2.99154">
    <ele>27.080000000000002</ele>
   </trkpt>
   <trkpt lat="42.07351000132788" lon="2.9921050035553995">
    <ele>27.67</ele>
   </trkpt>
   <trkpt lat="42.07312" lon="2.9926700000000004">
    <ele>27.03</ele>
   </trkpt>
   <trkpt lat="42.072990000000004" lon="2.9928000000000003">
    <ele>27.1</ele>
   </trkpt>
   <trkpt lat="42.07285" lon="2.9929400000000004">
    <ele>27.03</ele>
   </trkpt>
   <trkpt lat="42.072610000000005" lon="2.99311">
    <ele>27.1</ele>
   </trkpt>
   <trkpt lat="42.07233" lon="2.99324">
    <ele>26.400000000000002</ele>
   </trkpt>
   <trkpt lat="42.071960000000004" lon="2.9935400000000003">
    <ele>26.050000000000004</ele>
   </trkpt>
   <trkpt lat="42.071740000000005" lon="2.9936800000000003">
    <ele>25.79</ele>
   </trkpt>
   <trkpt lat="42.07119" lon="2.99399">
    <ele>25.900000000000002</ele>
   </trkpt>
   <trkpt lat="42.070510000000006" lon="2.99419">
    <ele>25.39</ele>
   </trkpt>
   <trkpt lat="42.07039" lon="2.9942900000000003">
    <ele>25.34</ele>
   </trkpt>
   <trkpt lat="42.06967500049452" lon="2.9946450040246972">
    <ele>25.86</ele>
   </trkpt>
   <trkpt lat="42.068960000000004" lon="2.995">
    <ele>26.18</ele>
   </trkpt>
   <trkpt lat="42.068870000000004" lon="2.9951100000000004">
    <ele>26.2</ele>
   </trkpt>
   <trkpt lat="42.06875" lon="2.9955100000000003">
    <ele>25.92</ele>
   </trkpt>
   <trkpt lat="42.068630000000006" lon="2.9956500000000004">
    <ele>25.34</ele>
   </trkpt>
   <trkpt lat="42.06848" lon="2.99576">
    <ele>25.14</ele>
   </trkpt>
   <trkpt lat="42.06797" lon="2.9959700000000002">
    <ele>24.28</ele>
   </trkpt>
   <trkpt lat="42.06756" lon="2.9960000000000004">
    <ele>24.130000000000003</ele>
   </trkpt>
   <trkpt lat="42.067440000000005" lon="2.9959800000000003">
    <ele>23.930000000000003</ele>
   </trkpt>
   <trkpt lat="42.067310000000006" lon="2.9959000000000002">
    <ele>23.930000000000003</ele>
   </trkpt>
   <trkpt lat="42.067190000000004" lon="2.9957900000000004">
    <ele>23.78</ele>
   </trkpt>
   <trkpt lat="42.06711000000001" lon="2.99574">
    <ele>23.78</ele>
   </trkpt>
   <trkpt lat="42.067" lon="2.9957300000000004">
    <ele>23.560000000000002</ele>
   </trkpt>
   <trkpt lat="42.06617000000001" lon="2.99583">
    <ele>23.430000000000003</ele>
   </trkpt>
   <trkpt lat="42.06561000010159" lon="2.995915000739099">
    <ele>23.24</ele>
   </trkpt>
   <trkpt lat="42.06505000000001" lon="2.9960000000000004">
    <ele>23.270000000000003</ele>
   </trkpt>
   <trkpt lat="42.064870000000006" lon="2.9960600000000004">
    <ele>23.470000000000002</ele>
   </trkpt>
   <trkpt lat="42.064690000000006" lon="2.99615">
    <ele>23.470000000000002</ele>
   </trkpt>
   <trkpt lat="42.064550000000004" lon="2.9962600000000004">
    <ele>23.470000000000002</ele>
   </trkpt>
   <trkpt lat="42.06438000000001" lon="2.9965">
    <ele>23.46</ele>
   </trkpt>
   <trkpt lat="42.06425" lon="2.9966000000000004">
    <ele>23.31</ele>
   </trkpt>
   <trkpt lat="42.064040000000006" lon="2.99671">
    <ele>23.31</ele>
   </trkpt>
   <trkpt lat="42.06355000019641" lon="2.996925001661134">
    <ele>23.32</ele>
   </trkpt>
   <trkpt lat="42.06306" lon="2.9971400000000004">
    <ele>23.290000000000003</ele>
   </trkpt>
   <trkpt lat="42.062335000412965" lon="2.997390002805728">
    <ele>23.13</ele>
   </trkpt>
   <trkpt lat="42.06161" lon="2.99764">
    <ele>23.21</ele>
   </trkpt>
   <trkpt lat="42.06125" lon="2.99771">
    <ele>23.12</ele>
   </trkpt>
   <trkpt lat="42.06067000005826" lon="2.997780000634925">
    <ele>23.26</ele>
   </trkpt>
   <trkpt lat="42.06009" lon="2.99785">
    <ele>23.340000000000003</ele>
   </trkpt>
   <trkpt lat="42.059320000223" lon="2.9979850049134007">
    <ele>23.470000000000002</ele>
   </trkpt>
   <trkpt lat="42.0585500002878" lon="2.998120006552762">
    <ele>23.360000000000003</ele>
   </trkpt>
   <trkpt lat="42.05778000019437" lon="2.998255004918251">
    <ele>23.700000000000003</ele>
   </trkpt>
   <trkpt lat="42.057010000000005" lon="2.99839">
    <ele>24.32</ele>
   </trkpt>
   <trkpt lat="42.056940000000004" lon="2.9983700000000004">
    <ele>24.32</ele>
   </trkpt>
   <trkpt lat="42.056700000000006" lon="2.99825">
    <ele>24.150000000000002</ele>
   </trkpt>
   <trkpt lat="42.05644" lon="2.9982200000000003">
    <ele>24.150000000000002</ele>
   </trkpt>
   <trkpt lat="42.056020000000004" lon="2.99826">
    <ele>24.09</ele>
   </trkpt>
   <trkpt lat="42.055670000000006" lon="2.9982800000000003">
    <ele>24.450000000000003</ele>
   </trkpt>
   <trkpt lat="42.055260000000004" lon="2.9982100000000003">
    <ele>25.650000000000002</ele>
   </trkpt>
   <trkpt lat="42.055200000000006" lon="2.9982800000000003">
    <ele>25.76</ele>
   </trkpt>
   <trkpt lat="42.05516" lon="2.99839">
    <ele>25.900000000000002</ele>
   </trkpt>
   <trkpt lat="42.05516" lon="2.9985100000000005">
    <ele>26.11</ele>
   </trkpt>
   <trkpt lat="42.05523" lon="2.9986400000000004">
    <ele>26.38</ele>
   </trkpt>
   <trkpt lat="42.05561" lon="2.99899">
    <ele>27.750000000000004</ele>
   </trkpt>
   <trkpt lat="42.0557" lon="2.9992">
    <ele>28.21</ele>
   </trkpt>
   <trkpt lat="42.05574" lon="2.99953">
    <ele>29.09</ele>
   </trkpt>
   <trkpt lat="42.055710000000005" lon="2.9997700000000003">
    <ele>29.130000000000003</ele>
   </trkpt>
   <trkpt lat="42.055640000000004" lon="2.9999900000000004">
    <ele>28.93</ele>
   </trkpt>
   <trkpt lat="42.05559" lon="3.0002700000000004">
    <ele>27.790000000000003</ele>
   </trkpt>
   <trkpt lat="42.0555" lon="3.0003800000000003">
    <ele>27.680000000000003</ele>
   </trkpt>
   <trkpt lat="42.055150000000005" lon="3.00057">
    <ele>27.290000000000003</ele>
   </trkpt>
   <trkpt lat="42.05496" lon="3.0005800000000002">
    <ele>27.470000000000002</ele>
   </trkpt>
   <trkpt lat="42.05476" lon="3.00064">
    <ele>27.98</ele>
   </trkpt>
   <trkpt lat="42.054700000000004" lon="3.0007">
    <ele>27.98</ele>
   </trkpt>
   <trkpt lat="42.05467" lon="3.00083">
    <ele>28.21</ele>
   </trkpt>
   <trkpt lat="42.054700000000004" lon="3.00096">
    <ele>28.290000000000003</ele>
   </trkpt>
   <trkpt lat="42.05476" lon="3.0010200000000005">
    <ele>28.270000000000003</ele>
   </trkpt>
   <trkpt lat="42.05543" lon="3.00125">
    <ele>25.880000000000003</ele>
   </trkpt>
   <trkpt lat="42.05556000000001" lon="3.00132">
    <ele>26.38</ele>
   </trkpt>
   <trkpt lat="42.055620000000005" lon="3.0014600000000002">
    <ele>26.54</ele>
   </trkpt>
   <trkpt lat="42.05563" lon="3.0017300000000002">
    <ele>25.970000000000002</ele>
   </trkpt>
   <trkpt lat="42.055510000000005" lon="3.00233">
    <ele>23.91</ele>
   </trkpt>
   <trkpt lat="42.05536" lon="3.00267">
    <ele>23.75</ele>
   </trkpt>
   <trkpt lat="42.05521" lon="3.00287">
    <ele>24.180000000000003</ele>
   </trkpt>
   <trkpt lat="42.05469" lon="3.0033200000000004">
    <ele>29.990000000000002</ele>
   </trkpt>
   <trkpt lat="42.05462" lon="3.0034500000000004">
    <ele>31.13</ele>
   </trkpt>
   <trkpt lat="42.054550000000006" lon="3.0038300000000002">
    <ele>34.33</ele>
   </trkpt>
   <trkpt lat="42.05447" lon="3.0039300000000004">
    <ele>35.160000000000004</ele>
   </trkpt>
   <trkpt lat="42.05436" lon="3.0040000000000004">
    <ele>35.57</ele>
   </trkpt>
   <trkpt lat="42.054050000000004" lon="3.0041100000000003">
    <ele>35.13</ele>
   </trkpt>
   <trkpt lat="42.053450000000005" lon="3.00423">
    <ele>34.33</ele>
   </trkpt>
   <trkpt lat="42.05337" lon="3.00428">
    <ele>34.1</ele>
   </trkpt>
   <trkpt lat="42.053340000000006" lon="3.0047">
    <ele>32.870000000000005</ele>
   </trkpt>
   <trkpt lat="42.05287000016934" lon="3.004679999859137">
    <ele>32.330000000000005</ele>
   </trkpt>
   <trkpt lat="42.052400000000006" lon="3.0046600000000003">
    <ele>32.14</ele>
   </trkpt>
   <trkpt lat="42.05175999993172" lon="3.0047300007151074">
    <ele>31.94</ele>
   </trkpt>
   <trkpt lat="42.051120000000004" lon="3.0048000000000004">
    <ele>32.190000000000005</ele>
   </trkpt>
   <trkpt lat="42.050470000000004" lon="3.0050000000000003">
    <ele>32.440000000000005</ele>
   </trkpt>
   <trkpt lat="42.050290000000004" lon="3.0050100000000004">
    <ele>32.71</ele>
   </trkpt>
   <trkpt lat="42.04946" lon="3.0050000000000003">
    <ele>32.480000000000004</ele>
   </trkpt>
   <trkpt lat="42.048949999893324" lon="3.005075000621412">
    <ele>32.32</ele>
   </trkpt>
   <trkpt lat="42.04844000000001" lon="3.0051500000000004">
    <ele>32.13</ele>
   </trkpt>
   <trkpt lat="42.04787" lon="3.0051500000000004">
    <ele>32.36</ele>
   </trkpt>
   <trkpt lat="42.047850000000004" lon="3.0051500000000004">
    <ele>32.38</ele>
   </trkpt>
   <trkpt lat="42.04742" lon="3.0051500000000004">
    <ele>33.050000000000004</ele>
   </trkpt>
   <trkpt lat="42.047140000000006" lon="3.00511">
    <ele>33.7</ele>
   </trkpt>
   <trkpt lat="42.046710000000004" lon="3.0051200000000002">
    <ele>34.47</ele>
   </trkpt>
   <trkpt lat="42.04641" lon="3.0050800000000004">
    <ele>34.63</ele>
   </trkpt>
   <trkpt lat="42.045880000000004" lon="3.0048100000000004">
    <ele>35.17</ele>
   </trkpt>
   <trkpt lat="42.045790000000004" lon="3.0047800000000002">
    <ele>35.97</ele>
   </trkpt>
   <trkpt lat="42.04572" lon="3.0048100000000004">
    <ele>35.97</ele>
   </trkpt>
   <trkpt lat="42.04569" lon="3.0047300000000003">
    <ele>36.02</ele>
   </trkpt>
   <trkpt lat="42.045640000000006" lon="3.0047900000000003">
    <ele>36.02</ele>
   </trkpt>
   <trkpt lat="42.04552" lon="3.00502">
    <ele>35.77</ele>
   </trkpt>
   <trkpt lat="42.04524000000001" lon="3.00532">
    <ele>35.730000000000004</ele>
   </trkpt>
   <trkpt lat="42.04477000000001" lon="3.00563">
    <ele>35.04</ele>
   </trkpt>
   <trkpt lat="42.044270000000004" lon="3.00619">
    <ele>33.24</ele>
   </trkpt>
   <trkpt lat="42.04395" lon="3.0065000000000004">
    <ele>31.89</ele>
   </trkpt>
   <trkpt lat="42.04339" lon="3.00692">
    <ele>31.26</ele>
   </trkpt>
   <trkpt lat="42.042660000000005" lon="3.0071700000000003">
    <ele>30.240000000000002</ele>
   </trkpt>
   <trkpt lat="42.042260000000006" lon="3.00762">
    <ele>29.550000000000004</ele>
   </trkpt>
   <trkpt lat="42.04196" lon="3.0083900000000003">
    <ele>28.41</ele>
   </trkpt>
   <trkpt lat="42.04159000000001" lon="3.00917">
    <ele>27.3</ele>
   </trkpt>
   <trkpt lat="42.04144" lon="3.00952">
    <ele>27.22</ele>
   </trkpt>
   <trkpt lat="42.041450000000005" lon="3.00951">
    <ele>27.22</ele>
   </trkpt>
   <trkpt lat="42.041090000000004" lon="3.01033">
    <ele>26.820000000000004</ele>
   </trkpt>
   <trkpt lat="42.04093" lon="3.01108">
    <ele>25.7</ele>
   </trkpt>
   <trkpt lat="42.0409" lon="3.0117200000000004">
    <ele>26.12</ele>
   </trkpt>
   <trkpt lat="42.04033000007825" lon="3.0117750004870802">
    <ele>26.03</ele>
   </trkpt>
   <trkpt lat="42.03976" lon="3.0118300000000002">
    <ele>26.64</ele>
   </trkpt>
   <trkpt lat="42.03943" lon="3.0116500000000004">
    <ele>27.180000000000003</ele>
   </trkpt>
   <trkpt lat="42.03885500091597" lon="3.0121400045411715">
    <ele>26.36</ele>
   </trkpt>
   <trkpt lat="42.03828" lon="3.01263">
    <ele>25.900000000000002</ele>
   </trkpt>
   <trkpt lat="42.037485000183764" lon="3.012830002499419">
    <ele>26.28</ele>
   </trkpt>
   <trkpt lat="42.03669" lon="3.01303">
    <ele>26.21</ele>
   </trkpt>
   <trkpt lat="42.03638" lon="3.0131200000000002">
    <ele>26.13</ele>
   </trkpt>
   <trkpt lat="42.03631" lon="3.01318">
    <ele>26.13</ele>
   </trkpt>
   <trkpt lat="42.0362" lon="3.0131300000000003">
    <ele>26.01</ele>
   </trkpt>
   <trkpt lat="42.03566" lon="3.0131400000000004">
    <ele>25.820000000000004</ele>
   </trkpt>
   <trkpt lat="42.035070000000005" lon="3.0133400000000004">
    <ele>26.29</ele>
   </trkpt>
   <trkpt lat="42.034330000000004" lon="3.0135300000000003">
    <ele>27.270000000000003</ele>
   </trkpt>
   <trkpt lat="42.03367" lon="3.0137300000000002">
    <ele>28.020000000000003</ele>
   </trkpt>
   <trkpt lat="42.033150000000006" lon="3.01393">
    <ele>28.17</ele>
   </trkpt>
   <trkpt lat="42.03296" lon="3.0139600000000004">
    <ele>28.200000000000003</ele>
   </trkpt>
   <trkpt lat="42.032720000000005" lon="3.01391">
    <ele>28.39</ele>
   </trkpt>
   <trkpt lat="42.032430000000005" lon="3.01398">
    <ele>28.860000000000003</ele>
   </trkpt>
   <trkpt lat="42.03210000000001" lon="3.01404">
    <ele>29.27</ele>
   </trkpt>
   <trkpt lat="42.03186" lon="3.01405">
    <ele>29.580000000000002</ele>
   </trkpt>
   <trkpt lat="42.03132" lon="3.0140200000000004">
    <ele>29.900000000000002</ele>
   </trkpt>
   <trkpt lat="42.0311" lon="3.0140800000000003">
    <ele>29.900000000000002</ele>
   </trkpt>
   <trkpt lat="42.030240000000006" lon="3.01439">
    <ele>31.160000000000004</ele>
   </trkpt>
   <trkpt lat="42.029920000000004" lon="3.0145500000000003">
    <ele>31.290000000000006</ele>
   </trkpt>
   <trkpt lat="42.02938" lon="3.0147600000000003">
    <ele>31.71</ele>
   </trkpt>
   <trkpt lat="42.029090000000004" lon="3.0148300000000003">
    <ele>32.6</ele>
   </trkpt>
   <trkpt lat="42.028940000000006" lon="3.0148200000000003">
    <ele>33.02</ele>
   </trkpt>
   <trkpt lat="42.02859" lon="3.0146400000000004">
    <ele>33.85</ele>
   </trkpt>
   <trkpt lat="42.02812000038975" lon="3.0143149975496897">
    <ele>36.33</ele>
   </trkpt>
   <trkpt lat="42.02765" lon="3.01399">
    <ele>38.23</ele>
   </trkpt>
   <trkpt lat="42.027185000618324" lon="3.0135749968492753">
    <ele>41.29</ele>
   </trkpt>
   <trkpt lat="42.026720000000005" lon="3.01316">
    <ele>44.65</ele>
   </trkpt>
   <trkpt lat="42.0264" lon="3.0127200000000003">
    <ele>46.400000000000006</ele>
   </trkpt>
   <trkpt lat="42.02599" lon="3.01228">
    <ele>49.17</ele>
   </trkpt>
   <trkpt lat="42.025690000000004" lon="3.01189">
    <ele>50.60000000000001</ele>
   </trkpt>
   <trkpt lat="42.02557" lon="3.0117900000000004">
    <ele>51.440000000000005</ele>
   </trkpt>
   <trkpt lat="42.0249" lon="3.0114500000000004">
    <ele>55.68000000000001</ele>
   </trkpt>
   <trkpt lat="42.02452" lon="3.0113700000000003">
    <ele>56.84</ele>
   </trkpt>
   <trkpt lat="42.023790000000005" lon="3.0113000000000003">
    <ele>59.25</ele>
   </trkpt>
   <trkpt lat="42.023770000000006" lon="3.0113000000000003">
    <ele>59.300000000000004</ele>
   </trkpt>
   <trkpt lat="42.02319000000001" lon="3.01119">
    <ele>62.32000000000001</ele>
   </trkpt>
   <trkpt lat="42.02310000000001" lon="3.01115">
    <ele>62.82</ele>
   </trkpt>
   <trkpt lat="42.023010000000006" lon="3.01115">
    <ele>62.82</ele>
   </trkpt>
   <trkpt lat="42.02306" lon="3.01086">
    <ele>62.95</ele>
   </trkpt>
   <trkpt lat="42.0230950042424" lon="3.00987000085664">
    <ele>64.26</ele>
   </trkpt>
   <trkpt lat="42.02313" lon="3.0088800000000004">
    <ele>67.46000000000001</ele>
   </trkpt>
   <trkpt lat="42.02315" lon="3.0079900000000004">
    <ele>74.27</ele>
   </trkpt>
   <trkpt lat="42.02313" lon="3.0078">
    <ele>75.14000000000001</ele>
   </trkpt>
   <trkpt lat="42.022870000000005" lon="3.0068900000000003">
    <ele>80.13000000000001</ele>
   </trkpt>
   <trkpt lat="42.022670000000005" lon="3.0058000000000002">
    <ele>83.13000000000001</ele>
   </trkpt>
   <trkpt lat="42.02266" lon="3.00585">
    <ele>82.80000000000001</ele>
   </trkpt>
   <trkpt lat="42.02272000000001" lon="3.0062200000000003">
    <ele>82.29</ele>
   </trkpt>
   <trkpt lat="42.022710000000004" lon="3.00639">
    <ele>82.16000000000001</ele>
   </trkpt>
   <trkpt lat="42.02295" lon="3.00719">
    <ele>78.95</ele>
   </trkpt>
   <trkpt lat="42.02306" lon="3.0077300000000005">
    <ele>76.1</ele>
   </trkpt>
   <trkpt lat="42.02310000000001" lon="3.00802">
    <ele>73.69</ele>
   </trkpt>
   <trkpt lat="42.02310000000001" lon="3.0084000000000004">
    <ele>70.47</ele>
   </trkpt>
   <trkpt lat="42.023050000000005" lon="3.0095400000000003">
    <ele>68.54</ele>
   </trkpt>
   <trkpt lat="42.02304000228077" lon="3.0102650001384377">
    <ele>64.86</ele>
   </trkpt>
   <trkpt lat="42.023030000000006" lon="3.01099">
    <ele>62.86</ele>
   </trkpt>
   <trkpt lat="42.023010000000006" lon="3.01115">
    <ele>62.82</ele>
   </trkpt>
   <trkpt lat="42.02266" lon="3.0110500000000004">
    <ele>63.07</ele>
   </trkpt>
   <trkpt lat="42.02185" lon="3.0109700000000004">
    <ele>64.59</ele>
   </trkpt>
   <trkpt lat="42.02167" lon="3.0109700000000004">
    <ele>64.77000000000001</ele>
   </trkpt>
   <trkpt lat="42.02147" lon="3.0110900000000003">
    <ele>64.64999999999999</ele>
   </trkpt>
   <trkpt lat="42.02125" lon="3.0111700000000003">
    <ele>64.01</ele>
   </trkpt>
   <trkpt lat="42.020790000000005" lon="3.0112200000000002">
    <ele>63.29</ele>
   </trkpt>
   <trkpt lat="42.020030000000006" lon="3.01128">
    <ele>59.88</ele>
   </trkpt>
   <trkpt lat="42.02002" lon="3.0109800000000004">
    <ele>60.980000000000004</ele>
   </trkpt>
   <trkpt lat="42.020070000000004" lon="3.0107700000000004">
    <ele>61.7</ele>
   </trkpt>
   <trkpt lat="42.019960000000005" lon="3.01072">
    <ele>61.78000000000001</ele>
   </trkpt>
   <trkpt lat="42.01961" lon="3.0106300000000004">
    <ele>61.78000000000001</ele>
   </trkpt>
   <trkpt lat="42.01941" lon="3.0102800000000003">
    <ele>62.97000000000001</ele>
   </trkpt>
   <trkpt lat="42.01926" lon="3.01006">
    <ele>63.63</ele>
   </trkpt>
   <trkpt lat="42.01917" lon="3.0100000000000002">
    <ele>63.92</ele>
   </trkpt>
   <trkpt lat="42.01901" lon="3.0100300000000004">
    <ele>64.16000000000001</ele>
   </trkpt>
   <trkpt lat="42.01852" lon="3.01018">
    <ele>65.82000000000001</ele>
   </trkpt>
   <trkpt lat="42.01818" lon="3.01038">
    <ele>67.42</ele>
   </trkpt>
   <trkpt lat="42.01794" lon="3.01047">
    <ele>67.98</ele>
   </trkpt>
   <trkpt lat="42.01737000001934" lon="3.0105850010384234">
    <ele>69.05</ele>
   </trkpt>
   <trkpt lat="42.0168" lon="3.0107000000000004">
    <ele>70.05</ele>
   </trkpt>
   <trkpt lat="42.01662" lon="3.0106900000000003">
    <ele>70.76</ele>
   </trkpt>
   <trkpt lat="42.0161" lon="3.0107500000000003">
    <ele>73.41</ele>
   </trkpt>
   <trkpt lat="42.015570000000004" lon="3.0108900000000003">
    <ele>74.77</ele>
   </trkpt>
   <trkpt lat="42.01541" lon="3.011">
    <ele>75.14000000000001</ele>
   </trkpt>
   <trkpt lat="42.015025000563604" lon="3.0113350019612746">
    <ele>75.33000000000001</ele>
   </trkpt>
   <trkpt lat="42.01464" lon="3.01167">
    <ele>74.44</ele>
   </trkpt>
   <trkpt lat="42.014320000000005" lon="3.0119300000000004">
    <ele>71.34</ele>
   </trkpt>
   <trkpt lat="42.01368" lon="3.0125900000000003">
    <ele>68.35000000000001</ele>
   </trkpt>
   <trkpt lat="42.013200000751645" lon="3.012975002818526">
    <ele>66.98</ele>
   </trkpt>
   <trkpt lat="42.01272" lon="3.01336">
    <ele>66.48</ele>
   </trkpt>
   <trkpt lat="42.012060000000005" lon="3.01371">
    <ele>69.51</ele>
   </trkpt>
   <trkpt lat="42.011680000000005" lon="3.01379">
    <ele>73.04</ele>
   </trkpt>
   <trkpt lat="42.01147" lon="3.01393">
    <ele>74.81</ele>
   </trkpt>
   <trkpt lat="42.01127" lon="3.0141400000000003">
    <ele>75.6</ele>
   </trkpt>
   <trkpt lat="42.010780000000004" lon="3.01459">
    <ele>75.35</ele>
   </trkpt>
   <trkpt lat="42.01023" lon="3.0150500000000005">
    <ele>74.29</ele>
   </trkpt>
   <trkpt lat="42.00992" lon="3.0152500000000004">
    <ele>74.41</ele>
   </trkpt>
   <trkpt lat="42.00941500029227" lon="3.0155500024400035">
    <ele>75.72000000000001</ele>
   </trkpt>
   <trkpt lat="42.00891" lon="3.0158500000000004">
    <ele>76.53</ele>
   </trkpt>
   <trkpt lat="42.00840500015769" lon="3.016065001725032">
    <ele>76.54</ele>
   </trkpt>
   <trkpt lat="42.00790000000001" lon="3.01628">
    <ele>76.45</ele>
   </trkpt>
   <trkpt lat="42.00773" lon="3.01636">
    <ele>76.80000000000001</ele>
   </trkpt>
   <trkpt lat="42.00727499994786" lon="3.0166150020111635">
    <ele>77.09</ele>
   </trkpt>
   <trkpt lat="42.006820000000005" lon="3.0168700000000004">
    <ele>75.24</ele>
   </trkpt>
   <trkpt lat="42.006460000000004" lon="3.0174600000000003">
    <ele>72.24000000000001</ele>
   </trkpt>
   <trkpt lat="42.00620000000001" lon="3.0178100000000003">
    <ele>72.03000000000002</ele>
   </trkpt>
   <trkpt lat="42.00567" lon="3.0183600000000004">
    <ele>71.02</ele>
   </trkpt>
   <trkpt lat="42.005100000000006" lon="3.01879">
    <ele>70.34</ele>
   </trkpt>
   <trkpt lat="42.004490000000004" lon="3.0191700000000004">
    <ele>69.13000000000001</ele>
   </trkpt>
   <trkpt lat="42.00414000000001" lon="3.0193000000000003">
    <ele>68.81</ele>
   </trkpt>
   <trkpt lat="42.003840000000004" lon="3.0195000000000003">
    <ele>68.4</ele>
   </trkpt>
   <trkpt lat="42.003460000000004" lon="3.0196500000000004">
    <ele>66.7</ele>
   </trkpt>
   <trkpt lat="42.00312" lon="3.0197200000000004">
    <ele>65.89</ele>
   </trkpt>
   <trkpt lat="42.00282000000001" lon="3.0198500000000004">
    <ele>65.38000000000001</ele>
   </trkpt>
   <trkpt lat="42.00263" lon="3.0199000000000003">
    <ele>65.2</ele>
   </trkpt>
   <trkpt lat="42.002390000000005" lon="3.0199000000000003">
    <ele>65.03</ele>
   </trkpt>
   <trkpt lat="42.00179000000001" lon="3.0202500000000003">
    <ele>64.52000000000001</ele>
   </trkpt>
   <trkpt lat="42.00144" lon="3.02043">
    <ele>63.7</ele>
   </trkpt>
   <trkpt lat="42.001110000000004" lon="3.02091">
    <ele>61.190000000000005</ele>
   </trkpt>
   <trkpt lat="42.00059" lon="3.02137">
    <ele>55.910000000000004</ele>
   </trkpt>
   <trkpt lat="42.000530000000005" lon="3.02145">
    <ele>55.43000000000001</ele>
   </trkpt>
   <trkpt lat="42.000220000000006" lon="3.0221500000000003">
    <ele>53.040000000000006</ele>
   </trkpt>
   <trkpt lat="42.00003" lon="3.02265">
    <ele>52.11</ele>
   </trkpt>
   <trkpt lat="41.999860000000005" lon="3.0227700000000004">
    <ele>50.870000000000005</ele>
   </trkpt>
   <trkpt lat="41.99951" lon="3.02287">
    <ele>49.24</ele>
   </trkpt>
   <trkpt lat="41.999460000000006" lon="3.0229800000000004">
    <ele>48.410000000000004</ele>
   </trkpt>
   <trkpt lat="41.99947" lon="3.0231100000000004">
    <ele>47.88</ele>
   </trkpt>
   <trkpt lat="41.99964000000001" lon="3.0235600000000002">
    <ele>45.39000000000001</ele>
   </trkpt>
   <trkpt lat="41.999715001686326" lon="3.024184999190344">
    <ele>42.690000000000005</ele>
   </trkpt>
   <trkpt lat="41.999790000000004" lon="3.0248100000000004">
    <ele>41.52</ele>
   </trkpt>
   <trkpt lat="41.99985" lon="3.02504">
    <ele>41.04</ele>
   </trkpt>
   <trkpt lat="41.99991000000001" lon="3.02538">
    <ele>40.550000000000004</ele>
   </trkpt>
   <trkpt lat="42.000020000000006" lon="3.0262700000000002">
    <ele>40.24</ele>
   </trkpt>
   <trkpt lat="41.999970000000005" lon="3.0266300000000004">
    <ele>39.93</ele>
   </trkpt>
   <trkpt lat="41.999900000000004" lon="3.0271000000000003">
    <ele>39.730000000000004</ele>
   </trkpt>
   <trkpt lat="41.999900000000004" lon="3.02727">
    <ele>39.730000000000004</ele>
   </trkpt>
   <trkpt lat="41.999860000000005" lon="3.0275900000000004">
    <ele>39.38</ele>
   </trkpt>
   <trkpt lat="41.99978" lon="3.0278600000000004">
    <ele>38.71</ele>
   </trkpt>
   <trkpt lat="41.99976" lon="3.0279800000000003">
    <ele>38.71</ele>
   </trkpt>
   <trkpt lat="41.99978" lon="3.02809">
    <ele>38.19</ele>
   </trkpt>
   <trkpt lat="41.999950000000005" lon="3.0285100000000003">
    <ele>36.25000000000001</ele>
   </trkpt>
   <trkpt lat="41.999970000000005" lon="3.0286500000000003">
    <ele>36.0</ele>
   </trkpt>
   <trkpt lat="41.99996" lon="3.02882">
    <ele>35.81</ele>
   </trkpt>
   <trkpt lat="41.999900000000004" lon="3.02909">
    <ele>35.85</ele>
   </trkpt>
   <trkpt lat="41.999790000000004" lon="3.0294600000000003">
    <ele>37.46</ele>
   </trkpt>
   <trkpt lat="41.999750000000006" lon="3.0295400000000003">
    <ele>37.46</ele>
   </trkpt>
   <trkpt lat="41.999700000000004" lon="3.02958">
    <ele>38.67</ele>
   </trkpt>
   <trkpt lat="41.999660000000006" lon="3.0295900000000002">
    <ele>38.67</ele>
   </trkpt>
   <trkpt lat="41.999570000000006" lon="3.0295500000000004">
    <ele>39.23</ele>
   </trkpt>
   <trkpt lat="41.99953" lon="3.0297300000000003">
    <ele>39.45</ele>
   </trkpt>
   <trkpt lat="41.99953" lon="3.03004">
    <ele>39.620000000000005</ele>
   </trkpt>
   <trkpt lat="41.9996" lon="3.0305500000000003">
    <ele>39.830000000000005</ele>
   </trkpt>
   <trkpt lat="41.99987" lon="3.03126">
    <ele>40.32</ele>
   </trkpt>
   <trkpt lat="41.999930000000006" lon="3.03207">
    <ele>41.24</ele>
   </trkpt>
   <trkpt lat="41.99996" lon="3.03222">
    <ele>41.980000000000004</ele>
   </trkpt>
   <trkpt lat="41.999970000000005" lon="3.03236">
    <ele>41.980000000000004</ele>
   </trkpt>
   <trkpt lat="41.999930000000006" lon="3.0325300000000004">
    <ele>42.54</ele>
   </trkpt>
   <trkpt lat="41.99996" lon="3.0326700000000004">
    <ele>42.800000000000004</ele>
   </trkpt>
   <trkpt lat="42.00018" lon="3.03257">
    <ele>42.56</ele>
   </trkpt>
   <trkpt lat="42.000240000000005" lon="3.0329800000000002">
    <ele>42.47</ele>
   </trkpt>
   <trkpt lat="42.000265001594855" lon="3.033584999920226">
    <ele>42.9</ele>
   </trkpt>
   <trkpt lat="42.00029000000001" lon="3.03419">
    <ele>42.050000000000004</ele>
   </trkpt>
   <trkpt lat="42.00038000000001" lon="3.0346200000000003">
    <ele>40.61</ele>
   </trkpt>
   <trkpt lat="42.000730000000004" lon="3.0354500000000004">
    <ele>38.86000000000001</ele>
   </trkpt>
   <trkpt lat="42.00083" lon="3.0355900000000005">
    <ele>38.540000000000006</ele>
   </trkpt>
   <trkpt lat="42.000910000000005" lon="3.0356500000000004">
    <ele>37.98</ele>
   </trkpt>
   <trkpt lat="42.0013" lon="3.0357800000000004">
    <ele>35.63</ele>
   </trkpt>
   <trkpt lat="42.00169" lon="3.03596">
    <ele>32.120000000000005</ele>
   </trkpt>
   <trkpt lat="42.001920000000005" lon="3.03616">
    <ele>30.390000000000004</ele>
   </trkpt>
   <trkpt lat="42.00217000000001" lon="3.0366400000000002">
    <ele>28.380000000000003</ele>
   </trkpt>
   <trkpt lat="42.00227" lon="3.0368800000000005">
    <ele>27.89</ele>
   </trkpt>
   <trkpt lat="42.002340000000004" lon="3.03717">
    <ele>27.470000000000002</ele>
   </trkpt>
   <trkpt lat="42.002460000000006" lon="3.0381400000000003">
    <ele>26.150000000000002</ele>
   </trkpt>
   <trkpt lat="42.00253" lon="3.0383000000000004">
    <ele>25.75</ele>
   </trkpt>
   <trkpt lat="42.0029850010742" lon="3.03877499670254">
    <ele>24.310000000000002</ele>
   </trkpt>
   <trkpt lat="42.003440000000005" lon="3.0392500000000005">
    <ele>21.96</ele>
   </trkpt>
   <trkpt lat="42.00395" lon="3.0395200000000004">
    <ele>21.01</ele>
   </trkpt>
   <trkpt lat="42.00419" lon="3.0398400000000003">
    <ele>20.84</ele>
   </trkpt>
   <trkpt lat="42.00426" lon="3.0400600000000004">
    <ele>20.830000000000002</ele>
   </trkpt>
   <trkpt lat="42.004310000000004" lon="3.04029">
    <ele>20.86</ele>
   </trkpt>
   <trkpt lat="42.00428" lon="3.0412100000000004">
    <ele>20.96</ele>
   </trkpt>
   <trkpt lat="42.00435" lon="3.0419">
    <ele>20.970000000000002</ele>
   </trkpt>
   <trkpt lat="42.004380000000005" lon="3.04273">
    <ele>21.37</ele>
   </trkpt>
   <trkpt lat="42.00448" lon="3.0435000000000003">
    <ele>22.47</ele>
   </trkpt>
   <trkpt lat="42.00385" lon="3.0434400000000004">
    <ele>21.41</ele>
   </trkpt>
   <trkpt lat="42.00379" lon="3.04347">
    <ele>21.36</ele>
   </trkpt>
   <trkpt lat="42.00372" lon="3.0435900000000005">
    <ele>21.23</ele>
   </trkpt>
   <trkpt lat="42.00368" lon="3.04401">
    <ele>20.67</ele>
   </trkpt>
   <trkpt lat="42.003690000000006" lon="3.0443000000000002">
    <ele>20.48</ele>
   </trkpt>
   <trkpt lat="42.00383" lon="3.0451300000000003">
    <ele>20.46</ele>
   </trkpt>
   <trkpt lat="42.00383" lon="3.0451200000000003">
    <ele>20.46</ele>
   </trkpt>
   <trkpt lat="42.00401" lon="3.0461500000000004">
    <ele>20.650000000000002</ele>
   </trkpt>
   <trkpt lat="42.00401" lon="3.0463500000000003">
    <ele>20.650000000000002</ele>
   </trkpt>
   <trkpt lat="42.00394" lon="3.0467000000000004">
    <ele>20.59</ele>
   </trkpt>
   <trkpt lat="42.003620000000005" lon="3.04782">
    <ele>21.05</ele>
   </trkpt>
   <trkpt lat="42.00334" lon="3.04843">
    <ele>21.460000000000004</ele>
   </trkpt>
   <trkpt lat="42.003310000000006" lon="3.0487">
    <ele>21.77</ele>
   </trkpt>
   <trkpt lat="42.003130000000006" lon="3.04924">
    <ele>21.86</ele>
   </trkpt>
   <trkpt lat="42.00283" lon="3.04985">
    <ele>21.5</ele>
   </trkpt>
   <trkpt lat="42.0024" lon="3.05046">
    <ele>21.27</ele>
   </trkpt>
   <trkpt lat="42.00233" lon="3.05065">
    <ele>21.130000000000003</ele>
   </trkpt>
   <trkpt lat="42.00218500160208" lon="3.0512500012023294">
    <ele>21.03</ele>
   </trkpt>
   <trkpt lat="42.00204" lon="3.0518500000000004">
    <ele>20.98</ele>
   </trkpt>
   <trkpt lat="42.0016300033713" lon="3.0527300056470756">
    <ele>20.78</ele>
   </trkpt>
   <trkpt lat="42.00122" lon="3.0536100000000004">
    <ele>20.6</ele>
   </trkpt>
   <trkpt lat="42.00122" lon="3.0540100000000003">
    <ele>20.380000000000003</ele>
   </trkpt>
   <trkpt lat="42.00147500167235" lon="3.0546349974395266">
    <ele>20.51</ele>
   </trkpt>
   <trkpt lat="42.00173" lon="3.05526">
    <ele>20.830000000000002</ele>
   </trkpt>
   <trkpt lat="42.001940000000005" lon="3.0559100000000003">
    <ele>21.68</ele>
   </trkpt>
   <trkpt lat="42.001990000000006" lon="3.0564400000000003">
    <ele>21.28</ele>
   </trkpt>
   <trkpt lat="42.00186" lon="3.0576200000000004">
    <ele>18.56</ele>
   </trkpt>
   <trkpt lat="42.001740000000005" lon="3.0581400000000003">
    <ele>18.340000000000003</ele>
   </trkpt>
   <trkpt lat="42.001460002251996" lon="3.0588650032652303">
    <ele>18.54</ele>
   </trkpt>
   <trkpt lat="42.001180000000005" lon="3.05959">
    <ele>18.8</ele>
   </trkpt>
   <trkpt lat="42.000960000000006" lon="3.0599000000000003">
    <ele>18.830000000000002</ele>
   </trkpt>
   <trkpt lat="42.0007" lon="3.06014">
    <ele>19.020000000000003</ele>
   </trkpt>
   <trkpt lat="42.000690000000006" lon="3.0605200000000004">
    <ele>19.1</ele>
   </trkpt>
   <trkpt lat="42.001000000000005" lon="3.06138">
    <ele>19.14</ele>
   </trkpt>
   <trkpt lat="42.001000000000005" lon="3.06137">
    <ele>19.12</ele>
   </trkpt>
   <trkpt lat="42.00104" lon="3.0614700000000004">
    <ele>19.19</ele>
   </trkpt>
   <trkpt lat="42.0013" lon="3.0625600000000004">
    <ele>20.46</ele>
   </trkpt>
   <trkpt lat="42.001235003796054" lon="3.06349500092038">
    <ele>23.970000000000002</ele>
   </trkpt>
   <trkpt lat="42.00117" lon="3.06443">
    <ele>27.900000000000002</ele>
   </trkpt>
   <trkpt lat="42.001070000000006" lon="3.06449">
    <ele>27.900000000000002</ele>
   </trkpt>
   <trkpt lat="42.000800000000005" lon="3.0645900000000004">
    <ele>29.78</ele>
   </trkpt>
   <trkpt lat="42.000620000000005" lon="3.0647200000000003">
    <ele>31.110000000000003</ele>
   </trkpt>
   <trkpt lat="42.000510000000006" lon="3.06475">
    <ele>31.810000000000006</ele>
   </trkpt>
   <trkpt lat="42.000400000000006" lon="3.0647400000000005">
    <ele>32.46</ele>
   </trkpt>
   <trkpt lat="42.00034" lon="3.0650000000000004">
    <ele>34.09</ele>
   </trkpt>
   <trkpt lat="42.00034" lon="3.06523">
    <ele>34.68</ele>
   </trkpt>
   <trkpt lat="42.000440000000005" lon="3.0654800000000004">
    <ele>36.31</ele>
   </trkpt>
   <trkpt lat="42.00045" lon="3.0657">
    <ele>37.85</ele>
   </trkpt>
   <trkpt lat="42.000240000000005" lon="3.0658100000000004">
    <ele>38.27</ele>
   </trkpt>
   <trkpt lat="42.00025" lon="3.0658800000000004">
    <ele>38.27</ele>
   </trkpt>
   <trkpt lat="42.00038000000001" lon="3.06612">
    <ele>39.43</ele>
   </trkpt>
   <trkpt lat="42.000550000000004" lon="3.06638">
    <ele>40.07</ele>
   </trkpt>
   <trkpt lat="42.00063" lon="3.06666">
    <ele>41.72</ele>
   </trkpt>
   <trkpt lat="42.00066" lon="3.0671600000000003">
    <ele>42.84</ele>
   </trkpt>
   <trkpt lat="42.000640000000004" lon="3.0672900000000003">
    <ele>43.120000000000005</ele>
   </trkpt>
   <trkpt lat="42.000620000000005" lon="3.0674200000000003">
    <ele>43.4</ele>
   </trkpt>
   <trkpt lat="42.000440000000005" lon="3.0676900000000002">
    <ele>45.03</ele>
   </trkpt>
   <trkpt lat="42.00038000000001" lon="3.06775">
    <ele>45.03</ele>
   </trkpt>
   <trkpt lat="42.00019" lon="3.0678500000000004">
    <ele>44.56</ele>
   </trkpt>
   <trkpt lat="42.000040000000006" lon="3.0679900000000004">
    <ele>44.67</ele>
   </trkpt>
   <trkpt lat="41.999880000000005" lon="3.0684500000000003">
    <ele>45.57000000000001</ele>
   </trkpt>
   <trkpt lat="41.99978" lon="3.0687800000000003">
    <ele>46.940000000000005</ele>
   </trkpt>
   <trkpt lat="41.999950000000005" lon="3.0691900000000003">
    <ele>46.96</ele>
   </trkpt>
   <trkpt lat="42.00014" lon="3.06943">
    <ele>45.67</ele>
   </trkpt>
   <trkpt lat="42.00025" lon="3.06949">
    <ele>44.88</ele>
   </trkpt>
   <trkpt lat="42.000400000000006" lon="3.0695">
    <ele>44.17</ele>
   </trkpt>
   <trkpt lat="42.00047" lon="3.0695400000000004">
    <ele>44.17</ele>
   </trkpt>
   <trkpt lat="42.0005" lon="3.06963">
    <ele>43.13</ele>
   </trkpt>
   <trkpt lat="42.000510000000006" lon="3.0697400000000004">
    <ele>43.13</ele>
   </trkpt>
   <trkpt lat="42.000460000000004" lon="3.0698100000000004">
    <ele>43.08</ele>
   </trkpt>
   <trkpt lat="42.000440000000005" lon="3.0698900000000005">
    <ele>42.910000000000004</ele>
   </trkpt>
   <trkpt lat="42.00054" lon="3.07018">
    <ele>41.18</ele>
   </trkpt>
   <trkpt lat="42.000490000000006" lon="3.0707700000000004">
    <ele>39.11000000000001</ele>
   </trkpt>
   <trkpt lat="42.000510000000006" lon="3.071">
    <ele>38.17</ele>
   </trkpt>
   <trkpt lat="42.00057" lon="3.0712200000000003">
    <ele>34.75</ele>
   </trkpt>
   <trkpt lat="42.00068" lon="3.0713800000000004">
    <ele>32.93</ele>
   </trkpt>
   <trkpt lat="42.00083" lon="3.0715200000000005">
    <ele>31.720000000000006</ele>
   </trkpt>
   <trkpt lat="42.000910000000005" lon="3.0716900000000003">
    <ele>31.880000000000006</ele>
   </trkpt>
   <trkpt lat="42.000840000000004" lon="3.0723100000000003">
    <ele>29.67</ele>
   </trkpt>
   <trkpt lat="42.00085000000001" lon="3.07296">
    <ele>28.19</ele>
   </trkpt>
   <trkpt lat="42.00076000000001" lon="3.0732700000000004">
    <ele>26.8</ele>
   </trkpt>
   <trkpt lat="42.000370000000004" lon="3.0741300000000003">
    <ele>24.94</ele>
   </trkpt>
   <trkpt lat="42.00014500175115" lon="3.0747600021468964">
    <ele>23.44</ele>
   </trkpt>
   <trkpt lat="41.99992" lon="3.07539">
    <ele>20.77</ele>
   </trkpt>
   <trkpt lat="41.999670001198346" lon="3.0759350023386163">
    <ele>18.830000000000002</ele>
   </trkpt>
   <trkpt lat="41.99942" lon="3.07648">
    <ele>17.63</ele>
   </trkpt>
   <trkpt lat="41.99920500196809" lon="3.0771700026454565">
    <ele>15.66</ele>
   </trkpt>
   <trkpt lat="41.998990000000006" lon="3.0778600000000003">
    <ele>14.040000000000001</ele>
   </trkpt>
   <trkpt lat="41.99869000347717" lon="3.078755004215685">
    <ele>13.750000000000002</ele>
   </trkpt>
   <trkpt lat="41.99839" lon="3.0796500000000004">
    <ele>12.860000000000001</ele>
   </trkpt>
   <trkpt lat="41.99824000165355" lon="3.080255001162985">
    <ele>12.530000000000001</ele>
   </trkpt>
   <trkpt lat="41.998090000000005" lon="3.0808600000000004">
    <ele>12.430000000000001</ele>
   </trkpt>
   <trkpt lat="41.99788" lon="3.08137">
    <ele>12.650000000000002</ele>
   </trkpt>
   <trkpt lat="41.99763500224498" lon="3.082090002785297">
    <ele>12.63</ele>
   </trkpt>
   <trkpt lat="41.99739" lon="3.0828100000000003">
    <ele>12.85</ele>
   </trkpt>
   <trkpt lat="41.997245001677136" lon="3.083435001501322">
    <ele>12.870000000000001</ele>
   </trkpt>
   <trkpt lat="41.9971" lon="3.0840600000000005">
    <ele>13.22</ele>
   </trkpt>
   <trkpt lat="41.996770000000005" lon="3.0849100000000003">
    <ele>13.9</ele>
   </trkpt>
   <trkpt lat="41.99674" lon="3.08502">
    <ele>13.9</ele>
   </trkpt>
   <trkpt lat="41.99656" lon="3.0860600000000002">
    <ele>14.950000000000001</ele>
   </trkpt>
   <trkpt lat="41.9964" lon="3.0866900000000004">
    <ele>16.3</ele>
   </trkpt>
   <trkpt lat="41.99625" lon="3.08747">
    <ele>15.56</ele>
   </trkpt>
   <trkpt lat="41.99618" lon="3.0876200000000003">
    <ele>15.150000000000002</ele>
   </trkpt>
   <trkpt lat="41.995720000000006" lon="3.0883200000000004">
    <ele>13.170000000000002</ele>
   </trkpt>
   <trkpt lat="41.99546" lon="3.0888400000000003">
    <ele>13.030000000000001</ele>
   </trkpt>
   <trkpt lat="41.99528" lon="3.0891400000000004">
    <ele>13.070000000000002</ele>
   </trkpt>
   <trkpt lat="41.9947" lon="3.0898800000000004">
    <ele>13.35</ele>
   </trkpt>
   <trkpt lat="41.994550000000004" lon="3.0900900000000004">
    <ele>13.690000000000001</ele>
   </trkpt>
   <trkpt lat="41.99448" lon="3.0902200000000004">
    <ele>13.690000000000001</ele>
   </trkpt>
   <trkpt lat="41.99443" lon="3.09046">
    <ele>13.99</ele>
   </trkpt>
   <trkpt lat="41.994400000000006" lon="3.0912">
    <ele>14.620000000000001</ele>
   </trkpt>
   <trkpt lat="41.99437" lon="3.09133">
    <ele>14.860000000000001</ele>
   </trkpt>
   <trkpt lat="41.99416" lon="3.0919000000000003">
    <ele>16.060000000000002</ele>
   </trkpt>
   <trkpt lat="41.99405" lon="3.0923100000000003">
    <ele>18.3</ele>
   </trkpt>
   <trkpt lat="41.99401" lon="3.0925900000000004">
    <ele>19.4</ele>
   </trkpt>
   <trkpt lat="41.99401" lon="3.0929400000000005">
    <ele>22.0</ele>
   </trkpt>
   <trkpt lat="41.994060000000005" lon="3.0933100000000002">
    <ele>23.46</ele>
   </trkpt>
   <trkpt lat="41.99407" lon="3.0935300000000003">
    <ele>23.83</ele>
   </trkpt>
   <trkpt lat="41.994040000000005" lon="3.09369">
    <ele>23.83</ele>
   </trkpt>
   <trkpt lat="41.993970000000004" lon="3.09384">
    <ele>25.080000000000002</ele>
   </trkpt>
   <trkpt lat="41.9936" lon="3.0944100000000003">
    <ele>27.930000000000003</ele>
   </trkpt>
   <trkpt lat="41.99322500119131" lon="3.094925002978735">
    <ele>29.93</ele>
   </trkpt>
   <trkpt lat="41.992850000000004" lon="3.0954400000000004">
    <ele>32.660000000000004</ele>
   </trkpt>
   <trkpt lat="41.99268" lon="3.0957600000000003">
    <ele>33.42</ele>
   </trkpt>
   <trkpt lat="41.992430000000006" lon="3.09663">
    <ele>35.07</ele>
   </trkpt>
   <trkpt lat="41.99217" lon="3.0971100000000003">
    <ele>36.14000000000001</ele>
   </trkpt>
   <trkpt lat="41.9919" lon="3.09728">
    <ele>37.56</ele>
   </trkpt>
   <trkpt lat="41.991780000000006" lon="3.0973">
    <ele>37.56</ele>
   </trkpt>
   <trkpt lat="41.991310000000006" lon="3.0977300000000003">
    <ele>38.650000000000006</ele>
   </trkpt>
   <trkpt lat="41.991040000000005" lon="3.0981300000000003">
    <ele>37.93000000000001</ele>
   </trkpt>
   <trkpt lat="41.990880000000004" lon="3.0986300000000004">
    <ele>36.120000000000005</ele>
   </trkpt>
   <trkpt lat="41.990880000000004" lon="3.0989400000000002">
    <ele>35.29</ele>
   </trkpt>
   <trkpt lat="41.99098" lon="3.0994900000000003">
    <ele>33.5</ele>
   </trkpt>
   <trkpt lat="41.99099500355041" lon="3.1003949995712756">
    <ele>32.440000000000005</ele>
   </trkpt>
   <trkpt lat="41.99101" lon="3.1013">
    <ele>31.71</ele>
   </trkpt>
   <trkpt lat="41.99114" lon="3.1019900000000002">
    <ele>28.03</ele>
   </trkpt>
   <trkpt lat="41.99121" lon="3.10252">
    <ele>24.35</ele>
   </trkpt>
   <trkpt lat="41.99132" lon="3.1028800000000003">
    <ele>20.330000000000002</ele>
   </trkpt>
   <trkpt lat="41.99147000000001" lon="3.10407">
    <ele>16.85</ele>
   </trkpt>
   <trkpt lat="41.99147000000001" lon="3.10406">
    <ele>16.87</ele>
   </trkpt>
   <trkpt lat="41.991550000000004" lon="3.10461">
    <ele>16.28</ele>
   </trkpt>
   <trkpt lat="41.991640000000004" lon="3.1055900000000003">
    <ele>15.790000000000001</ele>
   </trkpt>
   <trkpt lat="41.9917" lon="3.10596">
    <ele>15.47</ele>
   </trkpt>
   <trkpt lat="41.99168" lon="3.1061500000000004">
    <ele>15.47</ele>
   </trkpt>
   <trkpt lat="41.99156000000001" lon="3.1065500000000004">
    <ele>15.500000000000002</ele>
   </trkpt>
   <trkpt lat="41.99152" lon="3.1068300000000004">
    <ele>15.98</ele>
   </trkpt>
   <trkpt lat="41.991510000000005" lon="3.10711">
    <ele>16.19</ele>
   </trkpt>
   <trkpt lat="41.991530000000004" lon="3.1076500000000005">
    <ele>16.380000000000003</ele>
   </trkpt>
   <trkpt lat="41.99161000228688" lon="3.108374999143484">
    <ele>15.850000000000003</ele>
   </trkpt>
   <trkpt lat="41.991690000000006" lon="3.1091">
    <ele>14.700000000000001</ele>
   </trkpt>
   <trkpt lat="41.99143" lon="3.1092100000000005">
    <ele>14.58</ele>
   </trkpt>
   <trkpt lat="41.99105" lon="3.1094500000000003">
    <ele>15.160000000000002</ele>
   </trkpt>
   <trkpt lat="41.990990000000004" lon="3.10951">
    <ele>15.160000000000002</ele>
   </trkpt>
   <trkpt lat="41.99089" lon="3.1098000000000003">
    <ele>16.07</ele>
   </trkpt>
   <trkpt lat="41.99085" lon="3.1098500000000002">
    <ele>16.43</ele>
   </trkpt>
   <trkpt lat="41.99036" lon="3.11023">
    <ele>19.250000000000004</ele>
   </trkpt>
   <trkpt lat="41.990260000000006" lon="3.1102600000000002">
    <ele>19.58</ele>
   </trkpt>
   <trkpt lat="41.990230000000004" lon="3.1103400000000003">
    <ele>19.810000000000002</ele>
   </trkpt>
   <trkpt lat="41.99013" lon="3.1104600000000002">
    <ele>19.930000000000003</ele>
   </trkpt>
   <trkpt lat="41.989900000000006" lon="3.11084">
    <ele>19.5</ele>
   </trkpt>
   <trkpt lat="41.989790000000006" lon="3.1109000000000004">
    <ele>19.5</ele>
   </trkpt>
   <trkpt lat="41.98955" lon="3.11093">
    <ele>19.090000000000003</ele>
   </trkpt>
   <trkpt lat="41.989290000000004" lon="3.11086">
    <ele>19.040000000000003</ele>
   </trkpt>
   <trkpt lat="41.988890000000005" lon="3.1107000000000005">
    <ele>19.540000000000003</ele>
   </trkpt>
   <trkpt lat="41.988850000000006" lon="3.11066">
    <ele>19.770000000000003</ele>
   </trkpt>
   <trkpt lat="41.98879" lon="3.1105400000000003">
    <ele>20.060000000000002</ele>
   </trkpt>
   <trkpt lat="41.988760000000006" lon="3.1103">
    <ele>20.810000000000002</ele>
   </trkpt>
   <trkpt lat="41.98854" lon="3.1102900000000004">
    <ele>20.32</ele>
   </trkpt>
   <trkpt lat="41.98812" lon="3.11032">
    <ele>20.07</ele>
   </trkpt>
   <trkpt lat="41.987410000000004" lon="3.1104900000000004">
    <ele>18.87</ele>
   </trkpt>
   <trkpt lat="41.986610000000006" lon="3.11058">
    <ele>18.88</ele>
   </trkpt>
   <trkpt lat="41.986064999771045" lon="3.110690000998464">
    <ele>19.12</ele>
   </trkpt>
   <trkpt lat="41.98552" lon="3.1108000000000002">
    <ele>19.48</ele>
   </trkpt>
   <trkpt lat="41.985240000000005" lon="3.1109000000000004">
    <ele>19.73</ele>
   </trkpt>
   <trkpt lat="41.98503" lon="3.1110300000000004">
    <ele>20.200000000000003</ele>
   </trkpt>
   <trkpt lat="41.98462000077878" lon="3.111440002590906">
    <ele>21.380000000000003</ele>
   </trkpt>
   <trkpt lat="41.984210000000004" lon="3.1118500000000004">
    <ele>23.82</ele>
   </trkpt>
   <trkpt lat="41.98407" lon="3.1118900000000003">
    <ele>24.16</ele>
   </trkpt>
   <trkpt lat="41.98326000000054" lon="3.1119750010845766">
    <ele>25.78</ele>
   </trkpt>
   <trkpt lat="41.98245" lon="3.11206">
    <ele>25.92</ele>
   </trkpt>
   <trkpt lat="41.98201" lon="3.11207">
    <ele>26.64</ele>
   </trkpt>
   <trkpt lat="41.98183" lon="3.1120500000000004">
    <ele>26.860000000000003</ele>
   </trkpt>
   <trkpt lat="41.981365000013994" lon="3.1119499992634094">
    <ele>27.990000000000002</ele>
   </trkpt>
   <trkpt lat="41.980900000000005" lon="3.1118500000000004">
    <ele>29.110000000000003</ele>
   </trkpt>
   <trkpt lat="41.980380000000004" lon="3.1117700000000004">
    <ele>30.2</ele>
   </trkpt>
   <trkpt lat="41.9801" lon="3.1117500000000002">
    <ele>30.37</ele>
   </trkpt>
   <trkpt lat="41.97993" lon="3.1117700000000004">
    <ele>30.79</ele>
   </trkpt>
   <trkpt lat="41.97943500003499" lon="3.1118650007392663">
    <ele>31.22</ele>
   </trkpt>
   <trkpt lat="41.97894" lon="3.1119600000000003">
    <ele>31.92</ele>
   </trkpt>
   <trkpt lat="41.97865" lon="3.1120400000000004">
    <ele>32.64</ele>
   </trkpt>
   <trkpt lat="41.978590000000004" lon="3.11207">
    <ele>32.64</ele>
   </trkpt>
   <trkpt lat="41.978480000000005" lon="3.1121800000000004">
    <ele>32.910000000000004</ele>
   </trkpt>
   <trkpt lat="41.97831" lon="3.11241">
    <ele>33.550000000000004</ele>
   </trkpt>
   <trkpt lat="41.97813" lon="3.1127200000000004">
    <ele>34.04</ele>
   </trkpt>
   <trkpt lat="41.977990000000005" lon="3.11282">
    <ele>34.03</ele>
   </trkpt>
   <trkpt lat="41.97777000000001" lon="3.11288">
    <ele>34.38</ele>
   </trkpt>
   <trkpt lat="41.97717" lon="3.11295">
    <ele>35.620000000000005</ele>
   </trkpt>
   <trkpt lat="41.976760000000006" lon="3.11289">
    <ele>36.86000000000001</ele>
   </trkpt>
   <trkpt lat="41.97588000001806" lon="3.1129700011062846">
    <ele>37.3</ele>
   </trkpt>
   <trkpt lat="41.975" lon="3.1130500000000003">
    <ele>39.16</ele>
   </trkpt>
   <trkpt lat="41.97449" lon="3.11337">
    <ele>39.6</ele>
   </trkpt>
   <trkpt lat="41.974450000000004" lon="3.1134000000000004">
    <ele>39.6</ele>
   </trkpt>
   <trkpt lat="41.97381" lon="3.1134000000000004">
    <ele>41.28</ele>
   </trkpt>
   <trkpt lat="41.973110000000005" lon="3.11302">
    <ele>44.550000000000004</ele>
   </trkpt>
   <trkpt lat="41.972840000000005" lon="3.11276">
    <ele>46.160000000000004</ele>
   </trkpt>
   <trkpt lat="41.972640000000006" lon="3.1122400000000003">
    <ele>49.85</ele>
   </trkpt>
   <trkpt lat="41.972570000000005" lon="3.1121900000000005">
    <ele>49.970000000000006</ele>
   </trkpt>
   <trkpt lat="41.97218" lon="3.1123000000000003">
    <ele>49.77</ele>
   </trkpt>
   <trkpt lat="41.971920000000004" lon="3.1124">
    <ele>49.77</ele>
   </trkpt>
   <trkpt lat="41.971470000000004" lon="3.1124500000000004">
    <ele>49.64</ele>
   </trkpt>
   <trkpt lat="41.97113" lon="3.1124300000000003">
    <ele>49.510000000000005</ele>
   </trkpt>
   <trkpt lat="41.970980000000004" lon="3.11261">
    <ele>49.02</ele>
   </trkpt>
   <trkpt lat="41.97099" lon="3.1127300000000004">
    <ele>48.68</ele>
   </trkpt>
   <trkpt lat="41.97131" lon="3.1138200000000005">
    <ele>47.07</ele>
   </trkpt>
   <trkpt lat="41.97153" lon="3.1143300000000003">
    <ele>47.14</ele>
   </trkpt>
   <trkpt lat="41.97186000000001" lon="3.11493">
    <ele>47.790000000000006</ele>
   </trkpt>
   <trkpt lat="41.971990000000005" lon="3.1151000000000004">
    <ele>47.470000000000006</ele>
   </trkpt>
   <trkpt lat="41.972120000000004" lon="3.1153700000000004">
    <ele>47.00000000000001</ele>
   </trkpt>
   <trkpt lat="41.97218" lon="3.1156">
    <ele>46.64</ele>
   </trkpt>
   <trkpt lat="41.97218" lon="3.11574">
    <ele>46.50000000000001</ele>
   </trkpt>
   <trkpt lat="41.97214" lon="3.1160400000000004">
    <ele>46.45</ele>
   </trkpt>
   <trkpt lat="41.972150000000006" lon="3.11628">
    <ele>46.470000000000006</ele>
   </trkpt>
   <trkpt lat="41.97227" lon="3.11694">
    <ele>47.11000000000001</ele>
   </trkpt>
   <trkpt lat="41.972390000000004" lon="3.1174700000000004">
    <ele>48.440000000000005</ele>
   </trkpt>
   <trkpt lat="41.9724" lon="3.11763">
    <ele>49.86</ele>
   </trkpt>
   <trkpt lat="41.97231" lon="3.11871">
    <ele>51.83</ele>
   </trkpt>
   <trkpt lat="41.97219500150474" lon="3.1192950009553586">
    <ele>48.53</ele>
   </trkpt>
   <trkpt lat="41.972080000000005" lon="3.11988">
    <ele>46.07000000000001</ele>
   </trkpt>
   <trkpt lat="41.972080000000005" lon="3.12007">
    <ele>44.730000000000004</ele>
   </trkpt>
   <trkpt lat="41.97211" lon="3.1203100000000004">
    <ele>43.7</ele>
   </trkpt>
   <trkpt lat="41.97211" lon="3.1204500000000004">
    <ele>43.33</ele>
   </trkpt>
   <trkpt lat="41.97207" lon="3.12054">
    <ele>42.88</ele>
   </trkpt>
   <trkpt lat="41.97191" lon="3.12067">
    <ele>41.800000000000004</ele>
   </trkpt>
   <trkpt lat="41.971810000000005" lon="3.1207900000000004">
    <ele>40.78</ele>
   </trkpt>
   <trkpt lat="41.97175" lon="3.12109">
    <ele>39.61000000000001</ele>
   </trkpt>
   <trkpt lat="41.97169" lon="3.1212500000000003">
    <ele>39.540000000000006</ele>
   </trkpt>
   <trkpt lat="41.971360000000004" lon="3.1216000000000004">
    <ele>38.55</ele>
   </trkpt>
   <trkpt lat="41.971320000000006" lon="3.1222200000000004">
    <ele>35.11</ele>
   </trkpt>
   <trkpt lat="41.970980002574365" lon="3.123000004313537">
    <ele>33.400000000000006</ele>
   </trkpt>
   <trkpt lat="41.97064" lon="3.1237800000000004">
    <ele>34.42000000000001</ele>
   </trkpt>
   <trkpt lat="41.970470000000006" lon="3.12408">
    <ele>35.33</ele>
   </trkpt>
   <trkpt lat="41.970270000000006" lon="3.1243000000000003">
    <ele>35.59</ele>
   </trkpt>
   <trkpt lat="41.97008" lon="3.12442">
    <ele>35.71000000000001</ele>
   </trkpt>
   <trkpt lat="41.970000000000006" lon="3.1245200000000004">
    <ele>35.64000000000001</ele>
   </trkpt>
   <trkpt lat="41.96994" lon="3.1246500000000004">
    <ele>35.17</ele>
   </trkpt>
   <trkpt lat="41.969930000000005" lon="3.12481">
    <ele>34.65</ele>
   </trkpt>
   <trkpt lat="41.96999" lon="3.1249900000000004">
    <ele>33.300000000000004</ele>
   </trkpt>
   <trkpt lat="41.97005" lon="3.12508">
    <ele>33.300000000000004</ele>
   </trkpt>
   <trkpt lat="41.97014" lon="3.12537">
    <ele>31.970000000000006</ele>
   </trkpt>
   <trkpt lat="41.97021" lon="3.1254600000000003">
    <ele>31.970000000000006</ele>
   </trkpt>
   <trkpt lat="41.97045000000001" lon="3.12563">
    <ele>30.44</ele>
   </trkpt>
   <trkpt lat="41.971230000000006" lon="3.1259300000000003">
    <ele>27.48</ele>
   </trkpt>
   <trkpt lat="41.971500000000006" lon="3.12605">
    <ele>26.340000000000003</ele>
   </trkpt>
   <trkpt lat="41.971540000000005" lon="3.1261300000000003">
    <ele>26.340000000000003</ele>
   </trkpt>
   <trkpt lat="41.97135" lon="3.1263900000000002">
    <ele>26.390000000000004</ele>
   </trkpt>
   <trkpt lat="41.971410000000006" lon="3.1267400000000003">
    <ele>25.14</ele>
   </trkpt>
   <trkpt lat="41.971470000000004" lon="3.12752">
    <ele>21.630000000000003</ele>
   </trkpt>
   <trkpt lat="41.971450000000004" lon="3.1277700000000004">
    <ele>20.400000000000002</ele>
   </trkpt>
   <trkpt lat="41.9714" lon="3.1280500000000004">
    <ele>19.790000000000003</ele>
   </trkpt>
   <trkpt lat="41.97133" lon="3.12821">
    <ele>19.48</ele>
   </trkpt>
   <trkpt lat="41.971120000000006" lon="3.12903">
    <ele>17.36</ele>
   </trkpt>
   <trkpt lat="41.97113" lon="3.12936">
    <ele>16.84</ele>
   </trkpt>
   <trkpt lat="41.97119500204207" lon="3.1300449993655626">
    <ele>15.860000000000003</ele>
   </trkpt>
   <trkpt lat="41.97126" lon="3.1307300000000002">
    <ele>14.910000000000002</ele>
   </trkpt>
   <trkpt lat="41.971410000000006" lon="3.13167">
    <ele>13.35</ele>
   </trkpt>
   <trkpt lat="41.97153" lon="3.13221">
    <ele>12.67</ele>
   </trkpt>
   <trkpt lat="41.971650000000004" lon="3.13302">
    <ele>11.930000000000001</ele>
   </trkpt>
   <trkpt lat="41.97164" lon="3.1332400000000002">
    <ele>11.930000000000001</ele>
   </trkpt>
   <trkpt lat="41.97158" lon="3.13371">
    <ele>11.920000000000002</ele>
   </trkpt>
   <trkpt lat="41.97137" lon="3.13459">
    <ele>12.820000000000002</ele>
   </trkpt>
   <trkpt lat="41.97129" lon="3.1349400000000003">
    <ele>13.240000000000002</ele>
   </trkpt>
   <trkpt lat="41.97124000473951" lon="3.135985000793914">
    <ele>12.75</ele>
   </trkpt>
   <trkpt lat="41.97119" lon="3.13703">
    <ele>12.200000000000001</ele>
   </trkpt>
   <trkpt lat="41.97106500157435" lon="3.1376400013930867">
    <ele>12.13</ele>
   </trkpt>
   <trkpt lat="41.970940000000006" lon="3.13825">
    <ele>11.91</ele>
   </trkpt>
   <trkpt lat="41.97072" lon="3.13912">
    <ele>11.35</ele>
   </trkpt>
   <trkpt lat="41.970620000000004" lon="3.13999">
    <ele>10.88</ele>
   </trkpt>
   <trkpt lat="41.970470000000006" lon="3.14082">
    <ele>10.88</ele>
   </trkpt>
   <trkpt lat="41.97045000000001" lon="3.1419500000000005">
    <ele>10.39</ele>
   </trkpt>
   <trkpt lat="41.970400000000005" lon="3.1421500000000004">
    <ele>10.520000000000001</ele>
   </trkpt>
   <trkpt lat="41.970290000000006" lon="3.14236">
    <ele>11.47</ele>
   </trkpt>
   <trkpt lat="41.97026" lon="3.14243">
    <ele>11.91</ele>
   </trkpt>
   <trkpt lat="41.97008" lon="3.1426700000000003">
    <ele>14.120000000000001</ele>
   </trkpt>
   <trkpt lat="41.96996" lon="3.1428900000000004">
    <ele>17.19</ele>
   </trkpt>
   <trkpt lat="41.96998000000001" lon="3.1432">
    <ele>19.630000000000003</ele>
   </trkpt>
   <trkpt lat="41.96997" lon="3.1434200000000003">
    <ele>26.7</ele>
   </trkpt>
   <trkpt lat="41.96999" lon="3.1434800000000003">
    <ele>27.53</ele>
   </trkpt>
   <trkpt lat="41.970040000000004" lon="3.1435000000000004">
    <ele>28.23</ele>
   </trkpt>
   <trkpt lat="41.970180000000006" lon="3.1438400000000004">
    <ele>31.67</ele>
   </trkpt>
   <trkpt lat="41.97026" lon="3.14381">
    <ele>32.0</ele>
   </trkpt>
   <trkpt lat="41.97037" lon="3.1440900000000003">
    <ele>33.510000000000005</ele>
   </trkpt>
   <trkpt lat="41.97041" lon="3.14426">
    <ele>35.57</ele>
   </trkpt>
   <trkpt lat="41.970330000000004" lon="3.14428">
    <ele>35.57</ele>
   </trkpt>
   <trkpt lat="41.97026" lon="3.14441">
    <ele>34.800000000000004</ele>
   </trkpt>
   <trkpt lat="41.970240000000004" lon="3.1445000000000003">
    <ele>34.800000000000004</ele>
   </trkpt>
   <trkpt lat="41.97023" lon="3.14467">
    <ele>33.93</ele>
   </trkpt>
   <trkpt lat="41.970180000000006" lon="3.1447000000000003">
    <ele>33.93</ele>
   </trkpt>
   <trkpt lat="41.97016" lon="3.1450000000000005">
    <ele>32.690000000000005</ele>
   </trkpt>
   <trkpt lat="41.970090000000006" lon="3.14564">
    <ele>27.970000000000002</ele>
   </trkpt>
   <trkpt lat="41.96997" lon="3.1458500000000003">
    <ele>27.32</ele>
   </trkpt>
   <trkpt lat="41.96945" lon="3.1464600000000003">
    <ele>24.790000000000003</ele>
   </trkpt>
   <trkpt lat="41.9694" lon="3.1464800000000004">
    <ele>24.790000000000003</ele>
   </trkpt>
   <trkpt lat="41.96938" lon="3.14652">
    <ele>24.6</ele>
   </trkpt>
   <trkpt lat="41.9694" lon="3.14663">
    <ele>24.330000000000002</ele>
   </trkpt>
   <trkpt lat="41.969530000000006" lon="3.1469600000000004">
    <ele>23.96</ele>
   </trkpt>
   <trkpt lat="41.969530000000006" lon="3.1472">
    <ele>23.57</ele>
   </trkpt>
   <trkpt lat="41.96958" lon="3.1477000000000004">
    <ele>22.92</ele>
   </trkpt>
   <trkpt lat="41.96901000003406" lon="3.1477950008508917">
    <ele>23.250000000000004</ele>
   </trkpt>
   <trkpt lat="41.96844" lon="3.1478900000000003">
    <ele>23.990000000000002</ele>
   </trkpt>
   <trkpt lat="41.968450000000004" lon="3.1483800000000004">
    <ele>24.37</ele>
   </trkpt>
   <trkpt lat="41.969050000023316" lon="3.1484849990067403">
    <ele>23.83</ele>
   </trkpt>
   <trkpt lat="41.96965" lon="3.1485900000000004">
    <ele>23.380000000000003</ele>
   </trkpt>
   <trkpt lat="41.96978" lon="3.1497">
    <ele>22.72</ele>
   </trkpt>
   <trkpt lat="41.969860000000004" lon="3.1501300000000003">
    <ele>22.79</ele>
   </trkpt>
   <trkpt lat="41.969882513541975" lon="3.151149998886409">
    <ele>23.860000000000003</ele>
   </trkpt>
   <trkpt lat="41.969905018055485" lon="3.152169998493664">
    <ele>26.64</ele>
   </trkpt>
   <trkpt lat="41.96992751354055" lon="3.1531899988214764">
    <ele>26.71</ele>
   </trkpt>
   <trkpt lat="41.969950000000004" lon="3.1542100000000004">
    <ele>30.42</ele>
   </trkpt>
   <trkpt lat="41.97021" lon="3.15499">
    <ele>33.190000000000005</ele>
   </trkpt>
   <trkpt lat="41.970240000000004" lon="3.15524">
    <ele>33.620000000000005</ele>
   </trkpt>
   <trkpt lat="41.970220000000005" lon="3.1556200000000003">
    <ele>35.51</ele>
   </trkpt>
   <trkpt lat="41.970150000000004" lon="3.15593">
    <ele>36.1</ele>
   </trkpt>
   <trkpt lat="41.970040000000004" lon="3.15614">
    <ele>36.25000000000001</ele>
   </trkpt>
   <trkpt lat="41.969840000000005" lon="3.1564">
    <ele>36.86000000000001</ele>
   </trkpt>
   <trkpt lat="41.96965" lon="3.1566">
    <ele>36.86000000000001</ele>
   </trkpt>
   <trkpt lat="41.96923" lon="3.1568500000000004">
    <ele>37.58</ele>
   </trkpt>
   <trkpt lat="41.96911" lon="3.1570600000000004">
    <ele>37.8</ele>
   </trkpt>
   <trkpt lat="41.968990000000005" lon="3.1573">
    <ele>37.92</ele>
   </trkpt>
   <trkpt lat="41.968900000000005" lon="3.15757">
    <ele>37.790000000000006</ele>
   </trkpt>
   <trkpt lat="41.96871" lon="3.1579900000000003">
    <ele>37.88</ele>
   </trkpt>
   <trkpt lat="41.968410000000006" lon="3.1584700000000003">
    <ele>38.21</ele>
   </trkpt>
   <trkpt lat="41.96822" lon="3.1586900000000004">
    <ele>38.52</ele>
   </trkpt>
   <trkpt lat="41.96800000157071" lon="3.1592900020483294">
    <ele>39.940000000000005</ele>
   </trkpt>
   <trkpt lat="41.967780000000005" lon="3.1598900000000003">
    <ele>43.29</ele>
   </trkpt>
   <trkpt lat="41.96772000677292" lon="3.1607733349707035">
    <ele>47.68000000000001</ele>
   </trkpt>
   <trkpt lat="41.9676600067747" lon="3.161656668277594">
    <ele>50.85000000000001</ele>
   </trkpt>
   <trkpt lat="41.967600000000004" lon="3.1625400000000004">
    <ele>53.32000000000001</ele>
   </trkpt>
   <trkpt lat="41.967600000000004" lon="3.16297">
    <ele>54.580000000000005</ele>
   </trkpt>
   <trkpt lat="41.967650000000006" lon="3.1632100000000003">
    <ele>54.39000000000001</ele>
   </trkpt>
   <trkpt lat="41.967690000000005" lon="3.16332">
    <ele>54.19</ele>
   </trkpt>
   <trkpt lat="41.96779" lon="3.1634">
    <ele>52.910000000000004</ele>
   </trkpt>
   <trkpt lat="41.967980000000004" lon="3.1635000000000004">
    <ele>50.120000000000005</ele>
   </trkpt>
   <trkpt lat="41.96824" lon="3.1635700000000004">
    <ele>48.160000000000004</ele>
   </trkpt>
   <trkpt lat="41.96849" lon="3.1636100000000003">
    <ele>48.6</ele>
   </trkpt>
   <trkpt lat="41.96897000017712" lon="3.163505000762894">
    <ele>50.120000000000005</ele>
   </trkpt>
   <trkpt lat="41.96945" lon="3.1634">
    <ele>52.730000000000004</ele>
   </trkpt>
   <trkpt lat="41.969590000000004" lon="3.16433">
    <ele>56.910000000000004</ele>
   </trkpt>
   <trkpt lat="41.96954" lon="3.16448">
    <ele>57.400000000000006</ele>
   </trkpt>
   <trkpt lat="41.96945" lon="3.1646400000000003">
    <ele>57.53</ele>
   </trkpt>
   <trkpt lat="41.96932" lon="3.16467">
    <ele>57.42</ele>
   </trkpt>
   <trkpt lat="41.96916" lon="3.1645700000000003">
    <ele>57.040000000000006</ele>
   </trkpt>
   <trkpt lat="41.968970000000006" lon="3.1648500000000004">
    <ele>57.230000000000004</ele>
   </trkpt>
   <trkpt lat="41.96884" lon="3.1652700000000005">
    <ele>58.370000000000005</ele>
   </trkpt>
   <trkpt lat="41.96878" lon="3.1656700000000004">
    <ele>59.49000000000001</ele>
   </trkpt>
   <trkpt lat="41.968810000000005" lon="3.16604">
    <ele>59.71000000000001</ele>
   </trkpt>
   <trkpt lat="41.968810000000005" lon="3.1663400000000004">
    <ele>59.0</ele>
   </trkpt>
   <trkpt lat="41.96885" lon="3.16658">
    <ele>58.760000000000005</ele>
   </trkpt>
   <trkpt lat="41.968740000000004" lon="3.16685">
    <ele>59.27</ele>
   </trkpt>
   <trkpt lat="41.96869" lon="3.16718">
    <ele>60.79</ele>
   </trkpt>
   <trkpt lat="41.968700000000005" lon="3.1675000000000004">
    <ele>61.4</ele>
   </trkpt>
   <trkpt lat="41.968680000000006" lon="3.16758">
    <ele>61.68000000000001</ele>
   </trkpt>
   <trkpt lat="41.968610000000005" lon="3.1676100000000003">
    <ele>60.83</ele>
   </trkpt>
   <trkpt lat="41.968500000000006" lon="3.1675700000000004">
    <ele>59.52</ele>
   </trkpt>
   <trkpt lat="41.968360000000004" lon="3.1675600000000004">
    <ele>58.64</ele>
   </trkpt>
   <trkpt lat="41.96828" lon="3.1676300000000004">
    <ele>58.45</ele>
   </trkpt>
   <trkpt lat="41.968" lon="3.16799">
    <ele>59.81</ele>
   </trkpt>
   <trkpt lat="41.967850000000006" lon="3.16834">
    <ele>62.88</ele>
   </trkpt>
   <trkpt lat="41.96786" lon="3.1684400000000004">
    <ele>62.88</ele>
   </trkpt>
   <trkpt lat="41.968120000000006" lon="3.1688400000000003">
    <ele>66.73</ele>
   </trkpt>
   <trkpt lat="41.968270000000004" lon="3.1690300000000002">
    <ele>71.97</ele>
   </trkpt>
   <trkpt lat="41.968320000000006" lon="3.1692500000000003">
    <ele>71.97</ele>
   </trkpt>
   <trkpt lat="41.96837" lon="3.16934">
    <ele>73.82000000000001</ele>
   </trkpt>
   <trkpt lat="41.968430000000005" lon="3.16941">
    <ele>73.82000000000001</ele>
   </trkpt>
   <trkpt lat="41.96857000000001" lon="3.16949">
    <ele>76.01</ele>
   </trkpt>
   <trkpt lat="41.969010000000004" lon="3.16962">
    <ele>78.89</ele>
   </trkpt>
   <trkpt lat="41.969" lon="3.16961">
    <ele>78.84</ele>
   </trkpt>
   <trkpt lat="41.969080000000005" lon="3.1696400000000002">
    <ele>79.53999999999999</ele>
   </trkpt>
   <trkpt lat="41.969370000000005" lon="3.1699300000000004">
    <ele>82.07000000000001</ele>
   </trkpt>
   <trkpt lat="41.969480000000004" lon="3.1699900000000003">
    <ele>82.85000000000001</ele>
   </trkpt>
   <trkpt lat="41.97001" lon="3.1701400000000004">
    <ele>86.36</ele>
   </trkpt>
   <trkpt lat="41.970000000000006" lon="3.1702600000000003">
    <ele>86.59</ele>
   </trkpt>
   <trkpt lat="41.96988" lon="3.1706900000000005">
    <ele>85.38000000000001</ele>
   </trkpt>
   <trkpt lat="41.96983" lon="3.17097">
    <ele>84.64</ele>
   </trkpt>
   <trkpt lat="41.969860000000004" lon="3.1715000000000004">
    <ele>83.32000000000001</ele>
   </trkpt>
   <trkpt lat="41.96979" lon="3.17167">
    <ele>82.79</ele>
   </trkpt>
  </trkseg>
 </trk>
</gpx>
